id,tv,radio,social_media,influencer,sales
0,11124.31,6906.88,2907.98,Mega,34660.95
1,102.79,12676.45,2409.57,Mega,15456.04
2,45774.58,14914.53,2913.41,Mega,63816.23
3,65232.46,32016.26,6922.3,Mega,189884.07
4,11376.1,5490.95,1406.0,Micro,22198.2
5,40583.98,11999.3,1027.16,Mega,67744.72
6,54064.46,14125.79,4273.6,Micro,91904.1
7,30221.43,14291.12,2289.85,Nano,35076.75
8,60356.57,28263.0,7130.12,Macro,101202.65
9,5359.62,488.2,2229.42,Mega,27067.45
10,38953.58,22981.32,5151.48,Nano,130407.7
11,55584.3,22292.69,3194.92,Mega,61811.13
12,55991.67,11668.59,3921.15,Micro,112967.29
13,49915.64,134.46,2372.71,Nano,80885.28
14,34367.91,2598.37,60.4,Nano,81853.32
15,44937.21,11916.66,940.8,Mega,92526.98
16,15984.55,9291.35,1853.22,Micro,35160.51
17,112023.94,20071.54,3674.3,Macro,176185.67
18,86732.64,53502.86,4636.56,Nano,183007.26
19,39434.3,15485.98,3884.58,Macro,58156.84
20,45883.54,44510.05,2832.45,Macro,118071.09
21,21584.56,2077.12,4556.7,Micro,60883.06
22,118439.09,44257.96,6886.53,Nano,199160.84
23,100575.82,26257.45,1227.18,Micro,141279.75
24,59146.81,12869.5,4060.78,Nano,64740.59
25,29801.13,4418.07,2179.48,Micro,52993.74
26,39334.84,10126.09,3055.76,Mega,39898.6
27,28386.51,16407.51,1971.18,Nano,81147.11
28,59253.97,31163.54,5573.09,Mega,146148.14
29,87504.13,44253.82,6432.0,Micro,149519.8
30,21195.03,5089.77,3558.31,Nano,23086.95
31,97632.62,17752.06,5263.65,Micro,175195.93
32,58189.63,12478.66,2814.01,Mega,76741.91
33,32693.5,15732.62,1905.04,Mega,95771.32
34,47128.0,14854.13,4079.29,Nano,65663.38
35,43575.49,16119.23,6199.77,Mega,119881.44
36,58021.05,19150.84,2188.93,Macro,146490.71
37,98985.48,22309.38,3419.67,Macro,104736.82
38,70358.45,16653.38,2593.7,Macro,76539.51
39,114229.98,33789.56,5611.22,Macro,181569.06
40,87887.78,10743.54,3223.65,Micro,126503.63
41,109981.69,47726.51,8529.6,Mega,213014.75
42,49431.49,9227.19,679.28,Macro,54487.87
43,8485.16,8778.98,1591.12,Macro,19303.74
44,18762.94,868.35,2676.08,Micro,59340.47
45,33578.85,9204.32,41.49,Macro,57477.79
46,20198.64,6272.11,2566.79,Mega,57313.0
47,15407.0,20737.71,463.28,Macro,69222.59
48,74318.28,52617.19,7236.17,Mega,175925.07
49,102784.77,42065.41,8697.49,Nano,144427.8
50,58741.18,14333.06,3373.81,Mega,83658.7
51,44980.87,29465.01,2087.91,Micro,107929.83
52,3799.92,4678.3,2400.12,Micro,21128.11
53,44217.52,5329.32,1729.67,Macro,70095.74
54,10601.54,4901.97,413.97,Mega,16499.39
55,27854.36,6051.31,2442.17,Macro,39925.31
56,16468.47,13202.79,3356.11,Nano,18969.75
57,82860.12,42999.85,6096.74,Mega,107945.39
58,115526.3,34144.25,6109.37,Macro,157242.11
59,38687.75,22533.64,2638.64,Mega,102770.58
60,40401.9,4708.13,2527.85,Nano,90888.34
61,52181.56,5778.75,358.47,Micro,118146.17
62,94815.18,23337.22,3952.45,Mega,140218.19
63,19161.29,25654.19,4529.93,Mega,26134.23
64,74990.59,23900.98,8080.73,Nano,188899.89
65,69307.9,21870.99,6546.16,Mega,227647.88
66,23175.03,1372.43,1077.72,Mega,26987.8
67,69165.75,12137.54,6741.38,Micro,108536.8
68,55073.51,15277.05,4587.7,Macro,84786.65
69,71134.47,23860.05,5514.19,Nano,101567.01
70,106235.24,13026.86,3212.25,Macro,123727.39
71,42437.41,16756.1,4117.63,Micro,101898.36
72,41761.73,22363.89,3239.27,Mega,80188.8
73,119562.12,25391.87,6063.46,Mega,123758.33
74,53818.27,14608.9,827.55,Mega,68898.53
75,27211.65,8074.45,2414.19,Nano,19387.91
76,89264.08,19187.66,2642.5,Mega,165762.01
77,15251.99,4913.5,2136.63,Mega,26123.45
78,68838.9,35083.21,3590.09,Nano,152258.46
79,24342.95,9670.87,3818.83,Mega,84269.53
80,675.63,1688.53,1305.73,Mega,19706.72
81,58479.74,71122.91,9322.96,Micro,161380.91
82,109093.73,41502.87,3698.66,Nano,219423.51
83,30346.59,15144.13,4034.66,Macro,51257.84
84,74147.49,48173.04,6398.28,Mega,130956.28
85,128495.41,49707.2,5789.3,Micro,198276.93
86,27016.86,11040.01,1915.52,Macro,62567.4
87,16967.82,833.66,2359.2,Mega,67039.77
88,10125.42,3067.66,4208.32,Mega,38538.21
89,73849.29,18830.83,3215.46,Micro,174991.21
90,20377.99,9314.42,4187.83,Micro,19640.45
91,58350.78,18499.72,7673.64,Micro,187475.94
92,6942.14,3961.13,328.47,Nano,26722.42
93,27581.89,18054.1,3797.37,Nano,91469.58
94,43995.23,10284.86,558.84,Macro,64049.31
95,37041.57,12815.21,2766.35,Macro,76599.26
96,116688.74,25894.68,3327.27,Nano,172004.64
97,18629.22,8769.03,4377.59,Mega,82802.74
98,25862.17,6389.22,338.0,Macro,52020.74
99,27882.66,7926.1,3279.48,Macro,61315.35
100,103769.69,17727.42,2261.41,Mega,194917.52
101,96149.94,35477.58,6765.66,Nano,172620.38
102,46806.1,15725.35,3290.82,Nano,116128.34
103,103684.84,28481.69,2924.28,Nano,133234.99
104,113308.01,45590.33,4610.93,Macro,110078.08
105,53283.75,13619.2,2642.41,Macro,109919.46
106,20081.98,22886.17,4337.63,Nano,64534.98
107,26437.41,4964.16,3.18,Micro,42145.36
108,53490.14,11047.67,2367.56,Macro,103900.61
109,40919.26,22722.32,3306.71,Macro,82603.84
110,56950.97,28154.56,2060.72,Micro,109152.8
111,59201.78,10089.31,1998.22,Mega,89483.28
112,97330.34,27778.19,4540.9,Macro,118973.76
113,67484.77,22849.11,1049.37,Micro,163730.2
114,129987.47,51841.82,8091.61,Mega,135739.26
115,40832.8,19185.69,1501.45,Nano,92141.33
116,72344.84,27050.18,2162.5,Mega,152131.19
117,28005.91,7147.74,1605.21,Macro,53875.16
118,13422.14,18280.57,3986.57,Macro,62926.52
119,35806.66,29672.28,5087.02,Micro,106575.61
120,29891.19,5085.02,1415.64,Mega,43164.29
121,39550.27,6937.97,1652.76,Mega,62922.9
122,97197.88,49555.49,5273.16,Mega,167081.93
123,17378.6,715.5,5286.68,Mega,35317.1
124,52691.8,20795.35,4889.99,Macro,50635.7
125,32129.72,4570.62,903.06,Micro,85846.33
126,7962.94,5419.11,286.04,Micro,25320.38
127,41750.84,19618.04,1320.08,Mega,80193.26
128,34661.76,9933.34,887.76,Macro,50509.95
129,63009.23,31661.09,1495.6,Nano,151289.36
130,50720.02,41383.46,1520.8,Mega,148869.34
131,67632.28,21238.17,3529.27,Nano,83424.02
132,82488.31,29201.64,8980.23,Micro,202594.39
133,126350.45,32686.55,9997.47,Nano,197561.44
134,55364.64,44213.12,7776.98,Nano,147505.22
135,79620.82,24492.86,5708.1,Mega,165290.7
136,39793.68,22552.18,792.2,Mega,51923.63
137,67228.74,10390.01,1503.08,Macro,98475.38
138,43750.77,14887.69,932.53,Macro,35646.18
139,44525.01,25544.03,1506.11,Micro,155025.99
140,15836.62,8418.63,3298.36,Micro,60608.03
141,6265.91,11851.5,608.82,Mega,39285.56
142,104710.14,17796.49,4479.87,Nano,116345.04
143,55878.41,25708.27,6157.7,Micro,91408.73
144,10039.7,9916.21,1558.21,Micro,33344.08
145,25858.35,10032.92,181.47,Nano,50243.23
146,70672.62,11653.01,4895.17,Micro,105404.99
147,64139.89,15027.41,4152.02,Nano,117961.15
148,103114.76,19546.98,7359.71,Micro,183936.28
149,51114.24,21706.47,2229.81,Micro,99897.07
150,16631.27,497.91,527.88,Nano,20352.4
151,1916.83,1527.32,1444.59,Nano,46915.08
152,20824.77,8250.96,672.96,Micro,46370.95
153,78493.53,25808.78,5657.55,Nano,117141.05
154,26573.36,5853.78,874.16,Macro,43360.09
155,23071.99,17548.71,795.73,Micro,83797.86
156,60059.41,26193.25,6543.31,Mega,83812.75
157,56693.11,20049.81,5036.28,Nano,98823.93
158,60093.11,17506.57,3357.79,Macro,105338.43
159,27908.8,10810.1,4346.78,Mega,77871.9
160,47141.11,32845.52,5066.58,Mega,124586.83
161,105516.13,13020.97,968.98,Nano,153055.17
162,66783.12,21175.57,4007.45,Nano,90442.04
163,72860.89,34287.24,5914.87,Micro,179428.3
164,51788.78,12828.6,1130.12,Macro,41873.5
165,121358.25,34110.34,3436.48,Mega,149608.02
166,76626.26,27514.27,5671.69,Mega,140445.71
167,62851.65,25877.98,7596.29,Nano,169801.9
168,59501.81,13729.0,3766.6,Micro,111690.45
169,112840.14,33779.9,1524.06,Macro,162692.48
170,54695.86,14835.1,3056.3,Macro,130747.33
171,43690.28,9828.17,2956.73,Micro,45813.64
172,75637.31,30318.7,7724.05,Macro,146157.07
173,95860.94,23957.47,8823.31,Macro,160366.15
174,36033.82,5043.06,962.94,Nano,63419.41
175,61662.94,30138.44,2475.1,Macro,165444.15
176,28647.63,9208.25,1310.03,Macro,73028.31
177,78793.03,30923.37,7467.94,Nano,94395.66
178,17299.29,12841.54,2205.88,Macro,57773.4
179,40176.66,11066.11,2119.87,Mega,23987.75
180,17626.54,10055.89,13.23,Nano,16539.79
181,39379.2,5021.25,360.01,Micro,18128.31
182,8616.31,5170.54,1569.64,Micro,25291.35
183,30603.69,9828.79,3660.57,Micro,89210.16
184,81297.66,36534.92,4409.4,Nano,99520.45
185,99754.65,32363.8,4127.6,Macro,110110.4
186,30392.66,11757.42,12.14,Macro,63344.11
187,76652.78,22351.29,4085.22,Micro,169058.16
188,40854.13,4971.66,865.33,Nano,64555.17
189,67639.87,22776.14,1888.4,Macro,130197.84
190,125391.99,45153.33,9904.29,Nano,187991.13
191,95669.38,14279.25,5946.11,Mega,175007.83
192,27964.92,4235.65,749.52,Mega,50370.26
193,47192.72,9143.45,2715.1,Macro,99217.46
194,71316.88,40135.53,5545.68,Mega,93966.72
195,94600.33,39582.16,3837.37,Mega,177474.36
196,51772.31,39612.82,6903.11,Macro,97036.02
197,38560.24,20396.9,5470.32,Mega,56722.22
198,61210.15,28849.08,8243.05,Nano,122372.05
199,47625.22,18312.82,4388.11,Nano,99296.37
200,15938.79,2918.93,4325.62,Micro,38892.1
201,59883.34,25341.36,3531.09,Macro,98136.98
202,16058.53,7132.2,2175.1,Macro,28102.29
203,97214.94,48167.96,6812.53,Micro,108849.62
204,49816.66,28294.28,4773.05,Micro,140749.61
205,44999.15,8772.67,1306.05,Nano,100386.65
206,26403.91,13315.39,104.81,Micro,48022.08
207,45948.21,3386.18,376.55,Nano,37334.17
208,30308.9,4188.99,147.2,Macro,30749.52
209,44824.68,5847.96,1958.04,Nano,86862.86
210,25439.68,4269.26,20.64,Macro,47164.84
211,56870.78,28363.87,6259.15,Micro,151347.27
212,74398.09,23658.7,1915.05,Nano,142082.06
213,61155.37,12517.03,3290.08,Mega,104318.95
214,53419.41,22816.32,5159.07,Mega,56665.22
215,18468.67,7296.13,1463.12,Mega,21748.71
216,39036.03,6460.44,5838.25,Nano,68489.19
217,64011.4,14233.95,3147.75,Nano,130997.77
218,39232.97,17834.96,463.31,Micro,80730.41
219,103238.57,15646.87,3116.43,Mega,134784.89
220,84274.39,15155.39,3385.12,Nano,139707.8
221,95602.94,42483.11,1229.45,Macro,205496.34
222,74864.78,17182.41,5895.17,Mega,130031.13
223,10702.99,9148.1,1867.65,Nano,52702.08
224,22520.97,6093.35,3246.67,Micro,59837.94
225,131601.41,30626.02,4365.17,Nano,181934.93
226,16642.78,10341.27,3206.51,Mega,24987.95
227,47765.75,8561.27,2502.65,Nano,111903.84
228,27171.52,3812.65,28.07,Mega,55710.62
229,32614.88,12348.26,1637.16,Nano,34140.72
230,19007.29,7538.76,191.09,Nano,49777.59
231,42167.72,41529.17,6494.52,Mega,96650.6
232,108280.12,37409.16,6312.9,Mega,193240.21
233,80432.57,16010.45,5704.36,Nano,143685.81
234,51133.5,19822.8,5463.18,Macro,134655.89
235,40196.17,22576.35,573.24,Nano,83987.0
236,36173.45,12311.87,3918.94,Micro,108018.94
237,110186.57,44613.97,5401.72,Micro,137530.18
238,85179.55,19056.48,5106.41,Mega,87541.55
239,47158.64,9284.61,495.17,Mega,107861.77
240,73687.28,14391.67,3608.35,Nano,152794.78
241,19873.35,6998.94,2810.38,Nano,25394.89
242,75379.36,26971.26,8586.45,Micro,119746.09
243,112243.03,12522.0,5969.54,Nano,104815.45
244,25835.04,4409.67,276.14,Nano,30004.73
245,115654.65,20730.42,4663.53,Macro,110050.93
246,76756.93,20249.52,4091.4,Macro,131638.93
247,20175.77,26858.98,3041.47,Mega,64351.65
248,60851.51,32041.76,4020.02,Nano,206649.33
249,40085.52,11102.24,3389.5,Nano,83313.2
250,11138.59,689.76,1784.71,Mega,29948.3
251,119590.9,18027.73,4158.34,Mega,228245.47
252,16554.61,10624.66,508.96,Mega,29758.93
253,81240.84,30953.52,2798.05,Mega,160290.75
254,40411.11,18760.76,3909.85,Nano,85345.87
255,13015.07,7237.4,297.74,Mega,48941.71
256,17801.11,4409.37,3103.56,Nano,20766.5
257,93834.14,33440.34,4436.26,Micro,171762.89
258,91848.75,12670.03,8874.24,Macro,87144.74
259,14699.3,3691.17,4067.82,Macro,19989.15
260,101144.74,12353.64,4542.66,Mega,163868.32
261,79327.46,27980.34,5481.92,Nano,119715.84
262,69545.74,20231.88,5066.1,Nano,116404.6
263,31270.67,22129.49,125.81,Mega,61243.86
264,45027.75,2998.39,113.63,Mega,50969.42
265,48935.26,11786.7,2321.3,Mega,90584.27
266,47949.09,13476.42,4912.34,Macro,112777.82
267,23257.02,11664.74,5277.12,Micro,45951.88
268,35888.83,7659.97,397.21,Macro,72077.17
269,57748.8,18300.58,1867.29,Micro,155322.38
270,29380.32,14266.17,2963.21,Nano,30190.29
271,94181.48,32342.26,3870.99,Macro,173758.02
272,76677.73,28692.77,1963.49,Micro,191717.47
273,48802.41,21755.36,3997.03,Micro,83794.6
274,7530.16,3438.75,637.38,Micro,29672.78
275,21013.13,4454.65,1258.97,Macro,41160.38
276,56862.41,20007.44,7389.83,Mega,138032.22
277,29284.46,10267.36,103.5,Nano,46426.48
278,81932.75,15456.32,8041.21,Micro,163938.55
279,59079.71,19318.91,3117.41,Nano,85902.92
280,63319.39,29077.39,1602.34,Micro,105428.66
281,58104.13,13491.04,4204.04,Nano,165484.72
282,64446.82,28423.63,3866.74,Mega,176120.23
283,80111.77,44862.31,3806.95,Micro,102612.69
284,7792.08,779.51,1093.88,Macro,28234.38
285,39498.08,15987.13,3480.43,Macro,79412.75
286,131738.38,35916.75,2930.68,Micro,178374.5
287,21677.72,15531.8,4007.43,Macro,60087.17
288,16916.24,2756.02,217.75,Nano,48298.98
289,33061.05,1743.81,3337.07,Nano,60968.73
290,88533.21,23178.26,14.71,Macro,159936.42
291,83446.33,29148.46,7717.11,Nano,109472.77
292,21714.93,7995.77,917.66,Mega,51730.25
293,25910.97,8660.65,250.43,Micro,59426.35
294,85114.76,39406.61,3950.39,Nano,164250.74
295,44326.15,21122.2,2837.58,Nano,143852.82
296,43614.18,13547.86,3446.13,Micro,72015.03
297,11802.25,25055.93,3886.01,Mega,43000.37
298,55471.15,12961.15,1749.29,Mega,78532.9
299,59202.59,4570.64,3405.84,Mega,44161.48
300,64076.67,20703.97,3340.44,Macro,78785.99
301,37153.72,9920.37,3328.38,Mega,73519.7
302,67427.5,28495.8,4832.33,Micro,145722.48
303,24069.55,7605.61,2473.6,Nano,30174.86
304,57656.02,35838.31,3140.87,Nano,95965.43
305,31909.79,20830.9,4486.4,Macro,69812.07
306,59710.61,25412.12,2455.58,Nano,69229.12
307,85951.89,18903.21,6349.96,Mega,201856.19
308,60954.64,15891.85,8243.72,Nano,147988.92
309,107651.59,41973.24,2518.22,Mega,156273.41
310,56630.66,14119.16,2080.18,Macro,75755.84
311,41059.1,14876.89,5549.22,Nano,78440.09
312,4996.56,1073.24,395.15,Nano,20505.13
313,103587.71,38343.36,3537.62,Mega,181137.65
314,80808.63,28831.34,5918.99,Micro,174337.18
315,18691.11,2255.68,2438.9,Mega,41402.66
316,99354.63,17105.27,4739.68,Macro,102709.29
317,52000.33,15639.36,7237.78,Nano,110997.39
318,35845.82,4374.79,1743.63,Macro,64769.59
319,122397.6,46465.35,1944.66,Macro,159379.23
320,44197.17,22681.74,2798.76,Mega,86638.89
321,82276.19,13712.14,5143.71,Mega,160147.58
322,63433.97,13333.9,3085.38,Mega,105172.83
323,56145.32,11509.33,53.63,Nano,43281.26
324,18799.28,5553.12,2606.81,Mega,35167.69
325,67835.96,19740.79,5293.54,Macro,104412.18
326,74970.15,26597.05,762.16,Nano,117507.32
327,6673.72,11475.2,6447.48,Nano,29360.09
328,50941.78,28366.32,4717.04,Nano,151434.86
329,60413.48,17983.54,2964.1,Micro,124432.28
330,11094.57,19436.27,3973.16,Nano,33982.74
331,26891.0,10331.91,1270.28,Nano,73423.21
332,22442.73,22313.38,807.41,Micro,69497.81
333,71767.95,27087.1,5116.68,Micro,95994.33
334,81586.28,26247.85,4767.53,Macro,162057.5
335,11862.72,7429.41,5250.18,Micro,18471.84
336,30476.32,5314.99,2205.3,Micro,41435.34
337,61356.07,3848.46,4261.81,Nano,94570.7
338,35304.21,18653.09,62.41,Mega,85252.58
339,37857.12,4360.96,2926.37,Mega,90434.09
340,67821.39,535.45,218.74,Nano,76107.38
341,28779.73,1972.68,2876.51,Micro,37794.13
342,20145.06,7812.01,946.15,Nano,28019.24
343,54004.24,13111.64,3912.91,Macro,122901.15
344,27000.12,11103.76,388.31,Mega,56071.73
345,16700.89,15994.34,2937.26,Nano,75709.21
346,73493.77,7636.79,603.92,Mega,90544.92
347,91491.25,34990.16,3978.53,Macro,106206.53
348,35783.25,4284.11,1254.89,Nano,39061.97
349,18259.48,29579.94,182.59,Micro,59412.65
350,72356.36,27395.08,4468.54,Macro,83815.47
351,118354.74,41596.85,7693.02,Mega,183868.16
352,32318.6,21151.59,5067.92,Micro,65509.48
353,37610.46,17183.28,7954.16,Macro,87246.5
354,73250.24,11998.09,4666.25,Mega,168228.61
355,3143.51,4876.07,1668.67,Nano,49853.91
356,4401.68,1130.45,124.31,Micro,27302.94
357,65659.75,44005.78,6096.17,Macro,224165.49
358,65651.5,26611.72,4548.47,Mega,121130.16
359,28344.95,5723.11,4165.98,Micro,73885.01
360,72457.76,43850.52,4253.77,Mega,116058.08
361,85917.29,41756.96,8485.58,Mega,160565.75
362,42502.85,6504.77,904.71,Nano,61819.09
363,14595.03,15004.89,581.8,Nano,29865.03
364,115327.56,29432.39,2404.14,Mega,192905.99
365,35225.56,14202.78,5687.52,Mega,110842.6
366,19764.04,1550.68,542.77,Nano,40036.34
367,10490.2,10751.35,3998.36,Macro,34902.8
368,69133.99,23051.29,1581.67,Mega,104290.1
369,22436.42,15692.5,4973.73,Mega,77821.22
370,81346.26,29653.13,4182.35,Micro,144899.18
371,35067.65,5702.15,4076.58,Mega,18458.55
372,86984.76,34652.37,2051.33,Mega,141119.95
373,94165.19,13909.8,4362.89,Mega,120777.52
374,34082.58,4223.35,1491.29,Nano,42602.19
375,109086.69,50815.03,8724.35,Nano,182233.24
376,60294.76,43748.26,9307.98,Micro,169169.66
377,40093.29,17931.85,1081.63,Mega,142897.29
378,105593.41,37545.69,6268.56,Nano,111083.08
379,83106.32,16914.5,3653.92,Micro,193967.95
380,25328.0,20016.93,6010.8,Macro,46680.1
381,23948.09,1849.08,1838.04,Mega,45853.52
382,16150.35,7532.73,1411.74,Macro,34747.27
383,138472.06,38422.56,8233.63,Macro,192088.39
384,17400.13,26772.62,1316.67,Micro,32198.02
385,95578.01,20472.44,1815.3,Macro,135649.65
386,52223.03,14309.34,46.32,Macro,67824.73
387,60536.24,31351.0,3852.36,Macro,113022.04
388,30145.04,8424.56,3124.11,Nano,50514.66
389,12793.83,14543.51,1545.79,Nano,62757.06
390,114620.28,25895.03,6493.39,Macro,103817.46
391,74168.6,44180.55,5956.15,Macro,129243.32
392,50255.26,46848.33,5374.44,Micro,115417.59
393,62649.58,28370.56,393.59,Nano,84574.94
394,56396.98,19509.39,880.59,Micro,78291.02
395,36464.45,33630.2,4628.29,Mega,77085.88
396,34404.83,8868.15,606.13,Mega,80404.45
397,77532.91,27810.11,4623.31,Nano,224707.16
398,25251.21,5480.39,3181.97,Macro,42552.7
399,76081.73,11647.39,1767.53,Nano,90595.18
400,78021.13,31922.47,8349.0,Mega,115362.61
401,64118.36,13860.1,3723.62,Macro,62908.65
402,1279.71,7225.53,1938.09,Micro,28495.51
403,53604.63,18745.06,3264.33,Micro,134998.49
404,40543.14,11247.64,1621.96,Macro,105450.38
405,59263.5,16347.61,6650.24,Mega,90057.09
406,54422.11,16834.09,5745.42,Macro,64382.77
407,78039.14,34765.43,5715.41,Macro,190141.41
408,31680.39,16706.73,64.06,Mega,59782.48
409,10570.52,2526.44,1400.16,Mega,44946.07
410,78233.65,22137.37,9638.97,Nano,145337.21
411,2893.11,6151.09,216.29,Micro,23297.52
412,45248.61,10527.3,1457.21,Nano,103206.03
413,64256.58,25978.41,4058.4,Mega,101386.51
414,38389.24,21728.94,2825.68,Micro,64552.51
415,38581.51,20397.32,5187.61,Macro,43441.84
416,103696.36,25544.08,4307.67,Mega,211802.5
417,78393.69,40538.9,883.78,Micro,149493.11
418,94798.12,31446.83,6541.17,Macro,69808.04
419,92369.75,46786.11,5781.69,Mega,143057.28
420,119439.76,27817.53,6894.32,Nano,198470.52
421,53360.86,8353.97,3332.91,Nano,108535.14
422,45827.1,5244.61,564.04,Nano,30796.14
423,51151.04,18854.41,3055.37,Micro,98534.14
424,19172.68,7732.67,4181.18,Nano,47512.13
425,28037.11,13715.08,3916.64,Micro,40474.94
426,69479.72,21930.12,5793.62,Macro,219066.14
427,11299.52,8436.16,131.84,Macro,43930.83
428,11372.17,403.28,1104.82,Macro,26722.39
429,59937.71,19252.29,3355.97,Macro,102046.01
430,64300.83,18558.76,8702.65,Mega,84714.58
431,96466.14,43254.01,8486.32,Mega,201153.99
432,32091.22,6804.87,1480.04,Macro,30515.56
433,77701.31,45523.4,3784.15,Nano,207170.85
434,43845.5,6173.84,1926.69,Mega,90085.34
435,38695.39,10955.87,4582.01,Nano,72993.26
436,98587.37,27916.61,4134.0,Nano,177877.65
437,39042.06,9418.67,3447.21,Nano,46549.69
438,36388.81,5885.08,2531.73,Nano,62243.46
439,71580.31,22522.53,3955.48,Mega,109535.07
440,45824.99,22877.27,2577.39,Macro,92430.13
441,51789.48,28030.34,10453.92,Macro,156040.34
442,32834.79,15329.62,750.12,Macro,64431.07
443,36547.27,38365.49,4250.42,Nano,120783.6
444,106747.34,24624.91,7211.12,Micro,171457.1
445,12755.11,12510.17,2409.16,Macro,38464.64
446,119387.82,12712.63,3061.94,Micro,145487.34
447,39300.18,7774.04,2354.33,Macro,32056.38
448,57314.06,26493.51,3217.63,Micro,99850.1
449,75913.66,30857.89,8829.54,Mega,194558.77
450,55784.12,31783.49,8194.79,Macro,88288.1
451,28948.56,14774.05,64.46,Mega,71446.75
452,31086.82,17132.74,270.84,Nano,45225.28
453,71832.46,27959.93,1744.87,Micro,117651.24
454,71324.28,41118.36,6481.91,Macro,103319.83
455,45104.84,3522.21,440.11,Mega,47955.1
456,63188.24,16205.15,102.15,Micro,102631.57
457,54544.14,30943.98,1540.09,Nano,101377.38
458,65313.47,24115.54,6919.15,Mega,146369.35
459,67553.03,16059.04,3606.6,Nano,74628.29
460,58038.01,15422.63,2395.35,Micro,90261.94
461,69272.55,28656.88,6834.95,Micro,117050.49
462,41430.65,3113.69,2258.86,Nano,42273.67
463,59386.1,5264.11,704.37,Mega,97573.08
464,37535.31,15449.1,2055.27,Macro,122109.27
465,15807.15,11215.47,4636.3,Macro,20693.76
466,27363.17,23030.47,5491.17,Mega,41533.29
467,20096.31,5972.7,570.03,Macro,32233.72
468,51427.02,17784.31,2094.38,Micro,83932.44
469,56813.39,7681.54,3262.97,Micro,76737.27
470,19967.76,4239.4,2293.79,Micro,29405.84
471,44474.09,8581.54,1086.78,Nano,72720.59
472,31094.19,26321.09,5109.7,Micro,31299.11
473,69978.89,47978.49,6441.65,Nano,210224.55
474,23500.34,5933.86,4626.97,Mega,36409.84
475,66162.68,16418.64,4520.67,Micro,124028.34
476,17493.09,11266.72,1247.27,Macro,65621.23
477,104333.36,24493.52,11403.63,Macro,158212.78
478,83030.45,45997.55,7352.55,Macro,167488.19
479,13680.91,7624.42,631.99,Mega,47989.83
480,23408.54,10641.27,120.49,Mega,27113.94
481,125238.4,33728.99,6512.74,Macro,125938.1
482,44126.42,3697.69,277.14,Macro,57448.1
483,29797.57,27143.87,1186.42,Macro,126251.3
484,15980.69,12305.01,156.85,Micro,43705.03
485,22756.45,11387.74,4631.65,Nano,65949.46
486,27698.53,19882.9,3773.45,Macro,95667.95
487,84931.28,23082.44,7370.7,Micro,137516.2
488,52625.3,25643.88,5245.12,Micro,97262.23
489,37867.81,5432.74,2705.53,Macro,89400.02
490,31565.42,14940.89,3935.94,Nano,73148.88
491,55538.21,9547.36,3914.31,Macro,106504.98
492,84840.45,13583.81,3299.87,Macro,157880.87
493,129433.81,35684.81,2640.89,Macro,116043.1
494,63427.81,22561.14,4736.88,Mega,150145.86
495,43200.26,12218.08,4381.53,Macro,76934.74
496,84499.64,22270.19,5591.73,Macro,114048.34
497,81368.75,31922.79,6376.38,Macro,199358.25
498,61577.54,36282.03,3698.03,Micro,86330.24
499,2366.68,6012.25,1294.09,Micro,20940.34
500,29540.66,28768.76,1052.3,Nano,54843.3
501,43949.4,9698.88,904.87,Micro,85127.67
502,18169.92,24476.4,4492.85,Macro,54854.71
503,6041.26,709.74,1523.41,Macro,14284.34
504,28726.32,12922.78,1387.05,Mega,74711.93
505,89490.69,45302.18,2012.4,Mega,78692.98
506,24517.9,10391.1,61.98,Mega,59509.0
507,119934.68,39080.85,8278.56,Nano,143570.18
508,66475.12,12865.2,1887.77,Mega,95105.08
509,67451.89,24674.85,2365.39,Mega,120366.93
510,29255.29,1342.86,1270.44,Micro,48423.52
511,73667.1,25956.67,1240.82,Macro,152952.78
512,56088.54,34077.74,5688.32,Mega,98203.31
513,108450.45,43624.86,5343.64,Mega,168137.28
514,24471.9,8276.23,7952.64,Mega,35837.87
515,96531.32,30944.86,8128.92,Macro,227802.3
516,48719.33,13707.18,689.68,Nano,72164.88
517,37720.74,3834.03,648.55,Mega,37481.88
518,105537.83,18504.91,3055.22,Mega,133205.44
519,48935.24,11337.05,1570.36,Macro,67719.91
520,66151.86,16378.44,3413.28,Mega,128520.37
521,99611.64,38028.38,6297.54,Mega,172857.45
522,21392.55,8421.42,2954.93,Nano,37262.39
523,58121.35,7948.3,2990.74,Mega,122030.85
524,113168.54,33420.87,4107.47,Mega,195682.12
525,101388.4,32963.63,5625.68,Nano,204575.98
526,11882.12,5802.95,886.16,Macro,38881.56
527,98712.82,35351.17,6330.32,Mega,176996.27
528,14787.24,11402.65,2487.82,Micro,63577.73
529,52568.95,18129.78,2001.41,Mega,77554.75
530,113725.03,58112.33,10174.98,Micro,141940.51
531,17894.85,1096.83,917.87,Micro,25033.78
532,39746.83,14561.45,3381.62,Micro,58631.79
533,67930.33,48760.61,7618.61,Mega,152809.95
534,34964.89,23539.25,3045.51,Mega,121271.55
535,40899.6,31321.18,5052.82,Mega,93461.04
536,19849.23,13722.21,553.31,Micro,60359.0
537,87868.84,19496.92,1078.75,Nano,121616.65
538,64333.73,23648.25,8701.5,Micro,205769.55
539,114001.74,41796.28,6903.4,Mega,147927.06
540,75482.4,18907.98,1930.36,Nano,128251.86
541,124406.67,22033.39,1605.37,Nano,126595.46
542,67653.73,34734.81,4066.91,Macro,83547.92
543,17625.89,16070.22,1359.46,Mega,50743.17
544,13397.33,11215.69,4990.93,Macro,65375.49
545,28267.54,3637.85,1962.26,Nano,34946.76
546,60756.13,54698.58,4007.7,Macro,152572.42
547,33393.33,6025.28,695.77,Nano,38844.73
548,62329.33,16422.9,2325.71,Nano,183540.04
549,29281.97,17243.9,890.16,Mega,35670.12
550,100690.12,39028.05,5519.58,Macro,166034.03
551,65339.55,31050.5,5275.78,Micro,56476.85
552,55818.6,11874.43,1276.22,Nano,127362.05
553,18512.42,7024.35,2059.61,Mega,74435.43
554,47428.32,32997.83,2856.59,Macro,155187.35
555,33049.71,38600.91,3399.22,Macro,103551.4
556,82734.63,8800.6,2965.43,Nano,209296.12
557,32489.43,8356.95,377.6,Mega,67055.45
558,31391.37,18625.64,1952.88,Mega,107670.1
559,111848.96,26976.93,6671.54,Micro,215113.67
560,57895.9,23507.97,1309.54,Micro,144217.19
561,74389.83,26695.31,6269.99,Mega,108714.49
562,99504.63,36713.56,3083.61,Mega,122166.75
563,92099.53,15174.1,5290.46,Mega,125158.71
564,56717.15,12340.78,2221.68,Nano,113752.41
565,48888.42,26995.92,6618.43,Nano,114990.64
566,54699.88,12581.09,4811.43,Nano,64001.41
567,7250.5,13314.43,1123.41,Mega,28582.87
568,62515.58,28651.9,2244.64,Macro,111253.38
569,64658.66,22408.57,6851.15,Nano,152537.37
570,80020.71,27416.21,165.28,Micro,125014.67
571,41156.98,21635.09,6158.93,Nano,91458.84
572,74826.02,30064.03,3943.73,Mega,180741.89
573,77667.88,15988.95,10260.55,Nano,132970.02
574,53725.97,25588.68,8267.24,Nano,83067.45
575,119402.97,42031.01,5677.77,Mega,144107.62
576,88536.13,32922.96,6814.45,Micro,228578.22
577,30831.63,8119.66,3542.56,Micro,54048.62
578,29645.32,15434.03,1312.62,Macro,50905.68
579,16247.56,1274.82,126.21,Nano,29247.12
580,30841.36,16549.39,5187.08,Micro,67290.56
581,28110.55,8607.62,1375.94,Mega,59326.18
582,103986.87,22857.44,3473.81,Mega,108422.47
583,41317.09,27503.45,5456.29,Mega,133534.59
584,22358.23,5729.89,380.37,Mega,39497.0
585,60136.82,23021.51,6268.88,Macro,113183.03
586,65153.31,48070.96,5205.86,Mega,156512.1
587,69946.62,35474.55,5622.83,Nano,101885.04
588,64086.24,10681.04,4246.5,Mega,126458.92
589,48130.07,23776.01,4776.43,Micro,104649.26
590,87042.2,21228.87,2701.39,Micro,154769.76
591,53810.75,25434.14,5020.14,Macro,97081.01
592,39600.1,19329.59,6071.65,Macro,80273.09
593,64708.2,21006.76,1784.88,Macro,114489.46
594,88791.63,12533.94,6380.92,Macro,89602.43
595,80759.92,32438.03,4209.57,Macro,123548.05
596,69015.58,18032.12,3593.71,Nano,73478.71
597,90315.95,22283.29,4872.22,Nano,179448.67
598,62088.92,6784.62,1404.96,Mega,98315.52
599,81862.64,9206.32,2460.79,Micro,84418.06
600,73522.53,29362.48,3371.5,Mega,96674.7
601,55981.57,21889.2,3615.1,Nano,90788.41
602,75382.86,25256.96,2507.44,Mega,114715.17
603,48923.28,21883.04,2856.66,Mega,120604.95
604,27486.02,12143.33,4417.36,Macro,35532.89
605,15805.12,3541.87,1792.2,Macro,61782.08
606,77040.66,19258.81,5766.58,Mega,108754.66
607,99972.26,19869.41,4629.25,Macro,185739.99
608,26413.13,19939.27,858.88,Micro,39194.28
609,49023.02,18303.3,3505.2,Micro,137421.29
610,76966.32,27923.3,1810.46,Macro,87389.38
611,44407.17,27318.85,3260.73,Macro,137069.66
612,4518.96,1167.88,2920.71,Mega,12968.25
613,54145.61,1877.88,2819.74,Micro,49053.79
614,36092.43,6373.3,210.45,Macro,48553.1
615,33556.12,23025.16,1401.88,Micro,107738.68
616,55722.68,16930.53,4750.73,Micro,98637.81
617,58344.87,17402.17,2265.04,Nano,99430.69
618,101581.31,28536.28,7915.97,Nano,107185.08
619,41934.76,39171.31,5530.7,Mega,81680.85
620,48154.4,5055.6,2308.97,Micro,53829.03
621,39411.85,9351.74,1847.12,Micro,73969.85
622,22943.2,7575.12,482.57,Micro,97692.66
623,10912.42,6491.88,1417.02,Macro,17031.89
624,57416.86,23343.34,4884.05,Micro,127456.24
625,72628.13,12877.48,4647.69,Mega,95557.4
626,81244.78,43634.91,5836.86,Macro,160988.53
627,77861.44,24864.75,5037.08,Micro,118484.01
628,35581.25,1200.4,2244.92,Mega,31493.69
629,52196.58,12818.59,3106.18,Nano,104124.54
630,5386.95,11185.8,598.56,Micro,24953.99
631,35602.55,12097.7,3417.84,Mega,102473.24
632,39950.99,14271.62,3509.53,Nano,109036.7
633,66955.4,14311.86,3535.07,Mega,159418.27
634,74680.35,34862.0,7118.75,Micro,155980.6
635,48149.93,20947.43,667.17,Micro,72490.41
636,14229.47,6887.7,289.6,Micro,27371.39
637,10021.95,8452.52,759.35,Macro,27354.98
638,28179.37,8398.23,5010.34,Mega,49273.21
639,60471.07,29415.54,832.75,Micro,130859.53
640,25071.9,3069.03,3927.8,Macro,35799.29
641,70455.86,3327.91,2501.2,Macro,36925.55
642,27898.96,6735.15,3674.95,Mega,36224.6
643,77383.91,15183.61,5179.91,Nano,118336.14
644,74097.9,47010.44,6057.54,Macro,163998.39
645,32929.78,14099.94,2234.52,Mega,88693.16
646,77951.51,18082.52,4517.27,Nano,122304.39
647,19954.79,10025.72,48.02,Micro,39585.84
648,91224.2,22647.9,1178.33,Micro,164121.94
649,44634.32,13467.99,4172.27,Mega,56886.41
650,107557.68,15916.64,5061.33,Nano,138207.51
651,47762.39,17292.82,3337.65,Mega,66024.68
652,66575.33,33696.06,5059.69,Micro,179475.25
653,26535.62,4126.6,4146.16,Macro,44915.26
654,53983.2,28599.14,3088.86,Mega,165950.6
655,19370.22,12112.33,1192.83,Mega,30998.9
656,20842.51,6775.31,2864.04,Macro,25093.46
657,73579.44,16880.19,2319.35,Micro,189924.74
658,59785.56,12578.5,4638.51,Macro,67083.24
659,31997.12,20324.6,3340.07,Mega,75233.65
660,9711.92,9414.14,5393.66,Mega,39409.37
661,63500.37,23383.41,3613.32,Macro,106892.1
662,14994.41,910.21,1042.34,Nano,32568.23
663,8527.32,3462.54,982.35,Micro,24830.67
664,70561.53,18598.82,3754.57,Micro,181203.42
665,14602.68,14838.85,856.13,Mega,39589.04
666,42034.47,28197.54,5403.3,Nano,71637.92
667,79300.11,35007.3,5651.04,Micro,129117.46
668,52624.55,35155.59,6375.07,Macro,116029.3
669,84551.41,12245.57,5292.84,Mega,90640.59
670,39465.91,12723.52,2877.69,Macro,58383.9
671,84041.1,11788.52,3206.35,Nano,95176.18
672,48180.24,26862.51,5231.82,Mega,87287.61
673,49697.74,22538.73,2650.21,Nano,120077.14
674,45709.15,12593.59,3315.39,Nano,103559.01
675,38283.36,5900.25,1228.69,Mega,50611.07
676,127007.12,17616.58,5848.85,Nano,206575.64
677,95102.72,21734.39,1874.09,Macro,181542.56
678,3989.41,3842.33,768.76,Micro,31046.94
679,53890.42,15399.29,4017.84,Nano,78380.86
680,11225.05,11015.7,1116.86,Mega,52643.74
681,15874.13,14355.95,476.18,Nano,58313.82
682,24300.89,14571.51,2053.71,Mega,101550.31
683,5497.63,6160.25,1231.21,Nano,47277.54
684,53069.59,13158.54,3916.94,Nano,90174.01
685,51020.59,23314.6,4329.4,Macro,75261.36
686,7622.26,7571.82,104.49,Mega,24716.31
687,23394.05,29675.42,3688.39,Mega,61993.09
688,116773.25,20372.63,2094.51,Nano,132686.78
689,48830.78,41547.38,5854.13,Nano,92707.24
690,17741.81,7420.55,3317.59,Mega,33841.41
691,93964.99,33472.53,4644.49,Mega,114917.42
692,31038.27,11131.38,6666.1,Macro,43793.88
693,43945.41,11232.9,1427.13,Micro,66971.41
694,48626.37,19172.13,29.69,Mega,103552.42
695,97701.83,23189.95,5737.25,Micro,184783.53
696,95171.15,15875.02,4918.53,Macro,198437.4
697,44706.04,44121.94,3913.41,Macro,119609.28
698,40449.5,7691.95,3794.75,Micro,78068.11
699,27925.06,8958.86,2643.27,Mega,69143.74
700,36546.28,10103.68,4722.28,Micro,67131.7
701,31978.84,13090.31,8008.03,Mega,68335.46
702,33195.25,461.91,1377.66,Nano,52293.46
703,49818.38,14309.18,3724.76,Macro,75359.62
704,15414.71,7385.55,5249.31,Mega,25303.72
705,79685.93,24989.97,2558.25,Macro,122990.31
706,65949.83,24528.63,5632.78,Macro,106941.38
707,100217.55,15715.12,5734.66,Macro,129802.15
708,41230.28,1216.5,2585.39,Nano,53394.7
709,26988.2,11120.49,2355.67,Micro,74383.64
710,71103.02,39807.48,4126.55,Micro,193972.48
711,33135.89,24411.87,3950.26,Micro,60068.59
712,30414.87,13467.01,2010.87,Nano,46523.71
713,51552.73,20577.78,1506.38,Mega,57114.29
714,54984.12,27085.52,7064.56,Macro,121926.83
715,54775.94,12861.13,2500.26,Macro,108761.25
716,30603.22,3820.32,2135.84,Mega,82445.38
717,130009.29,34973.18,3107.65,Micro,149691.45
718,102677.57,18103.15,8261.17,Micro,158624.35
719,32644.94,10492.4,3321.54,Nano,69265.18
720,74544.93,25509.42,8827.69,Micro,83277.4
721,64261.19,21495.66,4588.63,Micro,106507.25
722,72693.14,8762.14,3011.66,Macro,101796.99
723,29776.42,2550.81,2389.72,Macro,22605.94
724,49237.13,14281.03,1356.27,Micro,105265.99
725,96795.63,40381.73,8579.32,Macro,178994.35
726,6786.07,2250.24,1034.83,Micro,21271.46
727,75839.79,23981.42,6728.21,Nano,143073.38
728,52910.96,19531.44,3255.13,Mega,169592.38
729,57168.82,14988.41,2776.05,Macro,77464.3
730,37313.21,18589.06,1878.8,Macro,55373.2
731,31218.82,12596.38,9.09,Nano,49176.35
732,31184.83,10437.18,4017.46,Nano,67166.1
733,64389.34,29605.32,5892.93,Macro,95941.55
734,11129.58,7624.54,912.08,Nano,37228.82
735,68433.99,42195.66,4786.46,Macro,142279.61
736,39095.02,23747.88,2646.6,Macro,110958.7
737,109080.04,43725.68,6093.51,Macro,110992.9
738,41096.01,13477.85,4329.79,Mega,86787.93
739,74324.81,36432.14,7150.1,Mega,146679.48
740,112972.73,48410.47,4793.07,Mega,129757.37
741,59671.46,23833.97,3502.21,Micro,105330.75
742,56885.1,25279.14,1525.98,Nano,109414.38
743,82000.52,16536.69,1582.1,Micro,94113.05
744,50161.64,19910.06,2332.84,Nano,111168.34
745,41013.62,9978.13,3038.42,Macro,138033.67
746,58136.75,9354.36,2932.96,Nano,98673.35
747,85776.37,40006.21,7956.07,Nano,99866.2
748,86484.04,17659.9,925.63,Micro,105993.43
749,47232.71,37673.06,2071.34,Macro,101220.75
750,105926.13,54591.79,9351.92,Micro,179364.77
751,27034.73,18926.64,6153.94,Nano,112728.57
752,54604.98,16982.57,3820.39,Micro,94183.01
753,17571.78,13769.89,4355.86,Macro,33259.27
754,73988.83,37154.25,2400.94,Nano,115199.51
755,18360.58,2995.83,795.48,Mega,49416.21
756,37333.22,13841.62,3850.86,Macro,105405.43
757,88204.99,14396.85,3722.75,Macro,125519.39
758,66697.54,13897.34,2922.21,Mega,101165.26
759,104202.01,34637.02,5312.68,Nano,119068.25
760,50363.96,17647.58,3156.62,Macro,108840.82
761,116364.53,28900.74,1115.81,Nano,181432.96
762,32624.6,12325.98,443.22,Mega,53108.39
763,55348.98,16409.13,6390.37,Macro,130912.21
764,22300.42,5654.39,1080.98,Micro,70322.43
765,57495.49,33471.1,2738.41,Mega,98286.43
766,62250.15,19719.64,5144.71,Macro,115028.43
767,93673.62,34132.84,4327.04,Mega,141161.29
768,48320.49,16112.75,3380.06,Mega,134074.42
769,44535.83,25006.1,7320.93,Nano,143884.85
770,85878.23,34735.25,2957.68,Macro,100384.72
771,76988.99,16727.47,8197.65,Micro,229102.95
772,95087.79,32850.04,2616.11,Nano,151907.55
773,30856.97,5978.9,5640.95,Macro,75612.09
774,24283.78,2733.82,1756.19,Micro,33981.7
775,98289.11,17367.72,3535.18,Macro,92954.93
776,25764.03,9286.88,2709.76,Mega,57365.13
777,100675.21,32341.07,6605.58,Mega,132058.77
778,107451.37,24810.1,2198.5,Nano,146071.48
779,118608.66,18259.69,5769.51,Micro,141547.1
780,28655.42,20871.89,3849.71,Nano,111848.09
781,42756.19,6264.79,3392.01,Mega,35284.27
782,24367.33,16812.39,1757.87,Nano,32954.08
783,87936.82,36422.61,5256.75,Macro,127036.1
784,65388.68,8755.88,2133.29,Micro,90033.77
785,37539.18,5986.1,738.54,Macro,92938.47
786,74715.01,31632.34,4094.0,Mega,160949.18
787,58136.71,28584.12,4967.36,Micro,185643.78
788,21866.52,10484.44,5801.15,Macro,42283.28
789,43411.81,13937.08,3758.38,Mega,75878.61
790,66986.35,23394.76,4276.77,Nano,134580.51
791,47090.74,11220.33,496.56,Mega,97015.87
792,46675.23,1891.41,1763.9,Nano,60297.98
793,29473.08,9710.03,5540.17,Macro,63848.31
794,54335.8,18028.11,1017.77,Macro,120706.56
795,47548.8,25375.57,2818.23,Mega,98514.55
796,72534.24,46744.02,9215.62,Nano,115978.74
797,59206.04,20847.8,3311.68,Micro,170717.97
798,62305.34,9960.88,2161.86,Mega,90668.64
799,95623.84,15379.88,455.45,Mega,82838.14
800,70495.97,12647.33,2708.75,Mega,98184.09
801,22118.39,13329.38,510.88,Nano,46623.68
802,44095.17,19144.54,7431.55,Micro,120466.14
803,30553.02,17408.81,2801.68,Mega,74192.94
804,29341.54,11733.88,801.88,Micro,69175.68
805,32397.11,6675.84,1975.59,Nano,55495.39
806,29653.18,28945.96,3362.02,Mega,83912.29
807,89170.98,28637.19,917.61,Macro,141550.11
808,90944.05,17098.93,2046.32,Nano,131363.63
809,55968.42,31980.86,793.26,Macro,97812.08
810,123679.04,11542.44,3462.43,Micro,185648.81
811,38702.33,17931.48,2019.96,Nano,81630.19
812,99658.42,37275.87,6429.61,Macro,198804.0
813,41391.58,18201.83,595.26,Micro,111812.46
814,27333.43,13189.44,710.4,Mega,60577.94
815,19170.24,2245.16,1922.72,Nano,52091.11
816,53275.47,30542.01,2221.6,Micro,185920.69
817,46453.93,9408.04,5633.47,Macro,55074.78
818,58995.73,34347.51,3124.26,Nano,130271.59
819,20577.1,4411.98,2001.03,Micro,48417.79
820,86504.63,18720.98,4361.82,Nano,123472.96
821,85761.13,35395.33,5577.01,Mega,171962.33
822,29907.61,1173.93,514.44,Mega,27515.19
823,68639.3,17270.37,4304.45,Macro,117716.64
824,107805.52,31075.53,4534.05,Micro,146840.13
825,14977.22,7756.28,1379.92,Mega,23705.05
826,17190.21,17845.69,4881.43,Mega,39691.63
827,7699.06,4096.86,1837.37,Micro,19457.24
828,42540.2,33751.86,1991.32,Micro,119462.02
829,77121.42,32913.34,4494.19,Micro,94261.34
830,122217.54,19387.67,6382.53,Mega,163774.64
831,6875.97,5483.38,5604.88,Mega,20595.08
832,69238.38,13344.51,4020.04,Mega,61955.34
833,22704.66,2011.79,3584.06,Micro,37634.57
834,36016.78,16259.82,3350.24,Mega,75443.23
835,59524.91,14321.03,40.68,Micro,122102.54
836,57075.66,46764.13,13083.96,Mega,107663.49
837,86488.9,24813.79,4245.57,Mega,138116.64
838,116540.37,22722.29,1254.94,Mega,144329.07
839,46371.25,4094.66,1258.23,Micro,39664.43
840,51429.26,22055.71,5973.43,Mega,102893.4
841,14962.21,13533.24,487.39,Macro,37392.26
842,54288.25,22809.34,8214.62,Mega,120284.31
843,90916.73,39242.95,5525.36,Macro,171711.76
844,106979.88,33358.09,8330.08,Nano,113113.62
845,114643.64,25688.53,237.23,Mega,121913.4
846,15167.15,2804.27,233.59,Mega,53312.91
847,71719.06,13213.49,4774.57,Micro,78970.74
848,9976.16,14002.66,2123.01,Nano,23638.22
849,72361.92,10711.99,3448.79,Mega,80494.93
850,21574.31,12661.08,2084.05,Micro,19984.21
851,50607.7,22243.49,1608.33,Nano,48226.61
852,72306.44,18082.27,4048.58,Micro,63321.54
853,19620.74,2310.79,2922.55,Nano,55418.24
854,12844.98,3772.56,1785.86,Micro,30037.72
855,75758.06,14524.75,7078.86,Micro,121512.36
856,45271.06,16289.4,2529.49,Mega,47226.89
857,45907.73,16958.51,3392.16,Mega,96684.42
858,65968.44,12987.84,4234.53,Mega,90200.43
859,135959.52,27869.47,2399.58,Micro,170360.38
860,86932.4,21682.75,4339.36,Macro,181075.59
861,112805.14,14201.7,2351.62,Nano,151392.37
862,82729.71,19117.13,5522.95,Nano,107810.29
863,57947.26,25297.78,3421.47,Macro,165512.62
864,99814.67,39636.53,4960.87,Mega,141046.52
865,71037.03,46997.84,3515.73,Micro,198496.11
866,24552.01,3791.09,1415.73,Micro,62163.0
867,21734.67,7219.19,627.23,Micro,61696.5
868,37648.08,26682.97,3424.06,Nano,76942.95
869,29197.54,15478.45,5767.49,Micro,84820.98
870,39250.1,10824.21,5248.4,Micro,89112.24
871,14771.93,11755.18,653.01,Nano,19874.4
872,127429.46,46090.67,3568.0,Nano,139563.65
873,70588.51,21992.16,5124.38,Micro,172539.03
874,23215.14,7968.15,5092.25,Mega,53450.18
875,21597.74,19747.08,919.03,Nano,58280.62
876,22126.22,8322.85,2851.75,Micro,70151.62
877,81900.99,23771.68,4893.1,Mega,216177.72
878,91321.16,18121.45,6264.96,Micro,70641.93
879,57344.67,7291.07,272.96,Macro,34333.39
880,46951.77,12923.95,4586.28,Mega,113219.8
881,2301.66,17401.35,2481.03,Macro,32864.36
882,22710.22,9749.09,2597.3,Macro,67272.12
883,60387.36,22135.21,1555.01,Micro,71941.07
884,83556.83,18659.7,5319.16,Macro,129158.79
885,11651.92,4016.69,1388.21,Macro,24604.8
886,34450.34,12200.77,386.66,Mega,77451.96
887,26795.52,6560.01,3243.77,Macro,35199.32
888,48109.53,23045.11,4882.77,Mega,138895.34
889,86159.52,24316.49,500.86,Macro,81747.22
890,50648.68,19615.73,1662.43,Micro,136973.74
891,6614.71,79.45,111.19,Nano,20595.31
892,133618.91,34235.21,8791.08,Mega,186059.64
893,122142.58,12266.56,4923.82,Mega,110402.01
894,58281.63,30457.43,2570.98,Macro,115205.12
895,80346.14,22815.56,5100.24,Micro,152199.04
896,86641.92,29261.74,6894.24,Macro,207112.52
897,27279.97,5946.51,2654.88,Micro,86304.21
898,17285.4,4735.82,1361.97,Mega,32376.98
899,82466.21,47165.68,6844.19,Micro,124250.88
900,58948.26,24463.96,2324.65,Mega,69705.04
901,44318.41,16849.03,3849.38,Mega,98842.72
902,88564.67,20028.88,3848.63,Micro,127628.82
903,25588.88,22691.45,3539.86,Micro,35298.04
904,63675.04,20779.4,5999.43,Mega,55319.0
905,41357.96,22654.3,840.08,Nano,93457.49
906,82163.57,18171.9,4359.48,Nano,130398.29
907,46854.17,18822.76,6471.1,Mega,100635.28
908,7805.54,8347.86,3287.14,Nano,34134.34
909,51802.93,21077.81,8140.87,Mega,69629.83
910,37112.11,16417.61,4073.5,Nano,45702.64
911,7283.39,3395.02,3609.16,Nano,19216.97
912,31280.36,4707.93,956.6,Macro,61022.04
913,63685.17,19093.17,4072.74,Mega,90295.47
914,24870.75,13095.56,2412.97,Micro,77367.81
915,61690.98,11203.15,2756.64,Mega,84502.49
916,56736.48,36220.18,5461.51,Micro,101317.76
917,54038.73,25254.84,1948.67,Micro,89491.2
918,129494.28,38008.02,5361.41,Micro,172717.23
919,52466.22,26875.21,5880.67,Nano,96576.78
920,107712.39,36215.42,3425.63,Macro,153218.47
921,48995.95,13708.75,2056.04,Nano,80045.72
922,55605.29,22422.12,2798.56,Nano,85314.08
923,61423.31,28086.07,6192.08,Micro,108815.28
924,37878.02,18139.2,6190.34,Mega,52531.58
925,72246.1,10063.3,3658.66,Macro,140316.64
926,39614.61,18481.92,1862.29,Micro,65371.94
927,47982.52,8897.89,4016.22,Mega,31092.77
928,68539.68,12661.87,1123.16,Mega,174759.47
929,54500.05,27207.7,2260.04,Mega,130759.4
930,113016.93,14085.31,7203.81,Mega,130840.99
931,47101.37,26673.24,2781.97,Micro,124778.16
932,28634.52,7385.58,6720.74,Macro,76272.33
933,51119.26,10992.85,1639.61,Mega,77783.71
934,65230.32,15725.27,5035.55,Nano,156574.95
935,40076.51,14241.47,3440.34,Micro,55504.35
936,36869.07,10528.19,763.28,Macro,87822.19
937,16733.43,16750.27,1271.97,Macro,33197.2
938,5575.11,2898.78,150.64,Nano,18396.81
939,25973.09,7626.04,2235.48,Nano,42945.03
940,109252.01,37737.36,5191.62,Macro,98106.64
941,20291.02,4419.97,3055.32,Mega,16855.3
942,15573.9,8381.52,1415.37,Macro,31629.46
943,95947.55,39905.42,7606.63,Micro,122736.13
944,121121.37,41957.59,7836.5,Mega,150902.84
945,68401.12,22991.94,483.53,Micro,159245.29
946,42468.59,20541.28,1900.72,Mega,65023.79
947,26375.85,11647.58,879.22,Mega,57816.4
948,9998.84,5611.88,3761.23,Nano,38414.94
949,44638.89,7373.28,6921.29,Nano,36990.88
950,107807.39,19653.19,2925.12,Nano,178844.68
951,73590.08,20905.36,3494.95,Mega,113298.58
952,57767.59,12391.01,1221.52,Macro,46705.96
953,25019.62,18104.67,1622.75,Macro,34883.33
954,51902.34,31377.51,5541.44,Micro,141356.95
955,53822.24,33270.81,5012.81,Macro,97264.71
956,121822.92,33959.39,4213.17,Nano,205466.04
957,145940.66,25304.29,5630.37,Mega,225280.92
958,59877.35,24256.88,7638.37,Micro,166936.24
959,54407.57,13505.38,819.96,Macro,81927.64
960,52869.6,21605.21,4302.8,Macro,64532.77
961,61051.53,38911.48,9267.8,Micro,187660.4
962,92363.66,40883.2,8933.15,Micro,121816.77
963,96308.37,32627.49,4530.12,Macro,167791.6
964,17342.03,15271.12,2638.57,Nano,55879.95
965,100239.58,16178.84,6319.06,Macro,125894.6
966,72433.18,30553.87,5177.04,Macro,151803.43
967,81926.4,27909.77,4715.78,Micro,152023.05
968,14309.94,1418.78,1445.95,Macro,22342.86
969,31206.07,19598.97,4980.15,Mega,89492.43
970,14204.15,11194.43,3181.06,Mega,14738.82
971,93659.28,34818.3,4385.04,Macro,153465.48
972,72369.74,42443.28,8219.31,Micro,147083.88
973,31929.6,20324.24,2117.29,Macro,63872.19
974,94076.97,24429.62,5891.36,Nano,119598.31
975,63338.41,4416.92,2224.66,Mega,108761.34
976,60757.8,15004.27,4802.36,Mega,162786.6
977,43500.76,13158.24,3852.18,Micro,23999.7
978,43902.0,23255.9,4912.13,Mega,100722.17
979,76978.14,23554.47,7332.93,Mega,120404.77
980,67618.59,34601.24,4608.97,Mega,204431.3
981,56661.08,37367.63,3514.42,Mega,198307.14
982,38758.64,31210.38,3972.95,Micro,142795.69
983,48578.79,25485.6,3531.38,Mega,69655.58
984,27478.23,991.78,1511.99,Nano,25439.11
985,72776.42,37986.51,3224.93,Micro,115230.76
986,77443.91,18794.76,7089.47,Macro,190590.21
987,83514.23,32303.96,3652.06,Nano,165923.35
988,28362.71,4647.66,1800.42,Mega,43051.09
989,101959.19,35553.54,1843.73,Micro,210687.6
990,77275.93,18631.96,2807.86,Micro,101434.37
991,68437.14,16396.29,5611.98,Macro,135506.75
992,10058.91,3444.61,2496.8,Macro,34361.7
993,111723.29,25829.25,4732.21,Mega,185244.56
994,119248.6,32393.57,3305.11,Nano,147443.8
995,45069.15,19162.44,5045.61,Macro,110447.28
996,56753.84,14353.7,2801.24,Mega,70998.18
997,67572.35,27118.18,7069.54,Mega,80396.61
998,1626.29,6927.91,3840.35,Macro,28465.44
999,24675.32,1353.45,1921.88,Nano,17338.48
1000,27121.35,14724.94,2345.69,Micro,97342.15
1001,89333.57,15224.61,3930.69,Macro,102176.24
1002,51112.35,18965.07,58.39,Macro,68720.12
1003,65463.25,22794.29,2698.18,Nano,90500.34
1004,76528.74,31124.76,1183.16,Macro,131281.64
1005,32027.5,2752.7,4232.25,Macro,70387.77
1006,20051.72,18085.82,5079.57,Micro,53630.2
1007,41330.96,15882.76,1188.06,Micro,54189.44
1008,89106.38,40041.91,5478.69,Mega,225755.8
1009,40551.09,4274.06,2037.29,Micro,47266.43
1010,121678.26,11521.53,1989.41,Nano,162752.3
1011,33003.72,19855.46,2975.99,Mega,95268.99
1012,14387.82,8585.95,1392.12,Mega,33404.89
1013,83122.4,31570.98,5011.83,Mega,117080.85
1014,85873.28,22835.46,5714.89,Macro,96825.17
1015,102883.58,20493.44,5133.8,Micro,151624.92
1016,82100.61,24294.29,4477.03,Mega,175958.8
1017,30019.89,13027.44,3023.61,Nano,84658.42
1018,45310.4,29946.89,4721.14,Micro,136829.89
1019,138510.53,27715.24,6437.84,Mega,175415.91
1020,58645.0,28555.34,1951.88,Nano,90515.63
1021,67654.18,22004.32,4375.1,Nano,134490.75
1022,71064.29,31202.41,8387.59,Macro,119867.97
1023,16957.51,636.35,1904.98,Macro,41504.81
1024,65726.3,25729.34,6281.66,Nano,85180.19
1025,34353.52,11110.62,1943.86,Nano,40289.48
1026,90280.82,44382.79,7847.44,Micro,165444.95
1027,30556.51,1781.21,1783.29,Nano,41374.19
1028,35277.05,5762.49,3371.9,Mega,48191.62
1029,80891.28,26362.29,4585.3,Micro,161290.77
1030,83253.11,17929.29,7527.31,Nano,133713.81
1031,24324.39,13555.31,1140.11,Mega,87452.14
1032,25619.3,17069.1,147.56,Micro,72029.56
1033,49268.83,24494.97,3352.91,Macro,78202.21
1034,24733.37,19479.94,2059.28,Macro,40816.41
1035,44251.83,12887.2,1284.59,Macro,51883.9
1036,19448.51,23194.34,2819.39,Macro,62853.01
1037,61025.15,18457.65,3483.94,Macro,94001.4
1038,66019.11,41369.01,4584.25,Mega,97446.97
1039,65627.01,27146.52,6276.64,Micro,106474.11
1040,92165.22,31336.73,5853.24,Micro,141136.38
1041,11419.12,1217.69,1071.3,Mega,14562.23
1042,104071.54,12034.62,6384.88,Macro,170098.84
1043,82746.74,23539.56,5626.38,Micro,156602.89
1044,72017.71,19405.34,3961.23,Micro,162222.27
1045,70848.53,8466.42,5818.7,Nano,50811.4
1046,85026.74,15764.46,4752.51,Macro,151532.38
1047,22405.13,6956.67,2055.38,Macro,44308.52
1048,69874.4,11189.53,774.72,Micro,102161.03
1049,19560.33,4493.5,278.44,Macro,47826.06
1050,28931.24,8447.39,26.54,Micro,41528.16
1051,41799.02,16407.07,6440.22,Micro,58052.86
1052,81517.76,47866.17,6909.88,Micro,185310.97
1053,39211.92,11163.92,1019.28,Mega,72633.22
1054,21377.16,2887.41,236.86,Nano,26998.43
1055,80726.24,25051.51,6458.13,Macro,138349.85
1056,27397.69,7344.6,928.59,Nano,56118.62
1057,93813.7,14890.54,6395.81,Macro,105064.23
1058,20809.19,6107.16,880.54,Nano,50268.62
1059,28567.69,17479.82,1731.77,Macro,81694.67
1060,58571.71,15682.13,2257.49,Nano,102642.01
1061,45574.94,28081.62,5927.94,Nano,90973.91
1062,85017.54,40527.09,5668.19,Mega,147352.14
1063,95006.82,44997.62,4599.57,Nano,189906.96
1064,104563.64,21144.1,5019.69,Nano,134820.43
1065,11476.97,2666.82,3561.28,Nano,64872.63
1066,41183.4,26955.15,4853.31,Micro,123387.71
1067,32155.27,21341.39,4735.4,Mega,95489.52
1068,40737.52,10390.02,25.41,Mega,92000.07
1069,67159.55,8614.26,170.0,Macro,78340.3
1070,3245.59,2157.27,1486.7,Mega,18538.37
1071,86975.67,16215.16,1939.18,Macro,131167.84
1072,42742.89,19462.84,2233.25,Nano,80037.39
1073,71225.72,24409.56,3088.35,Mega,117010.61
1074,56789.27,13194.76,6444.05,Micro,89553.02
1075,98674.36,19184.09,5572.24,Nano,121269.28
1076,10527.41,7089.33,4751.06,Nano,12603.94
1077,6483.62,6925.21,3394.48,Nano,34802.76
1078,95638.94,14237.51,4608.83,Nano,190327.6
1079,115711.05,22614.67,3544.25,Macro,117363.72
1080,86929.19,31417.17,6190.65,Macro,134899.35
1081,112077.68,40234.48,6171.06,Micro,99629.07
1082,45168.7,10608.31,2349.05,Nano,100556.99
1083,72320.33,12784.06,2738.88,Mega,112764.41
1084,41272.68,27583.74,169.79,Macro,82534.39
1085,26298.5,4746.86,151.22,Nano,30704.01
1086,30039.08,15896.2,1303.21,Micro,57215.55
1087,2955.4,4330.77,2428.5,Micro,26596.89
1088,20569.54,8536.17,2816.42,Macro,79603.71
1089,24048.15,7720.19,899.46,Mega,72999.05
1090,26555.22,16948.88,2827.45,Mega,49833.17
1091,38798.7,14254.18,4378.78,Micro,94146.84
1092,35030.01,29927.96,1168.95,Micro,138514.68
1093,88575.54,25914.47,4219.2,Micro,117855.43
1094,118480.16,43123.27,7224.47,Mega,201416.77
1095,84012.17,12070.67,3636.62,Micro,137334.5
1096,58913.09,22892.02,3394.68,Micro,91420.18
1097,50919.09,15882.18,2392.24,Mega,81413.09
1098,35388.78,19000.4,1935.1,Macro,63469.3
1099,49125.38,27141.16,3654.61,Mega,100001.35
1100,18427.97,7792.18,3911.82,Nano,61531.54
1101,83563.75,9718.8,6059.81,Micro,91526.22
1102,53931.34,3824.4,1086.84,Mega,96949.02
1103,59590.39,29167.86,2281.38,Nano,112306.37
1104,47693.42,12216.72,3431.27,Mega,94593.31
1105,15585.02,1773.66,2938.54,Macro,26851.14
1106,125760.6,41732.21,7765.01,Micro,192505.36
1107,37544.84,12237.31,6078.84,Nano,104591.37
1108,28388.24,9379.08,4956.79,Micro,71372.43
1109,32635.36,7378.77,150.05,Nano,81532.08
1110,144448.19,48871.12,6137.64,Macro,110887.82
1111,82522.24,17043.51,9072.55,Mega,78698.4
1112,22561.32,14377.04,847.6,Macro,73769.04
1113,84288.39,27828.59,3181.66,Macro,112701.05
1114,13665.15,5933.84,1154.43,Nano,22342.89
1115,31675.54,5703.81,1886.43,Micro,67816.07
1116,12887.21,11391.73,90.81,Micro,56810.71
1117,44292.89,16540.85,1005.7,Macro,119366.88
1118,51002.09,13968.37,3123.58,Nano,123523.83
1119,61565.52,29703.42,5916.65,Nano,182384.35
1120,62656.38,34253.73,7753.12,Micro,159285.22
1121,68151.49,21443.78,4020.77,Macro,148329.28
1122,14141.04,10320.63,1394.33,Nano,33397.85
1123,38630.67,23300.23,3792.19,Nano,40566.39
1124,10901.45,6310.59,704.36,Mega,22188.88
1125,72933.79,16662.14,3938.1,Nano,124894.83
1126,28649.75,18734.47,241.24,Macro,47258.34
1127,62706.39,33725.34,6280.74,Micro,103816.81
1128,57298.49,17205.38,5210.83,Micro,91437.21
1129,50674.08,11487.52,918.58,Micro,75877.22
1130,32098.88,21417.46,2585.25,Micro,103749.06
1131,99006.85,6769.3,1626.54,Macro,126584.87
1132,56259.34,10313.67,3769.63,Mega,63766.82
1133,11443.07,156.74,787.33,Micro,30592.43
1134,104466.3,37128.09,5435.4,Micro,165463.28
1135,15008.36,2282.31,1528.47,Nano,27860.17
1136,42238.48,20179.03,6146.32,Macro,117937.77
1137,49339.99,14237.22,471.0,Nano,69174.47
1138,44095.81,21020.96,4694.88,Macro,80053.63
1139,48504.97,14470.3,1626.38,Mega,86272.88
1140,86727.83,18713.62,7680.73,Macro,76542.33
1141,49223.16,6595.76,4068.03,Macro,82359.39
1142,42262.42,10913.31,3577.57,Micro,108486.85
1143,43473.24,9345.24,4305.74,Mega,87598.52
1144,27255.64,8004.71,4880.31,Mega,30881.14
1145,17125.76,5331.93,4527.24,Micro,42448.11
1146,68726.57,31612.62,2867.55,Macro,197193.53
1147,100039.56,47154.33,4474.84,Mega,229470.35
1148,26862.93,6204.82,2209.7,Mega,34481.06
1149,37561.54,6920.64,1413.94,Micro,24405.87
1150,25565.64,2758.57,1435.04,Micro,33945.51
1151,26430.76,18357.2,1448.22,Mega,36761.29
1152,31535.59,9651.42,5086.1,Micro,79740.25
1153,104313.65,15686.16,3893.3,Nano,122451.6
1154,16390.85,703.28,748.77,Micro,29261.22
1155,55168.2,50419.29,6795.15,Mega,152323.43
1156,67781.21,13969.76,5894.17,Micro,111716.14
1157,52172.56,24126.02,1256.19,Nano,146407.46
1158,27242.49,4353.6,3579.15,Mega,49290.77
1159,31185.46,1140.07,1592.57,Nano,49802.13
1160,75172.5,19735.52,1769.48,Nano,128931.42
1161,27950.8,10102.17,2202.96,Micro,66086.88
1162,63027.39,22323.27,3817.06,Micro,122991.48
1163,57371.53,8410.0,4427.63,Macro,53615.4
1164,30726.74,1012.07,1024.99,Micro,53643.47
1165,116434.58,15674.86,2284.9,Mega,152161.34
1166,24660.48,23769.16,2141.65,Nano,57324.39
1167,3702.02,5140.29,82.93,Mega,32118.62
1168,57171.84,33386.58,4859.32,Micro,141099.33
1169,30977.25,8609.09,1455.54,Mega,42382.66
1170,43209.56,19427.71,2009.78,Micro,64889.25
1171,99003.98,25288.66,5181.13,Mega,154887.96
1172,54441.15,22059.58,4999.09,Mega,188288.26
1173,21226.49,21139.96,1452.69,Nano,39556.82
1174,97272.93,22282.76,3618.13,Micro,159418.18
1175,21079.2,12035.7,4491.04,Nano,66450.16
1176,37923.38,9100.96,5127.57,Nano,37990.66
1177,32196.49,12964.75,3008.45,Macro,17569.98
1178,56540.36,12903.38,1952.5,Mega,120273.22
1179,69279.42,21219.22,7488.03,Mega,171296.56
1180,44873.32,7922.92,1240.4,Micro,83919.13
1181,79209.89,21725.6,4823.87,Mega,86523.81
1182,24741.89,8807.08,1595.73,Mega,44547.68
1183,73956.82,15823.52,5286.1,Mega,83311.71
1184,16887.7,10432.54,1453.64,Mega,62318.26
1185,68390.34,17154.99,3600.53,Mega,217064.18
1186,83718.37,14886.68,5371.99,Micro,101206.58
1187,51162.49,12099.91,2756.14,Macro,146206.37
1188,53719.46,7945.27,1593.69,Macro,53451.36
1189,42129.1,5997.96,3618.96,Mega,79069.32
1190,29825.17,8473.77,3593.25,Nano,102624.28
1191,94396.98,36869.77,4050.4,Macro,158933.85
1192,36038.89,3523.41,646.9,Nano,66165.1
1193,21707.97,31885.61,3662.35,Mega,64027.12
1194,100623.78,21710.11,3746.01,Mega,103545.53
1195,37147.1,18852.1,3802.23,Nano,90296.83
1196,63286.65,16921.87,2125.62,Mega,131934.41
1197,20396.64,9986.81,5056.45,Mega,88579.21
1198,74012.53,30600.75,5944.54,Micro,117733.04
1199,117739.57,47395.83,10420.85,Mega,170398.26
1200,73257.18,34191.98,2466.93,Nano,127747.67
1201,6221.58,2716.94,2435.48,Mega,12145.31
1202,26769.19,18365.68,975.86,Micro,55661.71
1203,34613.65,9266.79,3183.2,Micro,58065.73
1204,82942.81,41245.63,3918.18,Mega,169063.19
1205,42111.01,12225.4,2302.99,Mega,46781.68
1206,28323.59,11218.15,3314.48,Mega,117742.21
1207,85293.54,10529.3,1755.86,Mega,127848.18
1208,36682.78,16817.3,6033.39,Nano,45872.02
1209,22418.57,22941.9,4621.47,Micro,57570.18
1210,13320.11,4939.74,3007.19,Micro,28147.4
1211,78479.39,36155.58,4802.68,Mega,223537.35
1212,56041.38,26887.86,2374.45,Nano,106517.43
1213,77548.49,17474.36,3183.22,Mega,90503.23
1214,39775.06,16213.21,2893.22,Nano,75855.93
1215,68381.47,12628.71,1857.78,Macro,50840.16
1216,69491.62,36703.99,6041.62,Macro,147111.86
1217,16571.9,4158.25,3241.75,Macro,21181.74
1218,42747.81,10903.79,7122.48,Nano,68445.42
1219,39562.22,15199.67,2260.93,Nano,53659.4
1220,56301.98,9548.03,3863.59,Mega,79870.9
1221,20409.27,696.22,584.8,Micro,32459.89
1222,33197.24,14866.46,851.56,Macro,52893.43
1223,54201.53,14216.88,3450.91,Macro,110623.09
1224,14185.43,17468.32,5391.6,Macro,65311.81
1225,73192.84,23863.16,5046.78,Macro,155046.23
1226,21467.61,2246.77,3017.01,Nano,29298.51
1227,64271.04,32057.94,3295.65,Nano,112558.96
1228,34298.57,8843.09,3212.55,Macro,74719.87
1229,106406.47,17555.1,3950.37,Macro,145875.46
1230,78096.8,33251.77,3306.95,Micro,144954.56
1231,28776.17,26265.04,2309.44,Mega,78457.4
1232,114749.34,52711.18,5238.63,Nano,130739.37
1233,63449.07,38221.97,7955.18,Macro,223737.25
1234,50660.99,39806.57,5257.85,Micro,95031.0
1235,66232.41,17563.76,4136.1,Macro,94828.87
1236,73800.74,23539.73,3351.42,Micro,136224.62
1237,87754.5,18875.35,6731.95,Mega,116255.53
1238,39403.4,25865.36,7209.66,Mega,110535.74
1239,56338.75,18256.04,7016.31,Nano,117657.9
1240,24753.94,4492.4,742.4,Nano,59505.08
1241,59468.09,16399.98,4241.66,Macro,134732.63
1242,40275.27,21022.94,3804.18,Micro,90555.93
1243,76238.93,13598.66,1659.74,Micro,92853.06
1244,25578.98,4535.57,875.16,Mega,44534.54
1245,62376.67,10353.53,3642.78,Micro,65131.14
1246,40687.87,19114.0,246.28,Macro,68552.39
1247,35157.38,20922.45,2890.44,Micro,46846.51
1248,68384.96,12862.14,2688.17,Nano,46450.1
1249,74050.63,34135.6,550.21,Macro,172765.76
1250,78992.72,24177.42,5372.98,Macro,137452.43
1251,45403.55,10590.32,3068.65,Micro,66520.08
1252,82166.32,33767.81,7241.43,Macro,94046.86
1253,17312.93,138.07,753.24,Mega,26292.25
1254,109016.66,36424.98,1032.77,Nano,183541.14
1255,20179.79,417.92,1505.06,Micro,15334.31
1256,81009.09,43287.58,5820.74,Micro,195143.9
1257,89735.25,28268.23,3111.01,Micro,145817.02
1258,7050.51,8472.58,56.05,Macro,41151.68
1259,6376.91,11049.06,1406.56,Micro,29991.92
1260,82008.89,31617.23,2469.89,Mega,126240.47
1261,25310.68,1442.29,409.36,Nano,35717.47
1262,60069.8,36234.07,5388.4,Micro,99565.12
1263,24473.55,10601.62,3584.62,Nano,26008.05
1264,85420.12,21825.66,3607.06,Mega,122242.68
1265,20324.64,2710.94,2690.66,Macro,39813.75
1266,27593.23,17148.15,1638.3,Macro,89741.65
1267,44101.59,15184.43,6081.97,Mega,138597.97
1268,52433.53,21737.88,6002.45,Nano,90511.55
1269,22228.21,3864.0,1846.25,Macro,52029.13
1270,48030.99,17052.22,742.94,Mega,75124.84
1271,89191.56,31370.11,7889.35,Micro,165341.0
1272,47769.88,8529.95,1135.95,Micro,99977.19
1273,30311.26,19195.18,1569.72,Macro,87759.12
1274,25758.9,7065.93,2142.0,Mega,33911.6
1275,40420.4,11369.3,3232.47,Nano,100294.24
1276,64689.49,17563.68,1373.29,Micro,99157.49
1277,84938.89,41531.82,3380.97,Mega,95915.86
1278,37589.52,13989.72,760.33,Macro,91090.36
1279,22351.6,7891.8,144.12,Mega,51933.64
1280,42400.36,8930.01,4040.01,Mega,86758.12
1281,76742.8,20611.02,171.15,Nano,129339.32
1282,85191.78,35322.76,6500.13,Macro,151660.5
1283,6758.44,3266.11,1307.75,Micro,17791.9
1284,24134.73,2509.34,5557.08,Nano,38469.18
1285,65176.06,28754.27,4326.34,Macro,118249.79
1286,109222.96,38498.99,5408.0,Macro,203776.14
1287,93599.51,13355.76,2832.26,Nano,147535.37
1288,100699.08,41057.73,5062.06,Micro,174547.5
1289,29334.42,8431.26,3540.82,Micro,33841.1
1290,36655.37,5850.9,3368.53,Mega,62632.72
1291,17583.52,7138.23,1051.24,Micro,33075.67
1292,65654.51,31079.12,6982.95,Micro,154503.08
1293,42689.71,9177.68,2619.11,Macro,101307.74
1294,16578.97,16930.92,4828.72,Mega,37768.55
1295,99157.25,42630.96,4316.6,Macro,140849.35
1296,114510.13,15950.17,5585.1,Macro,224594.54
1297,16003.19,21993.76,4547.85,Micro,32875.66
1298,47250.31,18676.01,6545.39,Micro,114070.76
1299,56997.36,18203.21,2197.68,Macro,109519.19
1300,71045.96,17785.58,3006.7,Micro,60765.35
1301,38779.21,10086.77,1992.38,Mega,45338.14
1302,111884.68,25591.68,7194.4,Macro,169333.99
1303,38124.26,5498.42,1834.64,Micro,18727.62
1304,131505.2,17758.72,9316.56,Nano,210873.84
1305,83189.82,19931.91,2332.44,Macro,88392.32
1306,10111.86,2999.28,4838.87,Nano,26785.16
1307,43024.88,20426.19,3800.92,Nano,115324.86
1308,15842.41,6236.3,1012.18,Nano,70868.89
1309,79550.14,13305.2,114.19,Macro,126765.08
1310,41851.47,8356.45,1497.13,Macro,68258.25
1311,84002.01,43784.82,5114.3,Macro,119459.49
1312,13917.62,715.64,765.88,Micro,14224.6
1313,62711.65,17174.36,4291.87,Micro,120261.45
1314,2156.5,6759.73,2370.88,Macro,32285.99
1315,65319.57,36315.29,4940.35,Micro,105926.16
1316,6924.49,3740.68,260.75,Mega,27891.45
1317,25419.98,6917.61,1051.65,Micro,38116.85
1318,18094.2,4865.09,427.11,Nano,65187.4
1319,35408.12,21720.6,747.9,Macro,110757.08
1320,63392.37,18717.28,5264.91,Micro,81218.75
1321,39829.04,8385.15,3947.5,Mega,64721.5
1322,9405.12,16075.95,342.02,Micro,24258.32
1323,33568.8,5615.89,2216.6,Mega,35143.47
1324,110570.87,29545.25,9883.18,Mega,207213.09
1325,27483.35,966.36,2024.29,Micro,47945.68
1326,20077.76,2242.43,55.43,Nano,40003.33
1327,14502.75,3109.98,2478.69,Micro,14121.29
1328,85849.97,38227.09,5579.52,Nano,135664.76
1329,68151.03,15930.82,3097.76,Micro,125311.96
1330,103855.53,33667.11,2303.33,Micro,213607.93
1331,39616.61,13629.71,2305.72,Micro,70984.83
1332,5235.52,6216.67,1008.13,Micro,17583.17
1333,45484.48,30154.5,5001.96,Mega,95905.6
1334,55914.9,47364.26,5780.04,Micro,150180.88
1335,100077.39,27739.02,3081.28,Macro,131931.06
1336,119477.63,48386.8,3488.54,Macro,138864.37
1337,64909.29,24771.92,1348.3,Mega,91930.99
1338,82235.85,16394.35,2458.07,Micro,114957.98
1339,95589.82,15206.14,3848.93,Micro,124936.61
1340,70499.82,15723.66,4512.39,Mega,145962.91
1341,114553.9,37293.63,7630.97,Nano,166501.88
1342,77197.87,20924.38,3407.46,Macro,165690.78
1343,25016.37,8515.95,2389.34,Mega,30523.36
1344,91345.54,19506.09,3575.56,Micro,131912.5
1345,60417.94,28636.44,1344.45,Micro,90611.27
1346,61650.57,23085.59,4116.82,Nano,89326.14
1347,54764.0,24111.72,2663.3,Micro,89219.72
1348,30320.49,22076.72,3793.81,Mega,79278.65
1349,12139.59,6599.77,1669.25,Micro,24356.59
1350,12882.91,6992.83,1483.99,Macro,31312.88
1351,41072.04,20177.04,845.06,Nano,99143.46
1352,21622.54,7676.67,1081.62,Nano,72328.46
1353,115268.32,20269.54,690.47,Mega,135906.12
1354,23047.04,15066.56,423.79,Mega,61235.74
1355,115934.15,28471.84,1939.97,Macro,221797.98
1356,10694.75,8585.8,2058.52,Micro,27594.33
1357,81246.03,22809.4,4820.07,Macro,88913.42
1358,26791.58,17318.73,1785.03,Micro,74113.25
1359,56710.63,23151.39,5060.16,Macro,85988.14
1360,38513.53,6250.11,2310.88,Micro,55890.57
1361,77005.91,26238.79,3213.25,Nano,147177.11
1362,101472.39,19255.25,2607.54,Micro,168749.55
1363,69826.14,25116.43,6234.79,Mega,106629.97
1364,66296.57,30448.78,5478.96,Nano,124007.68
1365,40273.47,30177.49,5703.03,Macro,78781.3
1366,118177.92,18656.3,6217.75,Micro,136385.75
1367,96018.9,35751.9,4184.2,Micro,92534.9
1368,73274.78,29718.85,3431.36,Mega,88571.66
1369,78897.67,37796.57,5773.97,Mega,148374.9
1370,104777.8,33755.22,3203.46,Micro,95812.87
1371,14527.65,10297.93,1340.01,Micro,25091.42
1372,92211.12,30847.19,1918.56,Macro,130755.81
1373,57593.18,40567.01,11260.43,Macro,124090.78
1374,22347.44,11343.56,1356.01,Micro,50601.28
1375,69537.42,37733.05,5091.72,Macro,223668.2
1376,105953.69,14442.22,6334.77,Mega,153114.32
1377,88662.78,29178.32,1912.71,Nano,105492.87
1378,59693.72,10060.41,3134.43,Macro,131906.45
1379,48135.5,8887.15,2732.13,Mega,103679.92
1380,20365.01,6182.31,104.24,Micro,51499.2
1381,54924.49,25818.26,4009.27,Nano,143474.28
1382,53338.17,9347.79,2409.35,Macro,78725.45
1383,18941.86,2520.41,1093.83,Nano,31038.41
1384,59025.79,10910.32,1682.34,Macro,173386.67
1385,61399.53,10228.27,3969.57,Micro,101671.43
1386,43184.95,8874.28,147.17,Nano,73394.41
1387,29284.8,12868.18,742.52,Nano,75758.58
1388,109475.21,28246.35,7638.07,Macro,117017.8
1389,94964.53,13526.03,6146.14,Micro,129811.62
1390,77688.55,20372.24,2810.21,Mega,102799.8
1391,48669.93,5480.62,1257.29,Mega,82884.63
1392,111127.67,18445.9,2217.79,Nano,174902.23
1393,66971.28,11094.72,3249.83,Nano,157491.93
1394,18020.14,4730.01,288.51,Mega,48848.66
1395,51144.62,18357.32,3953.57,Nano,68359.55
1396,43196.23,22793.01,1329.46,Macro,83900.12
1397,88515.01,30313.62,6883.56,Nano,105602.24
1398,101554.29,28275.76,4101.0,Macro,136244.57
1399,15274.76,20953.86,3049.29,Micro,49762.45
1400,48808.84,7540.66,3206.33,Nano,75362.89
1401,63654.68,45121.12,6299.89,Nano,169597.16
1402,29674.07,7938.79,629.93,Micro,66253.38
1403,107505.12,55021.11,3593.9,Mega,208267.97
1404,23276.91,8322.25,4283.92,Mega,81680.96
1405,39416.23,21606.62,76.06,Macro,97487.46
1406,98432.31,26217.31,1976.05,Nano,178436.36
1407,108736.42,33331.78,3207.63,Micro,225281.61
1408,92336.75,22286.77,2874.4,Nano,110093.0
1409,54170.05,15128.44,4181.49,Mega,107483.42
1410,84508.1,9414.72,3625.66,Micro,124277.88
1411,55901.84,8583.89,1250.24,Mega,94581.79
1412,69104.25,33755.99,3951.21,Mega,129581.6
1413,9028.49,8322.72,2248.7,Mega,20515.7
1414,62756.15,17147.96,2491.41,Mega,117980.46
1415,23548.6,15377.95,776.76,Macro,31333.57
1416,51656.63,16480.69,3906.48,Nano,73617.97
1417,63767.75,33204.05,5084.56,Mega,158835.84
1418,43298.87,17028.51,6875.92,Nano,133924.27
1419,87460.07,38171.58,2621.42,Nano,200714.2
1420,104243.25,38025.47,5942.15,Nano,134441.1
1421,32885.77,12046.46,2138.83,Mega,49515.48
1422,70185.08,15424.54,3027.27,Macro,137149.39
1423,67574.03,20752.51,5332.79,Mega,204712.71
1424,95749.33,43048.58,4332.06,Micro,200004.37
1425,15878.77,13492.33,1609.82,Nano,42427.43
1426,50508.6,13831.15,4499.5,Micro,88244.24
1427,120188.25,15204.76,3433.26,Nano,136910.18
1428,35062.19,7180.36,2557.92,Mega,51708.31
1429,72739.79,45093.87,10243.73,Mega,169748.46
1430,12464.37,8374.02,5103.53,Nano,27025.44
1431,23392.35,4652.26,1031.61,Nano,40859.62
1432,66492.59,28003.1,6530.42,Macro,115068.52
1433,105772.46,13508.0,4519.11,Micro,147662.86
1434,66166.64,25157.3,3497.7,Nano,115250.06
1435,68942.8,17635.84,5899.74,Nano,147064.92
1436,36901.42,8519.12,4143.64,Macro,51105.98
1437,21749.14,12985.65,3588.29,Nano,27085.85
1438,5047.5,7395.38,3802.58,Macro,24293.08
1439,44731.08,12443.88,3928.35,Nano,53161.9
1440,72701.65,51167.27,5546.78,Micro,195554.26
1441,57342.47,15002.09,3449.24,Micro,121988.19
1442,11641.63,1310.46,2573.89,Micro,22943.76
1443,34528.18,34470.65,1461.14,Macro,85143.61
1444,28051.76,2913.6,1381.99,Macro,71238.45
1445,106838.92,38230.29,5846.6,Mega,89624.44
1446,6166.58,12235.01,1908.13,Nano,32834.57
1447,57420.3,20625.93,7150.09,Nano,126371.31
1448,53038.11,18124.69,4741.69,Macro,97395.43
1449,13619.64,3528.84,1729.92,Nano,24164.14
1450,29863.88,12022.07,4686.64,Macro,107427.98
1451,53415.24,19715.44,3598.79,Mega,83720.14
1452,52711.55,15494.16,1145.52,Micro,105585.74
1453,52909.35,25524.25,1258.52,Nano,74867.53
1454,82835.93,45477.78,6639.29,Micro,201460.71
1455,130916.15,38445.57,4088.16,Nano,170196.61
1456,43040.27,4024.11,2762.13,Nano,113509.17
1457,29892.51,17712.57,1161.45,Macro,100161.9
1458,11328.74,6837.31,369.97,Mega,55664.56
1459,42777.95,37848.57,3396.34,Macro,85267.2
1460,104748.52,25757.45,4327.26,Nano,118160.2
1461,50693.22,29794.69,3688.21,Nano,207496.89
1462,78596.79,28867.22,5430.99,Micro,153343.7
1463,3876.09,4795.37,2156.24,Macro,12385.22
1464,73133.15,12239.23,843.24,Macro,60407.07
1465,75338.47,11431.84,3886.57,Micro,79384.73
1466,83545.82,18797.13,3079.47,Nano,123080.95
1467,31218.54,6640.08,646.1,Nano,94150.85
1468,39566.35,7169.1,32.59,Nano,35455.69
1469,67354.13,21445.3,4007.21,Mega,117590.6
1470,82399.23,27528.4,4286.28,Micro,168247.99
1471,59906.36,16922.44,3854.73,Mega,111451.25
1472,51601.73,28951.72,5363.19,Nano,182223.57
1473,98268.84,34110.54,1791.24,Nano,157553.89
1474,79092.67,18110.86,3500.55,Nano,197222.63
1475,66119.6,30096.39,4409.94,Nano,52767.59
1476,56286.31,14160.2,3996.89,Mega,142716.04
1477,34078.08,1325.26,825.31,Macro,16004.01
1478,4308.12,3249.67,998.48,Mega,20125.45
1479,89803.62,11929.22,5556.1,Macro,125450.66
1480,57930.44,26361.52,2348.79,Micro,88628.57
1481,20859.65,30344.24,4616.53,Micro,37484.32
1482,54773.39,8933.06,5648.0,Mega,130927.2
1483,65683.07,11774.0,4741.1,Nano,70275.12
1484,39418.32,15619.47,5942.78,Nano,71588.21
1485,83383.65,26129.66,2172.38,Mega,210745.75
1486,71010.33,26598.8,4872.16,Mega,178130.01
1487,9971.22,8430.14,2216.93,Macro,40935.2
1488,29932.45,12726.54,2016.1,Macro,68356.43
1489,63337.24,41381.99,5173.77,Micro,121596.88
1490,77754.64,8071.88,2900.03,Mega,130862.31
1491,35413.01,11860.88,1365.03,Mega,65133.05
1492,101684.9,20151.37,4606.43,Mega,116819.86
1493,46989.52,13853.57,2625.73,Micro,122692.8
1494,20722.51,2087.69,486.13,Macro,49297.53
1495,52371.61,41261.03,5834.04,Mega,140732.92
1496,80297.25,18689.42,4009.6,Macro,106658.4
1497,74901.91,21802.44,3158.67,Macro,114294.59
1498,99078.48,24840.78,3891.73,Micro,173497.53
1499,33532.25,11530.06,1551.58,Micro,77073.32
1500,53980.22,9648.22,4173.0,Macro,63144.91
1501,69517.13,24132.88,5222.38,Macro,94170.93
1502,69212.08,47082.57,7389.87,Micro,94924.94
1503,84526.18,39333.95,5331.9,Macro,204341.91
1504,24002.57,7911.82,3138.41,Macro,69222.58
1505,35618.89,4220.59,2075.97,Micro,32382.7
1506,63773.2,4906.74,2254.83,Nano,84204.5
1507,65131.83,12609.26,4321.57,Nano,163077.01
1508,46886.36,38375.18,3404.12,Macro,131597.07
1509,12651.6,4651.61,67.32,Mega,60970.32
1510,60906.07,22327.39,5289.22,Micro,123040.75
1511,58001.89,10313.35,2322.28,Mega,100845.01
1512,60019.47,36549.32,5583.02,Micro,135246.51
1513,18135.51,6462.54,2852.4,Macro,55307.12
1514,51758.24,9284.95,928.13,Macro,106276.67
1515,88903.65,15546.85,895.65,Nano,209644.2
1516,61577.49,32917.08,4280.69,Micro,91733.44
1517,98325.34,12551.54,2169.13,Nano,127995.44
1518,96544.76,15011.02,3905.08,Nano,169650.7
1519,101183.95,20334.1,5313.5,Mega,163386.97
1520,59660.56,31255.11,6136.7,Macro,87579.2
1521,100873.88,17512.61,4273.92,Mega,91851.94
1522,16734.83,15175.24,2393.6,Micro,36600.26
1523,54136.2,11721.83,6396.46,Mega,155055.8
1524,62108.82,38521.27,5848.91,Micro,84716.12
1525,83616.14,7345.73,1874.67,Mega,154094.28
1526,103471.73,29254.45,4952.88,Nano,153174.94
1527,82317.49,31262.49,3915.79,Macro,96760.15
1528,40335.72,12866.1,2900.44,Mega,44234.43
1529,41362.81,8248.63,3056.31,Macro,111426.75
1530,77381.32,44613.51,1581.85,Macro,168002.14
1531,22678.3,5524.12,4207.68,Nano,25072.53
1532,17089.0,5837.41,2547.68,Macro,58456.02
1533,43250.65,3913.06,1043.34,Mega,44205.56
1534,21150.16,8527.22,861.04,Macro,61909.35
1535,60181.3,14830.97,3566.56,Micro,139246.5
1536,30897.4,17967.81,3143.85,Micro,84997.74
1537,30769.77,13469.34,1832.89,Nano,34835.92
1538,22431.94,8582.43,126.47,Micro,34832.37
1539,19457.07,9692.59,2668.72,Micro,74810.91
1540,21391.68,10785.21,1168.4,Mega,89084.29
1541,54347.8,17687.5,2793.35,Macro,71094.28
1542,10575.9,2141.18,1888.2,Nano,27614.06
1543,42594.09,15077.89,3670.68,Mega,104409.54
1544,40572.21,12854.84,1748.79,Micro,69986.29
1545,66803.56,9970.32,3571.58,Nano,103147.47
1546,58920.27,19364.06,509.43,Macro,132566.78
1547,38478.06,11162.31,1758.76,Nano,46090.35
1548,75770.87,14626.17,2504.47,Nano,136785.09
1549,8503.31,5704.31,283.13,Mega,53670.35
1550,85655.98,17965.98,1487.85,Nano,106965.0
1551,18871.74,11330.82,4867.66,Micro,101953.62
1552,77286.59,31167.2,283.37,Mega,140632.32
1553,39984.6,14081.46,881.84,Macro,96061.58
1554,94020.16,56155.7,4942.82,Macro,155177.68
1555,39553.22,18535.71,1614.35,Macro,61935.12
1556,27193.98,6353.07,56.34,Micro,67109.78
1557,34479.21,18691.71,3892.13,Micro,54132.72
1558,39793.21,11988.41,3273.59,Mega,94821.88
1559,67787.28,8638.77,2457.4,Micro,58918.06
1560,28020.67,10284.75,224.9,Micro,20647.94
1561,41312.18,20033.5,2671.23,Micro,65922.09
1562,10663.97,22338.51,6501.07,Micro,77780.66
1563,30064.92,16431.91,6713.2,Macro,43399.38
1564,54249.35,12767.7,3691.37,Nano,123172.15
1565,51380.81,42116.67,3520.46,Mega,152934.12
1566,54007.38,10869.45,4247.45,Macro,67569.88
1567,45216.33,12538.11,818.14,Macro,43438.65
1568,41271.59,3941.16,15.18,Macro,47691.64
1569,60219.56,20919.35,5537.22,Nano,75116.59
1570,75845.85,45494.28,5365.26,Macro,189442.51
1571,118856.97,17176.02,569.87,Nano,198657.65
1572,54979.17,29222.15,4996.98,Macro,102823.7
1573,61602.28,21249.55,4967.05,Micro,108369.34
1574,9482.73,12092.58,910.27,Macro,40764.71
1575,52762.75,14653.55,2240.24,Mega,56066.76
1576,58379.65,14382.39,2785.14,Macro,84876.71
1577,138662.09,35658.5,6750.89,Mega,210818.26
1578,20304.98,18158.95,209.63,Macro,35062.76
1579,9020.32,3464.93,1714.05,Micro,48224.0
1580,95781.72,49088.56,6469.14,Mega,219321.44
1581,49650.21,26988.47,4166.43,Nano,134670.65
1582,36835.69,4429.22,784.94,Mega,60654.71
1583,74549.52,38586.64,3462.78,Mega,107156.52
1584,53827.31,13828.04,4325.96,Macro,98314.48
1585,32902.43,6106.25,141.23,Micro,31802.3
1586,16681.57,3844.5,1726.21,Micro,31477.85
1587,38831.16,11809.39,671.22,Nano,103254.35
1588,44001.29,41292.74,7394.59,Micro,161582.56
1589,23692.04,17852.68,3449.97,Micro,48760.73
1590,25535.89,1102.83,476.6,Mega,54775.07
1591,77171.76,29562.5,4432.04,Macro,200708.22
1592,56546.34,12346.32,489.08,Nano,68620.13
1593,76209.55,21654.56,6874.9,Micro,158968.88
1594,93992.42,26728.17,3363.13,Mega,96355.48
1595,60123.66,2324.74,175.41,Nano,64265.15
1596,23566.94,19876.17,2421.05,Micro,35306.42
1597,102446.61,26271.81,4954.59,Macro,176903.31
1598,46693.11,15774.17,4127.05,Macro,36032.96
1599,16667.29,3532.64,4226.55,Mega,41506.23
1600,36601.75,19988.94,2507.6,Micro,43809.96
1601,71155.44,16447.37,1464.67,Macro,192383.68
1602,5590.75,7215.8,4178.69,Nano,40999.84
1603,70202.77,9923.95,563.44,Mega,119342.41
1604,28547.17,11216.61,881.17,Nano,18993.66
1605,22516.21,9501.34,1637.09,Nano,29850.82
1606,72795.88,24997.86,2847.94,Nano,203635.08
1607,7101.34,2926.3,316.36,Nano,29838.08
1608,51696.51,25700.68,1831.14,Micro,91424.34
1609,13631.39,27364.61,4085.72,Mega,90243.61
1610,8909.96,1915.54,4637.68,Nano,16073.38
1611,121089.59,33842.66,3490.64,Micro,194510.22
1612,70543.58,17801.78,4596.95,Micro,134047.8
1613,104814.41,25231.26,2967.4,Micro,147654.34
1614,30450.79,404.73,471.87,Micro,24255.28
1615,57571.19,17641.43,1464.24,Macro,102786.13
1616,25401.78,10528.5,2424.12,Mega,42876.39
1617,71354.09,27692.8,185.14,Micro,151649.13
1618,79691.18,26489.62,6737.93,Macro,145455.27
1619,22635.35,18026.24,1380.87,Mega,58288.88
1620,86188.94,25520.55,4849.64,Nano,205107.49
1621,80556.64,15231.77,3345.83,Mega,86658.35
1622,70572.7,13652.96,441.11,Mega,169545.36
1623,58466.26,25593.15,3579.89,Micro,115649.79
1624,73533.82,39711.75,1777.65,Nano,189655.36
1625,59053.67,13090.21,2097.02,Nano,120164.07
1626,57248.31,27764.62,5397.88,Mega,147848.35
1627,73279.95,27335.13,2375.62,Micro,128686.5
1628,73732.53,16834.98,7786.33,Micro,135624.67
1629,71318.08,23108.51,733.18,Mega,71247.09
1630,66908.65,8056.05,3698.54,Micro,108997.59
1631,68835.14,37937.91,3796.99,Nano,122461.46
1632,50373.52,8161.26,1667.91,Macro,98945.59
1633,30117.41,10036.16,3835.01,Micro,38663.11
1634,18635.76,24982.31,5258.96,Macro,38213.37
1635,70356.69,20432.43,3953.01,Macro,194644.9
1636,103907.85,9702.33,7882.76,Nano,113146.47
1637,62159.26,25529.47,3976.83,Micro,97043.14
1638,39637.14,20380.38,2722.71,Micro,146993.53
1639,42153.97,32004.23,6307.49,Nano,108186.03
1640,94766.18,35646.0,4297.27,Mega,222570.26
1641,21502.59,15606.68,5166.03,Nano,59795.74
1642,36059.52,27937.24,2821.39,Nano,117789.18
1643,13215.82,10537.97,1711.64,Mega,44184.37
1644,24760.56,4171.93,56.52,Nano,63564.45
1645,6320.33,6701.16,222.56,Macro,41004.66
1646,35865.14,10947.42,6362.99,Nano,58838.81
1647,84645.59,55038.72,5700.07,Micro,111707.16
1648,22066.67,17374.7,419.26,Nano,23059.01
1649,30807.13,5172.25,1906.42,Mega,47533.43
1650,52491.62,20288.11,7566.09,Macro,99522.64
1651,36750.04,9564.2,4300.45,Mega,65093.53
1652,51584.95,27603.67,1164.41,Nano,126944.29
1653,7308.07,1050.79,1150.82,Macro,25484.17
1654,122649.64,30328.21,3527.46,Mega,193180.32
1655,132219.07,8425.56,4950.84,Nano,134173.89
1656,31219.19,11048.59,1932.4,Nano,67116.13
1657,17783.53,14281.78,613.99,Macro,49253.02
1658,55133.27,4866.59,2211.28,Micro,57348.83
1659,108378.67,32337.11,1325.99,Micro,130408.7
1660,9203.66,12336.83,6259.99,Macro,56046.83
1661,46673.28,17213.95,2823.4,Macro,109282.29
1662,105463.65,41896.99,2762.63,Macro,126379.45
1663,66110.6,12588.44,4419.48,Mega,117472.83
1664,14262.73,18195.66,1856.52,Nano,68056.41
1665,18425.75,6210.89,2088.64,Nano,26952.36
1666,29204.7,1606.43,2182.92,Mega,25265.92
1667,86457.42,21142.03,7445.37,Macro,182709.43
1668,39904.9,9284.41,4223.89,Nano,52566.91
1669,111677.15,26097.79,5531.73,Micro,109711.22
1670,28627.85,6017.47,1791.09,Micro,56094.3
1671,94150.3,39425.91,5451.93,Mega,218388.01
1672,44349.6,11655.69,3911.59,Mega,94250.47
1673,32587.8,22619.91,274.85,Micro,111048.59
1674,69995.23,20941.72,2054.14,Mega,212172.56
1675,25846.39,1755.58,817.35,Micro,25466.33
1676,87025.59,14932.19,2390.36,Mega,139646.73
1677,41786.25,10246.33,1307.51,Micro,99974.92
1678,42770.12,17894.22,3567.09,Micro,61958.24
1679,67937.58,7962.11,2519.34,Nano,97101.0
1680,42624.75,6447.88,2761.08,Nano,42862.22
1681,97564.14,31346.61,7517.23,Mega,82128.78
1682,75462.79,33418.42,558.26,Mega,160917.86
1683,31839.58,12158.61,1018.86,Macro,83816.32
1684,45079.66,9422.33,570.01,Mega,75360.27
1685,104113.01,26290.08,5748.86,Micro,157968.6
1686,66689.99,17622.84,5296.02,Macro,69194.55
1687,63855.05,35583.95,6592.4,Macro,152604.91
1688,24599.54,12757.85,1864.73,Macro,40697.06
1689,102477.32,12866.39,3853.4,Macro,144317.7
1690,6507.59,12662.7,2760.25,Mega,22932.48
1691,63928.09,9431.18,7152.38,Macro,70885.89
1692,60049.4,28219.22,6982.2,Micro,192381.63
1693,57348.87,8193.72,1117.54,Nano,116446.5
1694,23953.45,5145.78,3679.59,Nano,27996.67
1695,43052.46,9390.27,1226.27,Micro,123463.52
1696,64106.09,10872.02,403.18,Macro,76251.18
1697,63663.98,11622.87,804.73,Mega,58561.63
1698,91608.38,36739.94,7885.15,Micro,102448.35
1699,80529.89,21972.13,7156.2,Mega,183591.7
1700,37422.3,21358.64,2608.25,Nano,101270.64
1701,54593.56,13782.29,760.14,Macro,59643.76
1702,76845.37,11109.44,5018.55,Mega,63762.28
1703,18910.41,5141.43,4085.5,Micro,72878.34
1704,52884.47,16105.77,3367.69,Nano,52919.11
1705,26168.49,14495.06,1951.96,Mega,43485.48
1706,61984.11,16982.1,2600.84,Macro,128925.47
1707,128058.11,44728.47,4558.25,Micro,123990.53
1708,76012.01,18268.92,3030.02,Micro,124646.81
1709,115074.55,43012.97,5473.67,Nano,202816.2
1710,68114.92,22709.92,8113.0,Macro,173197.33
1711,104286.62,13592.22,28.58,Micro,108276.18
1712,61084.43,41230.58,4477.79,Mega,175512.07
1713,77341.98,12990.83,415.37,Mega,91328.65
1714,44818.56,11068.09,2676.06,Nano,104382.19
1715,90233.88,25853.85,6439.21,Micro,137960.43
1716,25945.93,2512.07,2392.67,Nano,42414.87
1717,90514.56,38260.15,4795.85,Macro,112942.64
1718,39478.22,15476.7,3245.54,Mega,98617.73
1719,28411.77,9955.04,1465.69,Mega,52071.12
1720,13556.27,18423.37,5189.19,Macro,54116.5
1721,76602.45,11094.63,4527.34,Macro,101017.98
1722,33874.55,577.9,865.26,Macro,47993.72
1723,9215.06,12817.48,1185.98,Macro,44188.74
1724,56481.79,18464.23,1535.04,Micro,117485.02
1725,96605.25,26373.65,7176.76,Mega,179740.9
1726,38634.85,6813.83,1895.34,Macro,67596.96
1727,44688.58,28134.43,4313.29,Micro,92214.05
1728,8480.31,3362.74,424.48,Micro,25410.63
1729,109040.31,13682.29,2769.19,Macro,112692.23
1730,57651.13,6946.44,5080.54,Micro,86254.73
1731,37148.34,7106.87,2625.23,Mega,48898.4
1732,65816.63,16725.79,4161.09,Mega,163305.98
1733,112579.85,21127.71,4200.58,Macro,106870.0
1734,32026.54,7350.4,635.69,Micro,39946.61
1735,109429.35,30884.03,8327.31,Micro,134867.42
1736,120031.14,17617.05,4934.91,Nano,137229.03
1737,101257.06,13178.47,759.75,Micro,164172.17
1738,20947.0,5681.72,4797.78,Micro,48526.94
1739,51021.14,26043.85,3407.15,Mega,87462.72
1740,49110.05,2021.6,2568.93,Macro,36478.11
1741,68642.51,17385.02,5322.76,Macro,149019.06
1742,63595.55,29586.73,2684.25,Micro,112159.45
1743,78570.55,22522.93,6011.35,Macro,88734.91
1744,36428.2,14785.79,539.19,Micro,100633.15
1745,124304.67,45780.37,7201.35,Nano,159657.61
1746,45237.5,11920.95,3780.1,Mega,66043.14
1747,26522.3,11247.44,1803.38,Micro,23581.67
1748,27682.34,16092.3,2861.96,Mega,73481.11
1749,48586.73,23122.49,825.06,Mega,150349.95
1750,24843.87,6510.77,3113.93,Mega,44762.08
1751,62308.56,18040.6,3248.47,Nano,89853.65
1752,62627.55,51484.28,7824.97,Micro,122244.96
1753,89568.35,37918.86,6182.3,Macro,209037.71
1754,15566.87,36.04,1299.32,Micro,42519.3
1755,23294.43,16206.62,0.03,Mega,30069.45
1756,75656.61,14946.61,3456.43,Micro,127149.98
1757,36424.25,14062.41,962.85,Macro,99640.92
1758,77312.83,20244.46,5763.51,Macro,96326.05
1759,18147.09,2164.92,2609.82,Macro,27144.23
1760,51316.23,14676.05,2954.98,Micro,139502.25
1761,3837.65,15715.12,1600.79,Micro,28106.56
1762,68554.53,14725.92,3706.08,Micro,111765.4
1763,50295.46,11391.34,305.11,Nano,143148.07
1764,32954.37,8303.49,1144.93,Micro,40074.97
1765,62294.0,18992.24,5766.92,Mega,62890.07
1766,14806.21,5889.16,673.03,Mega,34301.94
1767,45396.47,25841.55,2288.93,Nano,135346.15
1768,126450.02,18654.07,7608.35,Nano,146975.6
1769,14693.81,6149.79,3530.21,Nano,21577.27
1770,53106.61,4547.3,826.27,Nano,55005.29
1771,56345.72,11310.17,1350.74,Mega,63677.43
1772,87901.12,38483.37,5145.98,Nano,97810.65
1773,66630.23,16529.78,2552.07,Micro,91012.61
1774,13742.16,2077.5,1433.14,Macro,48005.61
1775,91785.96,21453.84,274.45,Macro,94487.57
1776,83990.13,39477.41,4742.0,Micro,170561.0
1777,119909.25,46610.16,4894.24,Nano,115466.63
1778,6444.4,1989.37,1877.71,Macro,25459.82
1779,95054.84,21345.38,6313.93,Macro,146865.89
1780,102583.28,44989.89,7523.61,Mega,110981.51
1781,16596.44,4906.78,2464.86,Mega,26806.64
1782,45689.33,15697.73,4530.97,Micro,155257.44
1783,39567.34,43304.47,2464.13,Micro,83277.8
1784,93376.91,31863.5,8473.49,Nano,123105.73
1785,82352.76,13776.17,3545.5,Macro,113929.07
1786,71898.83,8040.52,3339.47,Mega,94125.41
1787,10410.53,7641.96,1025.9,Nano,35415.57
1788,88555.22,36738.22,4539.2,Macro,211354.08
1789,59881.81,19147.14,4098.49,Mega,75961.23
1790,34336.47,28583.02,3220.82,Mega,110211.74
1791,39447.22,6198.73,1016.9,Micro,64105.54
1792,70738.58,23748.17,4255.42,Micro,68521.26
1793,27558.78,14428.33,2074.41,Nano,47072.18
1794,57218.94,17207.71,2517.85,Mega,174388.82
1795,69136.6,6495.02,1217.33,Macro,108319.77
1796,88798.47,18511.83,6450.37,Mega,96448.33
1797,75071.68,29239.51,4351.76,Mega,114031.7
1798,40552.3,10925.25,1471.28,Micro,59305.12
1799,43483.31,26150.73,3903.54,Nano,68047.87
1800,30610.59,2635.03,1223.21,Nano,50790.06
1801,12967.76,2868.19,51.44,Macro,37661.82
1802,33416.1,12466.8,545.07,Micro,48855.01
1803,24403.64,15456.03,2473.26,Macro,37357.43
1804,29842.26,16296.19,1063.32,Nano,24515.96
1805,47719.67,16240.1,2157.72,Micro,52863.84
1806,47025.79,21523.75,5816.14,Micro,82345.13
1807,11541.75,340.94,2792.11,Micro,37516.08
1808,47051.28,11379.53,2656.33,Nano,70137.43
1809,35448.07,7152.63,1463.72,Micro,32322.53
1810,107222.59,36029.12,5440.59,Macro,145939.58
1811,28607.7,5807.41,4905.05,Macro,33264.01
1812,108928.86,31505.52,8062.58,Mega,85562.16
1813,29863.5,18938.66,899.13,Macro,55014.18
1814,82147.92,32109.83,7862.94,Micro,159667.3
1815,79012.36,29877.55,3740.16,Mega,160361.53
1816,78292.65,27259.46,3989.55,Nano,122302.71
1817,68828.14,34931.09,2140.57,Micro,140649.18
1818,81560.12,7605.69,2480.59,Nano,160729.5
1819,10585.34,6530.2,1840.26,Macro,67743.69
1820,24411.17,8691.42,1986.07,Mega,21321.27
1821,56752.4,13384.73,773.33,Nano,77555.67
1822,80018.81,13852.59,5902.6,Mega,94742.31
1823,65195.99,16045.98,3431.08,Macro,204168.64
1824,110749.38,21276.81,10063.75,Macro,170434.72
1825,31171.51,15836.98,3405.06,Nano,159338.84
1826,24473.5,13592.52,3798.21,Nano,45547.85
1827,20594.43,4928.11,6145.54,Macro,82712.73
1828,84153.64,37400.2,6066.84,Macro,160877.17
1829,47811.91,5248.18,3716.74,Macro,57580.08
1830,31765.7,13658.43,826.28,Micro,57314.02
1831,27054.62,5559.55,2206.64,Mega,52616.16
1832,98534.8,29119.59,4354.45,Macro,155972.9
1833,78378.88,35342.21,5708.52,Mega,122943.14
1834,18539.17,25362.89,3222.88,Nano,48323.52
1835,21610.19,4170.64,3690.52,Mega,79221.87
1836,30935.93,15927.18,1629.66,Micro,69571.99
1837,88107.1,20528.97,16.12,Nano,209113.18
1838,31125.34,4708.1,409.9,Macro,30327.46
1839,61469.52,34402.86,6804.49,Mega,119373.21
1840,130716.52,36935.4,4511.63,Mega,146393.63
1841,92870.78,24198.05,3440.19,Nano,95614.0
1842,42945.89,13591.9,3196.67,Nano,43766.56
1843,131484.5,13914.9,7869.19,Nano,160808.5
1844,10740.93,4170.0,236.66,Micro,26685.23
1845,29186.86,15759.55,1302.07,Macro,23299.83
1846,72541.77,38616.7,3152.45,Micro,175147.82
1847,80840.65,26366.46,7639.6,Mega,197969.94
1848,39733.96,20679.88,3061.27,Micro,84690.93
1849,118265.2,19134.25,8476.18,Mega,109151.8
1850,16555.59,2628.14,3343.8,Macro,36188.45
1851,45507.43,39816.54,842.8,Mega,102026.42
1852,74967.09,28256.81,3668.13,Micro,172402.31
1853,75196.9,45913.78,7940.11,Macro,137041.45
1854,27279.53,10236.89,3113.77,Mega,23248.68
1855,93072.64,18184.47,6574.38,Mega,175219.15
1856,124426.48,19912.58,3965.11,Micro,207904.41
1857,41342.67,6854.4,2329.49,Micro,32156.16
1858,23173.62,7694.73,4328.05,Macro,57194.76
1859,91037.58,37702.37,6062.59,Macro,105140.28
1860,25245.03,4373.47,4071.01,Mega,64976.15
1861,86626.02,27923.71,539.46,Micro,212730.68
1862,33325.21,15215.25,4037.23,Micro,61988.18
1863,54233.26,19395.03,5370.52,Micro,143089.45
1864,67921.89,28894.03,2333.16,Nano,117310.72
1865,42309.51,7961.97,651.58,Mega,93200.19
1866,54121.55,18177.9,3342.23,Nano,95739.88
1867,21570.58,7186.36,75.24,Mega,35743.51
1868,100935.85,37649.78,6322.65,Nano,108106.55
1869,70200.54,6215.29,531.27,Macro,78037.71
1870,56531.61,19067.83,2728.37,Mega,75462.22
1871,20175.34,12564.27,3063.81,Mega,64920.23
1872,68582.25,32758.16,4632.18,Mega,176299.22
1873,38453.16,20293.01,5769.45,Nano,31149.04
1874,32251.28,15186.91,2855.99,Micro,44955.71
1875,14858.78,12206.51,1674.2,Micro,42593.9
1876,84092.41,16250.41,2734.05,Micro,199892.83
1877,116542.5,30371.21,8977.12,Mega,216514.02
1878,96386.87,16545.41,3979.36,Micro,127556.4
1879,17944.99,4687.23,2080.46,Nano,25260.55
1880,26898.84,4400.41,885.96,Micro,38430.89
1881,53518.2,29872.51,10260.19,Mega,111870.48
1882,34004.16,9671.18,2576.95,Nano,40314.3
1883,51979.7,30521.91,3413.11,Micro,129965.99
1884,17333.43,3093.11,2501.84,Micro,46819.44
1885,99894.43,37071.96,6412.86,Nano,139630.64
1886,118125.66,52746.52,5675.42,Micro,104587.73
1887,45191.01,21252.15,5295.9,Mega,142788.84
1888,21709.92,14618.24,905.75,Micro,88152.72
1889,77017.9,26717.84,6105.71,Nano,72838.08
1890,94408.97,23992.92,5125.01,Mega,112997.1
1891,82778.13,44248.56,7024.13,Macro,168170.34
1892,72159.36,7633.22,1825.44,Micro,112166.28
1893,67140.53,19053.0,5419.79,Micro,188486.84
1894,47761.05,17963.76,3371.31,Mega,51421.05
1895,83190.52,54617.46,5137.85,Mega,132145.78
1896,74806.23,38875.86,7099.47,Nano,133784.74
1897,27943.37,5939.22,2432.54,Micro,34133.04
1898,74425.03,19680.41,1154.49,Nano,143211.02
1899,12663.0,6855.64,1674.71,Micro,19837.27
1900,46967.6,3098.4,1329.47,Macro,35706.9
1901,63621.55,10617.94,3969.1,Mega,64790.17
1902,59490.48,26107.67,1198.69,Micro,77424.58
1903,68427.01,14351.54,2404.0,Mega,153133.7
1904,22904.73,2544.42,210.62,Nano,19810.72
1905,75142.27,40460.89,3828.85,Nano,133383.55
1906,90389.22,16289.02,6045.62,Nano,171235.48
1907,18342.02,4275.03,2357.57,Nano,76154.54
1908,23440.06,11000.34,2175.76,Micro,56980.99
1909,658.72,10204.34,4003.3,Micro,13071.66
1910,11232.18,14960.64,4157.36,Micro,20680.78
1911,89231.83,45344.96,5997.37,Mega,134665.56
1912,63391.3,21678.76,2025.28,Mega,88348.74
1913,25634.92,2007.14,1434.94,Macro,34745.28
1914,31450.18,5817.07,779.48,Nano,27839.47
1915,42918.34,17379.83,3211.6,Mega,119442.0
1916,26212.46,19673.92,1401.19,Macro,111297.4
1917,111754.33,24511.74,7917.32,Nano,141894.93
1918,17003.76,7807.82,2751.87,Macro,19118.91
1919,32809.46,15225.92,3805.07,Micro,69234.82
1920,44001.79,13110.6,1625.68,Micro,91538.32
1921,78921.87,16559.52,5915.24,Mega,91835.63
1922,26997.49,30189.44,357.14,Macro,72538.7
1923,57530.29,1841.29,588.16,Micro,86955.44
1924,129944.55,26092.2,6955.77,Micro,155483.18
1925,39915.69,9116.42,4551.27,Mega,70878.79
1926,44426.21,9327.76,1603.3,Micro,79780.27
1927,1293.86,4978.8,1595.52,Micro,23448.39
1928,73643.24,19337.96,4807.66,Mega,100439.74
1929,81160.37,10824.19,7395.6,Mega,92921.93
1930,69498.15,18769.18,5483.11,Macro,79868.6
1931,15673.77,168.85,280.33,Nano,56114.02
1932,61519.7,18132.0,3351.64,Mega,88882.29
1933,30388.71,10075.89,1225.19,Macro,74623.86
1934,73054.54,17429.73,6276.92,Mega,90663.98
1935,49007.63,4771.19,850.27,Nano,84768.41
1936,51292.05,20698.07,6549.28,Nano,99550.38
1937,53694.77,30152.1,6866.25,Nano,172776.03
1938,107440.27,41064.32,6521.06,Nano,155081.21
1939,32567.73,15353.95,1738.2,Micro,94270.27
1940,60133.3,9723.95,711.76,Nano,104566.58
1941,67757.05,6406.9,2336.08,Micro,113906.0
1942,18967.45,1133.56,1633.27,Nano,24460.68
1943,126297.83,43456.73,3017.41,Nano,223819.38
1944,17843.5,10250.22,684.88,Macro,65786.57
1945,61011.94,10956.19,2038.08,Micro,106947.24
1946,63452.31,27107.53,3573.21,Mega,90952.88
1947,71525.54,37851.9,2998.56,Micro,57716.26
1948,48781.42,27306.29,4583.14,Micro,108395.71
1949,61789.36,18536.28,4180.98,Mega,79482.2
1950,107744.83,23770.67,4849.59,Micro,188508.78
1951,93340.64,16818.87,3763.22,Micro,150988.92
1952,81757.51,33632.03,2858.84,Mega,106971.45
1953,52745.57,27314.79,2728.57,Micro,70070.42
1954,66024.98,24104.81,8930.53,Micro,173160.55
1955,21435.5,7620.91,3416.42,Macro,30136.48
1956,46088.82,4053.86,1109.3,Macro,54928.93
1957,57367.93,38725.87,3969.11,Micro,95272.12
1958,28452.94,8657.91,383.87,Mega,60138.49
1959,15642.13,13609.73,3254.18,Micro,36205.21
1960,89419.51,20439.6,6347.88,Nano,90115.12
1961,98751.98,21109.88,3125.86,Micro,87623.59
1962,68418.04,28730.71,6615.75,Macro,102569.73
1963,21031.29,15239.76,986.71,Mega,42611.28
1964,68742.51,14787.05,5704.48,Micro,144171.13
1965,90795.34,20209.5,1841.07,Micro,133896.17
1966,52997.67,11684.16,2458.46,Nano,70357.21
1967,38327.64,2263.38,958.29,Micro,50558.85
1968,92884.91,16522.92,3185.6,Micro,151256.31
1969,52496.1,26117.92,3522.06,Macro,142363.6
1970,38147.18,41355.91,5230.13,Nano,112311.94
1971,13055.86,2006.49,337.16,Nano,19632.41
1972,63675.55,18156.0,5788.04,Nano,118300.08
1973,119324.66,10141.83,497.25,Micro,123909.67
1974,40068.6,23362.42,4214.67,Nano,81241.87
1975,27753.25,9488.36,5075.48,Macro,68235.18
1976,80249.82,41593.12,5912.09,Nano,155509.52
1977,29940.43,18053.52,1584.29,Micro,34531.98
1978,128886.14,24532.63,5653.7,Macro,142893.34
1979,10157.14,3915.32,2383.63,Macro,25432.28
1980,47930.46,11515.74,877.58,Micro,163162.62
1981,37228.34,7307.63,352.86,Nano,98453.68
1982,87736.62,44023.74,6365.58,Micro,117010.69
1983,83183.68,40125.38,3862.18,Mega,145759.67
1984,109082.63,20648.72,4851.67,Micro,230035.32
1985,61465.43,32042.44,4066.66,Mega,126917.02
1986,52023.3,14808.5,1228.18,Mega,71014.33
1987,71509.04,28873.43,2603.67,Nano,119499.15
1988,10372.21,2863.17,346.49,Nano,14164.39
1989,52594.41,16100.42,5193.28,Macro,99599.24
1990,69334.86,25933.17,4153.7,Nano,85107.21
1991,67155.94,18944.33,5254.91,Micro,62702.79
1992,97263.71,32840.23,2488.18,Mega,104081.5
1993,41546.38,20299.76,5253.65,Nano,121628.38
1994,49318.93,10616.3,1805.61,Macro,59465.22
1995,111895.53,36391.73,8352.36,Micro,183176.35
1996,31083.21,6442.0,1703.12,Mega,60719.61
1997,49380.69,34734.8,325.43,Micro,66237.59
1998,42274.85,11615.33,5478.28,Micro,51517.38
1999,86382.96,15267.07,3384.71,Mega,89633.06
2000,30667.32,12379.93,4642.79,Nano,39773.37
2001,69329.71,42551.21,10337.98,Micro,214403.33
2002,36600.03,9042.45,6045.6,Micro,46282.82
2003,29794.47,11059.84,4645.83,Mega,47426.93
2004,30727.92,12217.76,4055.06,Mega,50156.69
2005,78642.88,21321.07,4212.71,Macro,90470.41
2006,28301.95,30610.1,1295.93,Nano,57567.61
2007,18539.28,7187.3,1332.82,Nano,35560.74
2008,20741.91,18752.19,49.25,Micro,37250.04
2009,107136.83,52567.51,6420.97,Nano,167492.04
2010,47088.92,8307.98,4813.23,Mega,113737.11
2011,50077.8,11455.68,2522.17,Macro,87936.29
2012,103943.6,30221.9,6063.87,Macro,206836.21
2013,38794.36,9545.67,339.88,Mega,84102.08
2014,81544.3,17560.29,1021.3,Nano,111247.91
2015,14269.16,2705.14,593.66,Mega,37977.28
2016,38519.87,43386.81,4457.09,Mega,93809.33
2017,47106.36,1871.37,2170.75,Macro,34395.85
2018,67110.01,18257.86,3361.5,Nano,90867.33
2019,98496.37,21650.0,3807.46,Mega,230403.63
2020,74099.44,8191.76,5706.99,Micro,109705.77
2021,68568.83,40931.01,6662.02,Micro,115332.16
2022,37239.4,23997.65,7972.16,Mega,113045.42
2023,76968.02,12077.07,1883.69,Mega,126369.84
2024,18076.91,4295.82,777.46,Nano,17135.75
2025,22404.63,9006.72,1611.17,Micro,39088.28
2026,37269.56,5667.63,3772.52,Micro,94470.6
2027,13614.28,12966.46,582.37,Nano,36806.04
2028,98639.47,27366.96,6931.17,Macro,127224.44
2029,25545.99,3511.39,105.71,Macro,18779.18
2030,93330.21,18828.48,4399.2,Macro,132241.38
2031,84541.2,53026.98,3437.71,Micro,130748.95
2032,78997.19,12586.45,3331.67,Micro,73017.79
2033,67950.6,5760.18,1957.66,Macro,61475.2
2034,33283.8,6711.09,149.94,Mega,68401.69
2035,54934.88,16501.8,6984.63,Nano,106944.27
2036,96361.1,23629.62,5889.23,Macro,157069.43
2037,43573.55,18864.08,4237.9,Macro,74791.17
2038,55019.34,27528.4,3457.85,Mega,125380.75
2039,31168.06,11525.88,903.68,Micro,67665.89
2040,76139.22,22113.99,8145.98,Nano,181877.39
2041,65629.37,16967.0,12108.02,Micro,119741.11
2042,26579.68,9620.62,4060.03,Macro,64631.75
2043,33657.89,600.85,870.27,Macro,86848.58
2044,53934.01,8936.08,1316.83,Nano,77888.55
2045,22714.23,2492.31,1129.23,Micro,47846.06
2046,49991.06,12769.82,11534.63,Mega,76158.09
2047,79217.99,12322.65,2896.23,Nano,72285.19
2048,7830.77,5821.63,968.12,Macro,21520.53
2049,27913.71,10423.98,1590.99,Mega,52428.62
2050,26675.39,516.55,3307.76,Macro,60636.7
2051,86323.29,34948.17,4160.12,Macro,190036.63
2052,34239.77,20287.89,3600.79,Mega,98388.58
2053,53240.56,22830.97,2953.1,Nano,136972.92
2054,55214.14,27384.55,4661.34,Mega,173573.84
2055,61308.43,19854.98,2118.81,Micro,117825.4
2056,90456.64,35392.64,7947.06,Macro,141199.33
2057,56906.04,27958.69,4089.3,Nano,92349.2
2058,32861.81,3226.99,2154.7,Micro,33819.05
2059,13931.23,6950.33,2378.17,Micro,19178.64
2060,84802.35,39548.77,7295.71,Macro,162868.13
2061,87420.66,14141.38,3354.03,Mega,105225.27
2062,35411.35,6802.6,4001.56,Nano,34544.2
2063,77487.45,23505.28,4046.31,Nano,133112.52
2064,46621.37,25531.26,2043.23,Macro,130056.41
2065,48253.44,8487.2,474.42,Macro,96907.46
2066,25909.82,15049.28,3949.36,Nano,57149.71
2067,78946.16,26916.01,3621.74,Micro,155609.27
2068,60226.51,18793.8,2669.57,Nano,84900.57
2069,105499.92,32387.36,7070.95,Micro,167078.21
2070,24910.01,11147.9,3740.23,Micro,65570.7
2071,48000.23,6005.26,425.87,Micro,61714.02
2072,18573.31,18926.09,1740.74,Nano,53910.58
2073,61090.85,26502.85,5029.56,Macro,77731.23
2074,33385.84,17584.76,1727.57,Micro,49736.89
2075,72013.73,19474.85,5909.57,Mega,117320.91
2076,48664.83,22191.1,3022.94,Mega,73251.64
2077,64822.26,35277.78,7716.72,Nano,169515.15
2078,15628.06,8955.37,1391.49,Micro,47107.1
2079,31074.94,29519.73,1585.08,Micro,128246.62
2080,4181.26,101.76,981.48,Nano,36016.29
2081,67546.62,23166.12,917.99,Nano,149704.59
2082,76958.79,5213.45,3220.12,Mega,67796.88
2083,81156.47,16292.26,248.12,Micro,140955.71
2084,91877.91,26677.38,6062.82,Macro,168623.38
2085,65638.51,12875.83,3369.15,Nano,104181.36
2086,66675.81,30091.38,6415.85,Micro,143244.02
2087,62859.01,14691.55,2942.0,Nano,64384.86
2088,18472.48,280.09,182.88,Micro,41665.85
2089,63177.99,13040.23,3090.31,Mega,99383.96
2090,11920.6,1548.24,1584.96,Micro,16658.68
2091,22727.59,2174.32,3009.39,Macro,76696.84
2092,66843.16,27287.5,1782.91,Micro,113304.02
2093,21886.55,138.91,469.53,Nano,29491.24
2094,45034.37,14626.67,3192.29,Micro,41189.66
2095,57383.99,13114.0,4792.64,Nano,84502.18
2096,70708.92,10660.76,3724.56,Micro,77929.52
2097,23703.25,14005.61,1338.04,Micro,32603.21
2098,69971.72,28226.24,5617.72,Mega,87454.62
2099,67090.62,17788.65,5386.11,Macro,144131.1
2100,19478.36,1276.58,748.2,Micro,38274.11
2101,31466.75,29077.12,3316.92,Nano,85269.1
2102,32160.6,14722.84,945.96,Nano,60717.97
2103,96633.21,41649.93,7015.22,Nano,112215.61
2104,92605.51,32469.17,3162.66,Macro,123874.82
2105,88006.72,14829.83,1845.74,Mega,114138.58
2106,49757.47,29645.85,3276.65,Mega,77382.52
2107,20181.12,14872.42,2911.12,Micro,43789.88
2108,61838.65,21280.86,2279.89,Mega,78939.02
2109,76877.31,26298.22,2092.46,Nano,142313.36
2110,42761.82,12462.57,2940.48,Mega,32861.5
2111,75579.54,32847.47,2348.45,Nano,85472.26
2112,89774.46,36763.78,4327.22,Micro,167884.77
2113,103034.13,25795.46,7358.17,Mega,97234.81
2114,40038.57,12182.54,574.25,Nano,96156.01
2115,48129.84,10239.66,3789.15,Macro,67194.48
2116,131115.73,44680.85,5603.83,Macro,133222.02
2117,114584.16,13065.08,4852.58,Macro,188904.41
2118,2771.24,7019.72,2128.34,Nano,32530.24
2119,26958.77,6513.29,979.74,Macro,72681.91
2120,96144.08,44438.7,7015.33,Micro,152840.99
2121,49879.35,24329.62,70.86,Macro,48228.64
2122,38034.98,7820.96,660.17,Nano,91473.33
2123,51171.16,7970.33,3609.03,Nano,59717.61
2124,126928.78,14351.36,7395.2,Mega,127627.37
2125,43498.15,29970.57,4981.5,Mega,82395.24
2126,16329.19,10011.77,1577.31,Micro,44264.87
2127,44111.41,9038.43,5327.11,Nano,81945.67
2128,12564.45,19872.16,342.65,Macro,29356.69
2129,91310.81,24682.93,4810.69,Micro,183194.17
2130,1047.63,8066.67,3386.31,Mega,29849.73
2131,59171.57,9021.15,564.13,Mega,119157.28
2132,41988.9,29280.07,3947.79,Macro,126178.83
2133,37329.36,10858.68,3690.41,Micro,66135.54
2134,67376.0,33627.29,5781.87,Mega,183103.83
2135,37453.22,21117.5,5795.22,Macro,85826.55
2136,131769.28,31058.46,6113.15,Nano,153964.81
2137,83882.05,27102.45,7551.39,Nano,165881.71
2138,100715.81,23238.01,7012.68,Macro,176555.43
2139,39684.26,14974.22,392.28,Mega,60290.31
2140,62694.4,18922.3,1607.62,Micro,139011.17
2141,59915.67,28654.06,4189.13,Mega,161603.52
2142,60350.97,27576.23,6785.86,Mega,109613.36
2143,69445.74,15870.99,2874.71,Micro,74119.92
2144,45715.78,8856.94,4472.24,Macro,62521.59
2145,33860.55,11163.75,6397.43,Macro,41452.15
2146,26457.9,7545.99,254.29,Micro,30774.49
2147,73611.51,27319.75,3287.17,Macro,198699.36
2148,45997.53,19385.23,1831.45,Nano,115018.75
2149,45898.02,16221.25,7345.44,Micro,85426.08
2150,41585.51,7453.38,1410.2,Mega,70168.89
2151,32025.73,4847.0,983.44,Micro,96558.03
2152,47019.41,2138.32,1171.05,Mega,43465.57
2153,76017.78,23928.78,1958.18,Mega,143513.57
2154,96295.45,20059.19,2656.17,Nano,181503.59
2155,118311.93,40364.49,6142.59,Nano,207711.18
2156,52249.36,11863.35,1401.5,Nano,55009.26
2157,15217.02,5207.09,4111.67,Nano,16439.66
2158,53628.63,16846.53,3043.87,Macro,64027.96
2159,25197.4,570.5,1403.27,Nano,24630.82
2160,25552.96,2313.85,3631.54,Micro,39832.68
2161,38294.64,24765.93,2991.64,Micro,106250.9
2162,49807.17,13180.74,208.07,Micro,57828.35
2163,21622.53,13596.58,1982.43,Macro,47773.72
2164,48978.65,11069.94,2612.61,Nano,41282.63
2165,55963.71,14342.61,392.28,Macro,123496.22
2166,54430.58,11601.52,2098.13,Nano,80295.41
2167,39571.23,12788.46,1166.41,Macro,56240.35
2168,77452.83,26748.89,2883.5,Mega,137171.97
2169,37058.39,8026.2,1057.0,Mega,99827.14
2170,46782.35,27392.93,2994.21,Mega,87972.78
2171,73799.67,9583.82,4215.88,Macro,124547.48
2172,29121.7,4682.27,5336.99,Macro,53864.96
2173,5381.56,14703.54,613.43,Micro,55182.1
2174,64888.32,38104.9,6345.91,Macro,168005.53
2175,20770.1,3572.85,782.89,Macro,40517.5
2176,37096.17,3757.92,1043.65,Nano,50186.62
2177,23420.29,9652.91,2490.22,Nano,53817.92
2178,13009.64,3178.4,2629.69,Mega,32577.47
2179,46230.62,23403.53,1677.07,Mega,138986.49
2180,15235.05,17815.75,2005.89,Micro,55681.59
2181,46497.9,28356.71,4879.31,Mega,57668.05
2182,95136.75,28787.72,3360.61,Mega,141067.56
2183,48947.74,13249.6,2968.6,Mega,82662.2
2184,73906.79,7093.63,1586.4,Mega,136462.97
2185,96199.84,27669.02,8511.03,Micro,222900.12
2186,20782.73,4656.39,1760.94,Mega,64284.01
2187,22158.57,7151.3,114.82,Nano,32189.68
2188,58304.14,18243.01,618.2,Macro,62678.44
2189,101570.24,20321.81,5389.31,Micro,210875.63
2190,69303.13,18527.61,4518.23,Micro,156763.71
2191,56332.22,15088.13,2147.84,Nano,66387.08
2192,70939.45,13296.72,5607.6,Micro,137927.75
2193,20606.55,17926.16,3546.49,Macro,65205.72
2194,82992.92,41864.02,5507.7,Macro,147115.78
2195,86345.59,43242.37,3437.85,Micro,209307.69
2196,18650.98,1382.14,658.23,Nano,16257.85
2197,79374.47,13057.71,3593.97,Micro,86203.6
2198,91688.7,17261.07,4140.34,Mega,128020.06
2199,33054.08,18332.69,3186.23,Nano,25318.49
2200,112498.25,19072.66,4222.18,Mega,179144.55
2201,94332.49,31991.34,2291.78,Macro,139990.69
2202,53777.61,35978.13,3253.9,Mega,113293.4
2203,31061.15,1297.84,76.38,Mega,45854.83
2204,29818.39,19319.52,3886.17,Mega,60739.3
2205,30249.93,3507.58,372.86,Macro,46551.09
2206,26902.17,2212.59,3521.1,Macro,43255.56
2207,4963.54,934.31,715.07,Macro,23997.67
2208,21191.0,8294.92,3728.0,Nano,78816.04
2209,74902.58,15217.49,3198.42,Macro,99744.7
2210,52873.23,22272.53,2412.97,Macro,116609.65
2211,37602.72,7894.54,3724.79,Macro,53669.04
2212,42641.56,17889.61,4798.78,Nano,104881.15
2213,96896.52,37170.46,3933.8,Micro,152474.45
2214,104597.62,28831.86,2743.31,Nano,158975.75
2215,82153.41,32440.18,4263.14,Nano,148236.68
2216,84709.42,27710.78,6150.34,Mega,150301.46
2217,47852.15,12952.45,2374.6,Mega,116850.62
2218,22043.78,9406.26,1951.57,Macro,51658.25
2219,44815.58,29288.9,2873.35,Nano,103161.99
2220,85482.7,27596.65,4946.22,Micro,100741.1
2221,85190.47,23737.11,3041.31,Macro,61723.81
2222,12914.8,15785.71,316.27,Macro,29819.84
2223,22156.56,4793.21,4847.89,Mega,28817.4
2224,11228.13,9255.06,3023.13,Nano,19712.89
2225,30862.43,11688.97,745.24,Macro,104183.09
2226,112576.77,45578.56,3687.56,Micro,145784.71
2227,100276.06,12279.79,5459.72,Micro,84843.15
2228,97195.81,31486.19,5915.51,Nano,203160.86
2229,33752.21,3294.51,2636.18,Macro,46226.7
2230,144751.52,25946.27,4645.25,Micro,200708.75
2231,113794.11,18592.26,2603.73,Macro,160466.87
2232,99840.09,25766.83,1179.35,Nano,176901.85
2233,22042.21,6750.87,1075.07,Nano,10120.02
2234,9526.68,3524.62,2350.37,Macro,37823.83
2235,74882.37,19885.77,2369.9,Macro,112533.6
2236,62886.11,26358.98,2421.7,Mega,118487.41
2237,64009.25,15948.59,2148.41,Nano,110764.96
2238,84790.39,31070.82,6181.58,Micro,151288.88
2239,30064.9,12657.55,4643.55,Macro,27079.09
2240,63173.86,32039.7,5001.77,Macro,162606.07
2241,88221.22,40156.94,11964.33,Micro,154327.19
2242,71433.32,36106.93,6320.75,Nano,88912.4
2243,52344.16,32736.95,1478.26,Nano,78123.86
2244,64058.79,19330.63,5110.39,Mega,124437.75
2245,76125.57,38312.46,4448.99,Nano,213691.97
2246,46294.63,6907.31,1893.37,Micro,49610.5
2247,65259.81,22588.41,4347.56,Mega,157614.61
2248,6061.37,1691.06,323.28,Mega,21768.24
2249,35736.26,12040.02,4774.72,Micro,101398.55
2250,38421.8,12920.6,3883.81,Nano,87157.8
2251,61425.33,13569.0,3835.21,Nano,126102.47
2252,45273.41,20058.0,4524.16,Macro,140739.98
2253,103449.28,21497.03,969.79,Nano,133359.4
2254,109199.84,40762.26,4646.32,Nano,109283.76
2255,68423.84,33247.21,2420.8,Macro,172984.21
2256,54142.19,14331.62,2810.26,Macro,90200.42
2257,40024.87,6444.31,3938.81,Nano,52361.0
2258,48364.31,8627.21,4938.31,Nano,129179.15
2259,35209.26,13674.64,1309.44,Micro,50528.93
2260,123392.13,31908.47,5280.72,Mega,205434.55
2261,32922.9,4120.53,477.26,Micro,59580.11
2262,26687.68,4633.24,394.93,Macro,57799.89
2263,50609.23,3156.4,1830.34,Nano,54386.53
2264,74329.44,44046.1,6718.19,Nano,88773.29
2265,16155.56,3406.35,1016.8,Mega,50479.93
2266,138003.46,45580.65,9619.58,Nano,150060.21
2267,9722.7,3368.25,189.19,Micro,34847.47
2268,59527.12,10889.84,1294.08,Macro,37840.04
2269,43249.99,13941.55,5073.87,Micro,123922.35
2270,98560.21,34321.38,6654.6,Mega,153032.34
2271,38676.71,28680.81,1532.24,Micro,64339.35
2272,58892.6,29772.22,653.84,Macro,92419.71
2273,23296.67,20668.84,2830.15,Micro,95993.22
2274,41383.51,5515.51,1622.31,Nano,77075.68
2275,45591.26,9931.73,365.61,Macro,59521.21
2276,16437.02,12293.29,4654.44,Nano,85456.21
2277,126607.03,33284.51,6664.55,Macro,128721.47
2278,51511.51,10113.4,2485.25,Nano,55425.75
2279,61809.38,16407.8,4793.89,Macro,79132.09
2280,20110.65,10095.2,3181.4,Mega,46672.4
2281,1183.18,2110.07,2995.11,Micro,17917.77
2282,34355.31,7910.22,1206.35,Macro,23951.5
2283,60703.07,20127.45,4707.49,Nano,180282.25
2284,25338.27,20906.82,890.84,Micro,65884.34
2285,8706.88,4446.55,1163.72,Mega,52511.12
2286,54042.63,8293.91,747.08,Nano,78311.91
2287,6562.37,1092.13,3082.83,Micro,39107.4
2288,48299.1,21148.39,172.82,Macro,72689.5
2289,61042.59,22617.48,3981.73,Nano,129832.41
2290,115453.43,32375.85,5105.36,Nano,206452.83
2291,83890.72,12794.11,4379.75,Macro,115096.95
2292,68757.29,32919.1,13981.66,Macro,108278.65
2293,131544.27,35451.56,3084.05,Micro,132309.49
2294,46823.17,18237.44,4567.82,Macro,64696.17
2295,79277.47,31397.26,5432.04,Mega,103604.17
2296,77046.66,34999.1,2807.29,Nano,123132.52
2297,32969.14,9146.19,3609.31,Nano,85153.23
2298,67769.61,16537.78,7068.86,Mega,163937.06
2299,99307.22,32188.15,8260.13,Macro,137586.38
2300,70951.78,48577.52,6553.82,Micro,234174.75
2301,86444.85,23634.99,4968.61,Mega,114604.39
2302,1727.19,1728.79,1044.44,Mega,22532.99
2303,111321.04,20996.55,2039.59,Mega,90901.01
2304,70948.95,19904.12,1967.18,Macro,101262.02
2305,78372.59,47076.81,2480.41,Mega,147815.78
2306,62657.45,21003.46,635.24,Nano,99471.55
2307,45657.16,18870.94,3041.88,Micro,72207.48
2308,19556.89,5906.04,3614.72,Micro,19010.88
2309,33441.79,7116.62,1836.59,Micro,54421.24
2310,26702.01,5303.04,732.19,Micro,33385.86
2311,46211.48,7157.87,1234.11,Macro,60287.65
2312,111048.62,34862.89,7805.69,Nano,158660.26
2313,76282.68,27024.86,3278.63,Macro,160055.43
2314,52708.41,21266.27,41.23,Mega,63217.28
2315,67138.1,35141.73,3530.83,Mega,194183.53
2316,86875.29,23328.74,7021.63,Micro,142165.37
2317,2220.89,683.96,2921.06,Micro,32670.22
2318,12449.44,12050.13,3237.07,Mega,63799.03
2319,42331.67,2424.27,1675.12,Macro,34361.48
2320,69048.49,38042.78,3378.65,Micro,165552.81
2321,23541.28,10679.14,3624.35,Nano,74156.66
2322,27082.47,9510.11,1971.8,Mega,80024.41
2323,107929.85,31038.03,4282.73,Macro,194856.44
2324,112989.1,37645.93,3518.44,Macro,175052.47
2325,15626.01,4604.34,186.16,Macro,39135.72
2326,102076.06,32716.6,3386.45,Nano,183761.64
2327,29085.04,15290.66,3619.46,Micro,71853.48
2328,66761.62,21538.97,8637.17,Nano,172236.77
2329,97067.57,17771.95,4408.97,Micro,139522.73
2330,46632.4,19471.47,4310.97,Macro,89521.81
2331,79706.82,43497.5,5481.84,Macro,105335.99
2332,35013.17,7816.37,139.61,Micro,45598.0
2333,105926.32,31217.08,1176.8,Macro,174898.13
2334,45538.47,6290.96,5247.67,Nano,45608.34
2335,36715.41,15891.8,1837.7,Nano,61847.58
2336,28949.38,8624.03,1953.83,Micro,68984.09
2337,20926.22,9278.97,2621.16,Nano,41721.88
2338,110428.13,46640.71,4937.95,Micro,112698.62
2339,59994.38,33343.87,4587.97,Micro,124115.0
2340,35279.22,10391.67,2038.21,Mega,39130.42
2341,30721.22,9030.18,4531.27,Macro,50917.86
2342,91143.62,18611.99,4602.43,Macro,103301.24
2343,20204.65,7742.25,3544.38,Nano,27042.81
2344,36545.02,42526.47,4695.38,Mega,91003.53
2345,19758.01,5466.83,4472.2,Mega,21511.33
2346,82560.73,28759.08,5201.52,Nano,176934.79
2347,17805.89,22947.61,1949.95,Mega,36178.04
2348,41040.56,27045.43,9195.5,Nano,69512.89
2349,135298.26,14305.77,4826.0,Mega,218609.59
2350,51838.74,5537.49,6949.63,Macro,74161.4
2351,42013.48,26581.52,2056.27,Micro,163284.27
2352,80313.29,15420.97,3145.12,Macro,77664.24
2353,42686.17,9005.68,2334.42,Nano,69749.16
2354,18961.89,44.97,947.36,Micro,47705.25
2355,52300.24,23805.78,4630.81,Mega,73394.8
2356,45590.88,25605.98,3316.62,Micro,73822.32
2357,19667.23,2648.62,2647.98,Nano,29821.3
2358,117844.19,45695.73,9187.2,Mega,120900.8
2359,49630.35,27990.79,2568.99,Mega,80181.04
2360,117675.31,24509.69,7879.23,Micro,157758.26
2361,80812.36,16629.47,820.35,Micro,79559.91
2362,34165.53,19004.23,2593.97,Macro,97163.06
2363,9263.46,20753.73,126.92,Micro,46959.48
2364,65316.23,32841.67,10610.9,Mega,172054.42
2365,36628.86,2995.99,809.43,Macro,43824.85
2366,26366.51,5684.67,3306.2,Micro,51642.68
2367,56581.51,16731.14,2253.73,Mega,82286.37
2368,77272.74,16069.37,3492.27,Macro,65540.92
2369,99543.23,37565.31,6764.27,Micro,189762.09
2370,36069.85,26262.49,4551.9,Macro,138694.11
2371,48945.91,3798.24,1573.4,Macro,77000.86
2372,42177.32,5926.86,1708.18,Micro,73505.18
2373,45973.1,27457.6,4313.0,Macro,93976.23
2374,39626.66,9158.17,1251.59,Macro,95168.04
2375,9921.3,1398.77,939.79,Mega,21603.26
2376,92273.87,21142.6,4919.93,Macro,189115.94
2377,83166.84,20126.89,3205.91,Micro,161215.26
2378,125803.14,46173.44,2679.17,Micro,122853.24
2379,109262.92,17014.32,5196.09,Macro,179273.29
2380,43243.56,26349.39,4434.1,Nano,103988.67
2381,77230.02,25283.17,4433.75,Nano,118022.74
2382,26594.99,7016.7,973.36,Micro,53375.2
2383,70904.11,33457.13,5179.79,Mega,154236.38
2384,76981.0,19594.27,6164.97,Mega,164256.83
2385,4824.5,3342.09,689.81,Micro,13046.4
2386,92228.4,51610.76,5298.16,Mega,207616.15
2387,61045.34,36147.18,4409.21,Mega,101132.72
2388,126143.32,24651.86,2924.1,Micro,147333.24
2389,20952.59,2967.09,903.95,Nano,30135.9
2390,55893.29,39752.09,4091.1,Nano,98398.39
2391,15108.68,2388.38,167.34,Nano,42719.02
2392,81450.02,21246.75,2967.63,Nano,197485.45
2393,70524.21,38705.0,6636.37,Macro,84986.75
2394,54261.59,19916.16,504.15,Micro,72099.62
2395,38366.66,11309.49,989.82,Macro,34166.06
2396,36740.3,11221.2,2407.93,Nano,124287.91
2397,56145.17,15116.42,4857.01,Mega,96204.46
2398,42961.06,7334.0,3313.74,Macro,83611.48
2399,92126.43,28205.87,3726.71,Macro,88714.94
2400,29161.36,23083.95,4263.71,Macro,69237.5
2401,88253.92,51679.5,4378.51,Nano,176900.29
2402,39201.23,15453.06,2927.41,Mega,71981.34
2403,48979.77,19153.77,3820.04,Micro,82098.03
2404,31252.61,5537.4,1333.77,Macro,52895.98
2405,27761.1,8042.55,2109.13,Micro,34822.87
2406,61418.89,18439.34,749.84,Nano,104531.99
2407,36678.27,18154.81,3036.47,Mega,85311.93
2408,56468.71,11695.7,2655.94,Nano,138735.0
2409,94019.1,12167.62,4977.3,Nano,102168.73
2410,45664.66,8682.42,33.31,Nano,58748.86
2411,29063.02,12315.02,298.54,Nano,33436.23
2412,70009.53,10682.76,1227.23,Nano,147694.38
2413,86043.29,32573.79,5275.76,Macro,154355.65
2414,28142.34,5988.64,319.33,Nano,70380.9
2415,26555.24,14657.12,4067.51,Nano,48861.28
2416,101216.59,28573.34,2588.14,Mega,171634.17
2417,69109.46,44116.75,5531.11,Macro,108821.74
2418,33965.36,13405.85,7608.26,Mega,118680.1
2419,54008.04,15975.17,5622.28,Micro,91774.85
2420,120046.85,37073.07,2984.06,Nano,144148.51
2421,124273.46,26946.66,2528.22,Macro,166095.22
2422,7177.34,8762.26,3155.1,Macro,19812.5
2423,70708.82,30729.9,5378.53,Micro,145917.22
2424,7105.9,1767.31,828.5,Nano,14636.36
2425,75001.32,15830.73,7574.49,Nano,190493.58
2426,39983.13,9845.28,842.59,Micro,58579.55
2427,18925.25,12840.19,2575.88,Macro,29832.88
2428,85535.22,18285.65,4794.13,Nano,148555.43
2429,4780.2,2935.97,755.76,Nano,41599.26
2430,34146.46,3973.36,1207.37,Micro,59334.69
2431,13881.95,6373.49,1960.49,Nano,22953.35
2432,126861.03,15379.82,5078.64,Micro,227776.41
2433,45555.43,37901.24,6205.36,Mega,147760.23
2434,21188.75,20970.32,4750.98,Nano,73507.25
2435,86094.46,40828.87,5055.6,Nano,75293.05
2436,32636.65,12929.56,4468.69,Micro,93503.16
2437,50972.21,12912.99,2126.14,Micro,130971.07
2438,58591.09,12200.3,1463.93,Micro,102968.18
2439,83568.73,38153.99,4965.53,Nano,203294.15
2440,16768.77,3356.76,1877.09,Mega,48998.29
2441,92229.91,13327.07,4591.35,Micro,158275.04
2442,43309.34,7649.11,3631.96,Nano,88217.36
2443,51754.72,5857.98,763.79,Macro,106159.3
2444,125614.78,38990.97,2549.59,Nano,159346.03
2445,25561.02,3042.1,2388.98,Mega,17097.66
2446,101793.22,31478.9,8950.14,Macro,163936.79
2447,18455.63,1804.99,2637.87,Mega,23804.58
2448,42640.69,13257.77,2297.24,Mega,62451.9
2449,38659.44,11181.07,2103.35,Micro,44622.76
2450,58458.52,38256.83,8323.85,Nano,121168.85
2451,93411.25,31208.02,4849.9,Mega,158372.3
2452,39841.43,11658.24,2503.55,Macro,66318.99
2453,79085.83,12621.66,2926.56,Mega,153748.21
2454,83247.11,32830.73,1805.95,Nano,120244.61
2455,37474.31,19341.03,5979.96,Micro,57230.51
2456,111491.48,39409.02,2927.05,Micro,108879.72
2457,129090.61,26547.16,6341.6,Nano,123256.2
2458,2838.9,1005.5,3259.92,Mega,22052.29
2459,68812.81,9459.52,297.66,Macro,63324.97
2460,6167.79,10680.63,500.02,Mega,27851.1
2461,44374.38,24561.37,4515.25,Nano,93704.69
2462,90128.01,40219.33,5380.12,Mega,96715.57
2463,48814.16,21016.86,8160.68,Micro,62871.92
2464,35317.62,5106.32,1949.23,Micro,40389.7
2465,56065.3,18799.92,605.21,Nano,85257.64
2466,60644.33,17968.5,4584.67,Micro,134725.03
2467,122490.48,16059.47,7478.93,Nano,170972.49
2468,41444.39,31454.42,6434.46,Macro,102507.47
2469,53254.15,20416.48,1698.19,Mega,94153.28
2470,8104.89,12832.04,2985.64,Macro,15313.55
2471,17474.35,8719.07,1182.06,Nano,30843.39
2472,19685.19,9506.82,4595.99,Macro,24184.45
2473,32624.39,3125.69,395.81,Nano,72218.82
2474,61450.94,15047.68,2842.3,Mega,90104.9
2475,43357.68,18024.13,224.4,Micro,62670.64
2476,55605.86,15005.41,4218.23,Mega,66972.34
2477,59936.25,38702.47,4932.78,Micro,138463.28
2478,74713.16,21249.26,4869.75,Nano,98078.4
2479,63131.41,8573.25,735.76,Nano,79917.78
2480,12718.87,17076.9,953.75,Mega,46104.19
2481,32555.59,4442.0,13.63,Micro,56997.73
2482,57004.01,11863.37,3676.14,Mega,160235.48
2483,62208.87,38461.69,4163.34,Macro,92824.38
2484,110481.85,13614.73,1706.8,Micro,180474.36
2485,40842.34,11792.34,2344.05,Nano,66458.77
2486,119745.96,35133.22,5830.73,Micro,152408.45
2487,27509.62,940.32,2974.8,Mega,82376.87
2488,73031.56,17732.71,5427.98,Micro,93073.48
2489,49145.28,40463.38,6889.01,Macro,113072.62
2490,74555.67,16142.71,3888.11,Micro,65780.45
2491,23018.48,2268.28,424.42,Micro,40439.52
2492,124849.54,14244.45,5170.24,Macro,153840.35
2493,11574.3,16.26,1471.71,Micro,20681.38
2494,37823.43,16572.87,379.87,Nano,75397.02
2495,34170.96,7949.01,436.41,Micro,47170.03
2496,38972.07,3773.2,5315.75,Mega,79247.24
2497,62923.37,15055.95,323.43,Macro,75105.17
2498,87013.99,21414.25,5554.09,Mega,147389.62
2499,84935.82,37211.87,6619.13,Macro,163375.28
2500,27422.11,5034.55,515.67,Macro,70426.54
2501,43713.01,17120.49,1952.59,Micro,110399.8
2502,80871.66,39999.86,5223.39,Nano,140005.96
2503,15071.55,10537.25,403.19,Macro,45023.23
2504,71389.21,30644.91,8806.43,Macro,165484.02
2505,92679.11,14970.29,3090.11,Macro,172938.06
2506,79981.8,15607.3,3144.18,Mega,207434.13
2507,17635.12,9065.39,2338.19,Mega,42507.23
2508,54712.13,10877.44,1010.49,Micro,76194.09
2509,46360.69,10267.63,1719.86,Nano,94108.24
2510,93592.92,13075.44,3352.12,Mega,180458.78
2511,19613.38,12599.08,3082.76,Micro,73743.19
2512,29042.94,17255.44,2714.22,Micro,104055.15
2513,16459.69,4493.72,950.59,Micro,26605.14
2514,40467.9,20820.24,5481.3,Macro,84180.37
2515,32117.59,6280.69,342.54,Mega,42522.05
2516,56495.18,41150.47,2578.41,Micro,96065.73
2517,13216.54,6457.05,2410.0,Micro,49214.17
2518,87681.21,35082.2,3882.8,Macro,130962.81
2519,53790.46,32084.01,1895.65,Mega,64108.0
2520,39267.28,12479.87,67.28,Nano,38894.53
2521,63134.36,10993.45,1843.29,Macro,52429.82
2522,54726.3,8048.75,4829.4,Macro,34226.89
2523,22573.55,9285.86,3029.45,Micro,50478.22
2524,19090.78,6105.71,3476.85,Macro,14057.78
2525,57279.78,8824.15,2206.97,Mega,73220.12
2526,64829.75,8080.76,3573.62,Nano,81713.08
2527,57332.93,18792.33,6433.18,Macro,115561.88
2528,24805.48,21182.31,1308.92,Mega,60226.5
2529,52855.97,11602.88,2528.03,Nano,47710.75
2530,44408.56,16595.37,2078.11,Macro,49453.16
2531,53439.3,28644.4,2943.29,Mega,134688.23
2532,31400.8,18737.38,1608.62,Nano,53824.41
2533,44004.52,6040.21,1983.44,Micro,83668.35
2534,36921.24,9579.92,39.4,Mega,43206.5
2535,70083.43,29538.49,4269.13,Micro,55401.8
2536,33829.54,7137.98,3775.34,Nano,32178.65
2537,21609.32,6579.45,2684.3,Nano,46329.76
2538,59140.42,23909.99,1336.25,Nano,54869.86
2539,19608.02,260.29,443.92,Micro,31698.17
2540,70767.19,32401.41,5677.71,Mega,134820.24
2541,92075.64,5841.77,3647.49,Macro,128380.9
2542,66935.46,11147.96,4653.81,Nano,163257.38
2543,23959.89,16668.31,2381.36,Macro,53956.58
2544,45391.51,12504.38,656.32,Nano,84550.71
2545,55720.47,16630.51,3111.93,Macro,124237.03
2546,87589.66,14362.18,7527.45,Nano,103283.27
2547,106156.04,13745.89,1184.93,Macro,226337.79
2548,103745.51,31223.12,3828.1,Mega,122582.74
2549,18335.0,1078.92,663.2,Mega,52251.08
2550,81180.63,23492.16,5133.57,Macro,183086.2
2551,24981.3,7886.63,617.18,Micro,79793.31
2552,4196.83,9490.85,3319.24,Nano,38283.04
2553,13297.58,13796.2,3247.08,Mega,52662.38
2554,47350.15,19624.36,910.7,Nano,58689.15
2555,37250.08,21740.77,2004.71,Nano,108899.99
2556,58000.72,29287.97,5146.71,Macro,145238.48
2557,47197.03,11424.03,4740.68,Mega,137470.28
2558,28737.52,19265.12,7680.49,Macro,94413.96
2559,72247.41,31902.92,2535.53,Mega,90408.63
2560,95888.65,30035.33,1275.25,Nano,156735.74
2561,49375.09,20360.13,344.63,Micro,97589.74
2562,95027.8,11614.84,2780.68,Micro,105911.37
2563,76641.87,13018.57,6524.48,Mega,105346.06
2564,48420.76,15844.91,421.87,Micro,42929.45
2565,62892.88,12588.2,3039.99,Micro,86045.43
2566,88743.67,37501.96,3791.25,Macro,148071.11
2567,19749.96,8425.34,4311.25,Macro,68457.89
2568,114495.66,29472.57,785.41,Micro,117191.04
2569,87157.21,27790.63,5517.52,Nano,113130.14
2570,69130.68,12842.4,6750.36,Micro,78849.61
2571,22478.87,961.07,259.15,Micro,63465.17
2572,88017.56,15940.16,6995.89,Nano,167945.98
2573,58074.71,14913.12,6685.43,Nano,126224.73
2574,27031.76,7731.61,2147.24,Micro,34472.97
2575,13924.3,3591.33,1110.67,Macro,18704.28
2576,34751.57,11252.91,2871.8,Mega,87683.45
2577,9022.1,6266.4,28.85,Macro,28968.69
2578,22318.9,8699.7,3732.88,Mega,41615.85
2579,44911.69,5090.4,627.61,Nano,28028.18
2580,49978.3,20797.34,2836.32,Micro,71144.03
2581,59324.52,24860.66,1533.42,Nano,67439.8
2582,20259.51,8807.34,4012.59,Nano,56137.35
2583,43950.16,24417.15,71.73,Macro,81432.32
2584,19749.32,20261.06,612.04,Micro,67299.45
2585,95484.16,26042.38,4636.85,Mega,129491.57
2586,13977.45,10254.34,3693.05,Nano,35639.33
2587,36271.74,7015.8,1431.27,Micro,52160.92
2588,79307.93,27864.16,6090.08,Macro,83923.36
2589,59092.44,8202.96,1567.27,Mega,86809.62
2590,63929.39,19349.93,1277.63,Micro,186536.36
2591,47798.71,25928.52,1980.81,Mega,124992.79
2592,30929.09,18082.19,229.96,Mega,64432.73
2593,17630.75,3142.53,73.87,Macro,37845.28
2594,86179.32,46137.62,5473.18,Micro,172432.32
2595,20427.7,10081.1,753.33,Macro,45409.72
2596,29947.58,21624.01,3637.02,Micro,39587.88
2597,41090.68,21714.84,3006.83,Macro,84849.16
2598,33075.39,19220.45,1282.19,Micro,63866.63
2599,73993.64,35751.68,3746.04,Mega,127238.61
2600,102621.49,35595.77,5274.59,Macro,207166.73
2601,41564.86,33043.18,1048.03,Nano,103228.54
2602,48416.58,12655.28,3203.52,Nano,87288.91
2603,84035.81,23599.6,2750.43,Mega,187645.7
2604,79459.15,26843.73,4878.58,Nano,171240.08
2605,94930.2,25532.63,7642.07,Micro,195455.83
2606,58033.13,13823.18,4461.36,Macro,130318.95
2607,64301.0,12621.24,4243.39,Nano,71411.91
2608,38346.33,13302.7,714.26,Micro,100922.98
2609,42715.6,8608.6,2210.37,Mega,33598.94
2610,11664.55,22755.2,237.53,Macro,48585.76
2611,120478.03,25280.46,2769.97,Macro,198272.61
2612,38147.17,17380.37,1756.97,Macro,71520.37
2613,25422.73,6889.56,323.52,Nano,32674.86
2614,48320.96,5087.02,3545.25,Macro,100952.39
2615,8756.25,3274.67,3332.88,Macro,29462.76
2616,20608.35,8588.79,2627.86,Micro,16546.48
2617,54715.78,32959.06,5078.55,Micro,107650.11
2618,47854.71,7017.45,423.43,Macro,79969.12
2619,3929.08,2645.59,165.21,Macro,41568.3
2620,88504.96,30274.7,2587.76,Macro,77125.09
2621,67615.2,22055.01,5623.28,Mega,89923.89
2622,54381.43,30900.71,3817.54,Mega,106965.93
2623,106983.42,48819.6,4480.49,Nano,126932.61
2624,74074.85,14417.7,2155.24,Macro,140015.95
2625,57799.73,12934.45,1575.54,Macro,66392.55
2626,53648.2,24417.7,1700.15,Macro,129300.18
2627,27302.86,6415.86,1381.46,Nano,28597.5
2628,49369.05,14104.59,3241.37,Nano,123474.05
2629,64611.35,34417.02,7958.53,Micro,219334.56
2630,42929.11,14531.29,137.83,Mega,56352.81
2631,114628.71,43872.06,6740.52,Macro,227918.17
2632,120900.85,35372.18,788.52,Macro,151838.41
2633,38776.72,4186.72,780.99,Micro,62855.44
2634,25902.66,9537.4,377.18,Nano,63603.2
2635,53607.32,20872.78,4768.47,Nano,86212.92
2636,35549.06,5037.43,3662.49,Macro,51372.28
2637,45342.79,8054.93,2703.72,Micro,107601.44
2638,81456.48,22978.89,3156.46,Macro,183554.72
2639,57156.79,9902.42,4050.82,Mega,118208.63
2640,16145.05,22212.43,1894.45,Micro,35669.32
2641,83298.81,16890.49,9204.86,Macro,91614.37
2642,77541.44,31270.86,6427.11,Nano,77959.2
2643,38732.99,11336.71,3030.38,Micro,41899.72
2644,43334.22,12591.68,3989.67,Macro,77417.68
2645,46305.84,29689.53,386.92,Mega,82704.88
2646,77775.36,8340.47,1675.08,Micro,142175.73
2647,31966.54,13077.62,3105.42,Nano,74153.81
2648,108544.84,30462.1,6186.57,Macro,204744.14
2649,63613.93,25058.84,6963.6,Mega,200887.7
2650,99895.38,40481.21,4445.17,Micro,183665.08
2651,51582.23,8601.5,1820.9,Micro,69164.56
2652,58444.5,27149.27,2884.63,Nano,102490.12
2653,11434.55,16080.31,1461.19,Mega,29375.23
2654,53646.0,10208.0,569.85,Nano,51336.94
2655,40598.81,21108.08,7154.16,Mega,117847.07
2656,61439.79,25927.12,6048.2,Macro,151717.9
2657,127393.67,18162.26,5354.75,Nano,112374.54
2658,45041.52,20410.21,1042.5,Nano,120304.18
2659,75079.81,15178.46,1437.49,Micro,118925.26
2660,10083.66,14971.75,863.38,Nano,43696.96
2661,48628.85,21413.74,7172.55,Nano,85821.96
2662,43480.96,14527.33,2638.89,Mega,73659.37
2663,62232.26,16080.73,3429.95,Mega,106986.43
2664,76525.71,27429.09,4666.19,Macro,99912.6
2665,118170.83,39389.28,5163.95,Nano,187539.76
2666,45529.72,26978.3,2877.56,Macro,81096.09
2667,23072.03,2182.71,2092.68,Micro,22537.24
2668,25726.59,6121.35,5542.36,Micro,28899.43
2669,36247.29,14036.95,3797.95,Micro,53700.41
2670,82215.27,22929.6,1927.4,Nano,80887.52
2671,98079.43,29775.01,4626.63,Mega,186739.91
2672,28841.65,13763.05,2218.97,Nano,100670.45
2673,28235.42,1933.87,2194.33,Nano,19577.76
2674,16147.43,3866.25,2975.87,Mega,44762.18
2675,84154.51,19714.0,4179.37,Nano,195254.92
2676,41367.8,5820.81,1011.6,Micro,36410.56
2677,29905.67,2680.58,651.58,Mega,83595.39
2678,47139.12,27561.95,4080.0,Nano,136390.55
2679,72763.61,31516.12,3116.9,Macro,137509.78
2680,101511.88,26995.87,3436.52,Nano,145898.29
2681,62681.31,19130.45,6603.77,Micro,147235.89
2682,82110.53,30666.88,5892.87,Nano,152432.67
2683,56181.15,26153.64,6430.95,Macro,176808.28
2684,86229.36,49892.86,6443.25,Macro,123006.36
2685,67542.54,20483.12,4202.65,Micro,159783.72
2686,111577.22,26611.55,4338.47,Nano,133002.19
2687,46175.38,4704.39,2878.87,Nano,41186.88
2688,38701.17,2552.29,57.92,Macro,35536.3
2689,77757.98,9586.64,737.13,Micro,143435.0
2690,76397.47,18652.72,7117.01,Micro,202219.25
2691,49192.27,41709.05,4224.37,Nano,124542.06
2692,60625.61,19149.68,49.66,Nano,89988.29
2693,20127.3,4040.06,905.12,Macro,42194.78
2694,37699.47,14091.04,2427.71,Micro,45790.03
2695,35600.22,9286.57,247.26,Nano,90962.59
2696,43383.21,30488.95,2802.77,Nano,46346.33
2697,102660.94,10772.24,1541.12,Micro,107740.93
2698,61577.76,19116.44,3168.88,Macro,99455.74
2699,16395.71,7152.42,2962.68,Macro,64034.31
2700,60610.66,10293.26,1461.0,Nano,57546.35
2701,89932.81,42351.42,2733.31,Macro,215367.09
2702,48398.14,21040.33,4832.0,Mega,107868.58
2703,95360.16,21122.8,481.81,Nano,100529.67
2704,92356.62,23801.68,6111.23,Micro,101302.38
2705,28960.93,22857.01,5942.59,Macro,66979.93
2706,72214.73,22725.22,1621.09,Mega,159404.34
2707,24558.97,12595.2,2270.71,Macro,51163.31
2708,15403.91,14369.07,3383.36,Mega,32592.67
2709,22502.17,3793.0,2164.88,Macro,38073.33
2710,17122.26,6060.9,47.12,Mega,47748.39
2711,37192.77,10560.71,1960.64,Nano,63363.38
2712,17007.69,4408.41,1558.48,Micro,23653.14
2713,55793.44,12279.03,2297.89,Macro,115998.41
2714,28568.04,12797.76,731.71,Nano,30387.63
2715,49805.16,21419.06,3774.5,Micro,95303.89
2716,71929.95,23293.94,10030.24,Mega,138763.71
2717,70723.14,28049.4,5555.74,Macro,132542.32
2718,7513.81,451.88,3621.61,Mega,23831.58
2719,116638.42,36807.58,5207.84,Micro,111920.29
2720,24949.14,12999.93,438.13,Macro,88927.84
2721,6258.88,4645.83,3058.64,Mega,15746.31
2722,68403.66,31622.34,6986.83,Micro,139709.86
2723,82233.45,32851.18,7897.15,Macro,140185.82
2724,10099.36,8367.77,1.32,Macro,55294.15
2725,38454.57,15812.77,5585.57,Mega,37547.17
2726,31274.67,3888.24,1761.4,Nano,56756.55
2727,41193.53,16432.88,4621.33,Nano,76579.95
2728,57169.57,21418.81,3943.08,Macro,117870.91
2729,107146.77,38262.84,1015.74,Nano,111700.53
2730,44563.36,27056.14,8045.76,Nano,159761.4
2731,68880.11,18101.29,5609.71,Mega,167408.27
2732,44821.98,25440.84,7490.0,Nano,101555.67
2733,54345.03,8510.41,891.25,Macro,81737.01
2734,68969.86,29004.86,8688.0,Nano,125581.56
2735,81367.61,20061.62,2696.29,Nano,104890.57
2736,102268.67,14456.45,5005.5,Mega,164543.08
2737,72452.03,27663.35,831.08,Micro,111048.0
2738,18462.48,4185.46,1251.41,Mega,40611.23
2739,25159.03,17246.42,417.05,Mega,37570.37
2740,24051.68,10180.59,1920.96,Nano,91384.99
2741,70588.09,19845.84,1778.59,Mega,133845.32
2742,57939.17,10655.84,3087.82,Macro,89412.51
2743,58740.67,34934.91,3636.0,Micro,137049.05
2744,19066.39,7519.8,1873.04,Mega,64664.17
2745,12098.28,3541.21,331.17,Mega,21296.73
2746,62471.91,24317.59,5276.3,Nano,97483.12
2747,14363.33,11176.03,926.51,Mega,53680.96
2748,55029.28,27917.14,1302.01,Micro,77710.23
2749,72169.72,15392.53,8186.19,Mega,156090.85
2750,36293.05,21659.2,935.73,Macro,58939.19
2751,95710.45,41494.89,6693.9,Micro,167878.66
2752,58089.42,31543.12,3363.06,Micro,137996.85
2753,46630.66,8223.76,2751.05,Macro,96696.01
2754,47443.6,7183.9,1069.79,Nano,56922.75
2755,59217.58,19787.96,4355.75,Mega,175520.94
2756,104786.75,12854.8,2831.54,Macro,123512.41
2757,64373.55,24443.68,2394.66,Macro,89837.6
2758,53180.19,23380.72,4566.44,Micro,71427.75
2759,33119.58,9409.15,1367.69,Nano,49892.91
2760,45633.08,33203.6,3930.57,Macro,56649.88
2761,16797.28,5445.07,3215.15,Micro,46218.19
2762,52415.98,2683.9,2032.74,Micro,33431.73
2763,35538.07,14234.9,392.22,Micro,99158.69
2764,27672.72,6143.04,2311.2,Nano,49218.01
2765,52270.1,27018.63,6145.55,Mega,106439.4
2766,57606.32,11491.16,3588.91,Mega,163166.68
2767,74581.74,39863.29,7565.1,Micro,237705.49
2768,131768.54,42520.9,5817.88,Mega,127230.69
2769,41900.18,6304.61,142.95,Nano,50369.27
2770,51822.62,25310.25,5305.81,Nano,98742.59
2771,18777.33,3672.12,37.36,Micro,22869.94
2772,56971.05,33889.12,643.44,Micro,92259.11
2773,53880.47,5785.41,2552.76,Nano,87964.19
2774,28319.18,9181.76,4279.0,Micro,61406.11
2775,23002.63,11047.66,789.06,Mega,58444.81
2776,40212.03,13273.65,1774.85,Nano,52920.87
2777,79913.69,25394.9,4248.04,Micro,135260.94
2778,84165.83,28600.5,3961.28,Macro,137185.41
2779,76882.46,29493.78,4401.73,Nano,125241.82
2780,76167.51,48240.16,4817.67,Macro,137505.95
2781,89377.48,7057.43,1648.89,Mega,90891.11
2782,39480.39,21155.78,381.85,Nano,78014.25
2783,49939.72,21063.05,6272.88,Macro,111832.95
2784,78750.56,30844.44,2537.91,Nano,168229.07
2785,29762.56,9876.77,3464.1,Mega,71884.2
2786,12546.42,19591.44,3470.84,Micro,47554.75
2787,52940.65,28460.56,2236.35,Nano,163571.34
2788,34606.78,5390.28,1156.61,Mega,66498.41
2789,116024.88,49799.83,8470.34,Nano,120617.45
2790,46968.25,10642.73,2585.12,Macro,63740.98
2791,23296.35,15701.06,1277.72,Macro,27919.49
2792,39942.25,4624.27,4347.29,Macro,76047.6
2793,58328.88,7304.32,2779.56,Micro,104621.48
2794,76175.02,25036.32,3605.94,Macro,111809.21
2795,102099.89,38132.37,7077.22,Micro,160190.3
2796,52597.14,20254.36,1618.39,Mega,119453.84
2797,40928.4,4076.3,1060.98,Micro,52869.12
2798,128252.92,21812.54,5012.8,Mega,228211.88
2799,102879.37,40783.04,2828.38,Micro,177042.06
2800,17125.79,4144.0,550.34,Mega,27928.26
2801,87176.49,41774.63,4178.85,Mega,144174.45
2802,48348.61,23857.85,1819.78,Macro,70525.83
2803,3503.85,8442.61,3021.1,Micro,17406.29
2804,97428.78,35675.32,5091.68,Mega,126013.81
2805,48692.72,10681.79,3220.24,Nano,58235.89
2806,77530.97,18995.46,3386.16,Nano,105738.22
2807,50323.55,13767.8,2441.22,Macro,63375.3
2808,43050.15,16946.8,1969.66,Micro,53097.16
2809,94051.0,16331.85,7280.94,Micro,205442.01
2810,69659.81,41065.07,8566.79,Macro,140194.72
2811,59468.7,35888.28,7772.85,Micro,134044.79
2812,82476.84,10569.92,2249.62,Macro,152331.56
2813,127865.94,17950.61,4472.03,Micro,157665.79
2814,31770.62,11132.29,2944.59,Micro,100502.48
2815,26016.94,15915.05,2411.61,Mega,54833.37
2816,16024.22,6857.36,5603.54,Macro,17444.74
2817,25587.78,7323.04,4049.89,Nano,45680.89
2818,71652.01,17664.34,4485.97,Nano,150751.76
2819,71404.07,14687.42,5722.84,Micro,63631.54
2820,24395.14,4593.65,581.27,Micro,60429.14
2821,39509.39,29914.21,7407.49,Micro,71362.82
2822,91362.82,40646.47,6324.93,Macro,211434.83
2823,31775.83,18188.56,1571.68,Mega,52816.15
2824,69948.53,29431.44,5403.04,Mega,162360.75
2825,40341.46,15214.03,3547.4,Nano,102627.26
2826,74853.91,27603.26,8863.22,Macro,103315.49
2827,54723.25,24919.45,1477.32,Macro,84186.54
2828,27281.58,7008.17,2799.22,Mega,58334.98
2829,47892.96,3576.3,33.65,Mega,43640.57
2830,21731.09,1872.5,1231.38,Micro,31026.03
2831,50827.77,22404.25,1180.41,Macro,80199.83
2832,39975.22,2406.61,1239.67,Mega,74270.9
2833,37891.61,23339.73,3602.29,Macro,73881.05
2834,79537.99,26377.83,2478.18,Micro,89922.89
2835,40566.08,14510.73,3011.9,Mega,98727.47
2836,24512.0,17184.25,3733.75,Nano,37273.98
2837,48302.02,18571.94,3323.88,Mega,53831.4
2838,20216.07,15466.85,5696.14,Micro,70040.06
2839,45434.64,9238.8,2827.16,Mega,60313.45
2840,30081.11,838.68,1101.27,Micro,41879.2
2841,30442.34,1189.23,51.93,Nano,50876.19
2842,82738.8,39232.55,6278.58,Mega,194780.86
2843,66648.15,26048.95,4710.26,Mega,126220.78
2844,93303.27,31506.8,3750.27,Micro,95308.57
2845,53918.67,18941.6,1524.15,Macro,107822.06
2846,17843.11,1832.16,2447.64,Micro,29399.35
2847,7020.79,8214.88,1368.27,Micro,42987.62
2848,45965.07,9820.85,1997.2,Micro,59385.24
2849,36919.37,5062.68,1051.39,Micro,59521.9
2850,90223.12,26613.35,3582.99,Mega,150263.51
2851,108817.61,37253.68,3643.03,Micro,184340.54
2852,29411.81,4762.07,1641.51,Macro,88531.75
2853,34710.7,6675.33,474.24,Mega,38218.79
2854,34011.72,11083.42,2419.84,Macro,86160.57
2855,76007.97,21527.92,696.33,Macro,153287.94
2856,90814.6,33939.59,5228.49,Mega,145860.49
2857,54568.59,5111.85,1566.33,Macro,89571.13
2858,61159.92,28570.99,6917.55,Micro,201600.95
2859,40727.5,15441.43,5592.58,Macro,58727.96
2860,77504.01,14119.12,4628.86,Macro,121822.17
2861,70916.91,26793.82,5814.95,Macro,162829.91
2862,60103.18,53765.82,7344.05,Micro,139787.99
2863,62390.68,22267.79,255.73,Macro,80020.41
2864,45015.37,26382.22,3484.75,Micro,125987.51
2865,108391.73,31168.66,4420.55,Macro,133704.01
2866,38154.12,10872.06,2682.33,Micro,74656.15
2867,37723.05,12998.31,1153.34,Mega,80215.52
2868,56899.64,11908.44,1666.53,Nano,83610.89
2869,1969.16,1003.04,982.76,Mega,20840.53
2870,12009.64,844.25,1912.69,Macro,24367.54
2871,22810.89,10520.03,1954.88,Micro,31157.25
2872,43155.21,21578.74,1823.41,Nano,64534.23
2873,80151.79,16754.66,1427.89,Micro,95585.41
2874,20379.19,7625.53,1308.26,Mega,44437.2
2875,87966.96,42807.26,6076.59,Macro,108812.74
2876,17385.53,1579.91,507.79,Mega,31004.93
2877,15213.49,1584.0,1901.25,Mega,39363.87
2878,86142.17,46523.56,5829.25,Nano,178152.7
2879,44089.62,8307.01,389.2,Nano,42482.32
2880,92723.33,49985.23,6988.18,Macro,126425.17
2881,67188.4,13685.22,2508.98,Nano,76447.6
2882,106160.22,27953.69,5605.63,Nano,172360.94
2883,24808.75,7656.27,827.74,Mega,26170.39
2884,33687.96,11705.45,4690.74,Macro,67443.1
2885,74565.81,26289.06,2826.57,Nano,99720.52
2886,27988.52,19949.35,3817.03,Mega,103176.24
2887,47852.94,2957.69,508.68,Macro,40959.16
2888,51097.07,19086.95,1063.63,Macro,95473.62
2889,58533.86,15197.51,3875.18,Macro,126159.46
2890,58299.37,13010.89,5521.46,Micro,143617.04
2891,85645.88,49171.22,6685.51,Macro,141818.73
2892,434.47,7403.45,1324.97,Mega,20840.35
2893,77106.69,25554.2,2970.73,Mega,120754.5
2894,49926.44,7513.54,1509.52,Nano,61742.09
2895,113548.98,16363.94,6098.29,Micro,125755.63
2896,39250.61,5556.31,520.85,Mega,63635.52
2897,69670.14,17399.61,4228.82,Macro,196216.68
2898,60417.03,36058.72,5223.86,Mega,110407.37
2899,105886.18,18261.51,1379.47,Mega,176499.73
2900,56989.88,9106.53,2507.19,Nano,88538.04
2901,77048.09,9964.54,1726.27,Micro,115910.22
2902,95232.1,39930.3,6093.94,Macro,126379.82
2903,39763.86,11116.02,1614.93,Macro,80912.72
2904,83581.7,21095.84,5690.37,Nano,104980.95
2905,15113.94,589.63,1089.99,Mega,29679.72
2906,25931.35,2990.13,219.32,Mega,43788.04
2907,55038.81,24542.4,3267.17,Macro,76832.76
2908,15761.59,4845.99,925.17,Micro,29089.68
2909,78814.68,19346.28,1042.66,Micro,85625.45
2910,93168.68,16414.83,5033.56,Micro,134082.51
2911,64937.46,12598.18,2844.23,Macro,65382.21
2912,40275.07,28558.5,4153.91,Nano,81689.05
2913,50345.65,19906.76,3151.39,Nano,68130.33
2914,94327.48,38872.84,7602.36,Macro,206632.23
2915,37297.5,9745.96,2303.62,Macro,94108.84
2916,11392.14,6091.16,840.97,Nano,26241.38
2917,73405.89,19238.36,3349.84,Macro,129595.82
2918,43715.19,8276.58,1952.39,Macro,106260.74
2919,11525.78,8743.42,2099.58,Mega,56531.96
2920,36807.23,18980.47,836.94,Micro,65255.55
2921,10023.23,6969.51,332.43,Mega,18069.31
2922,45871.19,18359.71,3052.95,Macro,89577.54
2923,31861.94,6778.11,1322.38,Mega,47458.5
2924,83521.27,23938.21,6850.74,Micro,135412.73
2925,52443.24,37495.22,3116.63,Nano,125524.19
2926,27865.63,15992.74,3597.4,Nano,29596.29
2927,82283.37,47934.26,3385.31,Macro,186955.78
2928,54677.56,39591.77,1373.66,Nano,78486.57
2929,28264.53,7776.37,2670.11,Micro,33800.55
2930,112566.13,46888.74,5425.45,Nano,133554.5
2931,26006.33,11908.21,1732.69,Micro,71371.53
2932,113440.83,40669.39,5081.8,Micro,98815.96
2933,84329.85,34629.89,4373.47,Micro,98980.47
2934,90718.99,12153.12,3319.7,Macro,129386.17
2935,88624.79,44322.41,8103.66,Micro,148347.3
2936,19030.66,2694.4,1585.8,Macro,44964.24
2937,48460.97,6558.13,3856.3,Micro,77406.54
2938,9782.87,13437.52,2828.31,Nano,17216.87
2939,93424.22,38612.59,5358.95,Micro,108965.43
2940,51574.54,19063.37,2529.44,Micro,72672.98
2941,35898.22,11910.04,5549.67,Micro,74956.42
2942,39990.13,4513.77,686.66,Micro,44029.08
2943,40694.51,23997.71,950.81,Nano,82437.46
2944,103873.18,16031.41,4698.02,Micro,127887.07
2945,70698.65,8852.03,1647.91,Nano,145427.61
2946,70802.4,12434.32,1160.34,Micro,112762.34
2947,88453.19,27123.58,1277.69,Macro,137664.54
2948,63650.02,39035.61,5987.52,Macro,100173.07
2949,50880.75,27899.51,2516.66,Nano,143825.43
2950,23476.11,2426.05,2523.64,Micro,19265.51
2951,24139.91,6462.52,3993.12,Micro,61696.3
2952,82933.75,30174.37,2841.14,Nano,182084.19
2953,19012.29,7390.03,1089.86,Micro,41168.48
2954,93513.38,39480.49,6255.03,Micro,100347.41
2955,50216.04,23948.48,5855.27,Macro,94576.57
2956,13691.62,3585.56,336.68,Micro,17620.29
2957,66547.1,11181.72,1852.18,Mega,69124.97
2958,72137.05,46796.16,3043.52,Nano,204385.49
2959,25543.97,6974.13,2260.93,Macro,82607.65
2960,121670.0,36700.87,6137.99,Micro,231363.92
2961,62591.81,23695.68,4522.9,Macro,63039.54
2962,25161.48,27620.14,4667.5,Mega,80319.12
2963,50757.58,21762.63,1673.25,Nano,147696.44
2964,58125.29,24427.0,7581.21,Mega,103135.51
2965,50927.23,14973.5,1088.92,Micro,78909.75
2966,58738.08,14091.78,3866.94,Mega,95788.53
2967,120032.79,16330.97,3149.28,Macro,120351.6
2968,7437.12,9148.18,5347.55,Nano,24362.3
2969,65734.71,42158.14,2841.5,Nano,160215.72
2970,89091.33,30003.18,3174.01,Macro,159118.44
2971,106405.52,43525.25,7258.38,Micro,116352.8
2972,37758.51,21041.29,4555.54,Mega,61625.53
2973,66846.7,13138.9,3366.69,Micro,51136.5
2974,6185.27,4946.85,1906.03,Micro,21064.48
2975,46869.37,16662.82,2293.06,Nano,53968.09
2976,49017.99,8595.9,2101.51,Mega,101125.64
2977,46969.41,18242.79,2858.76,Nano,82504.15
2978,31042.28,10764.03,3330.65,Nano,102854.92
2979,61693.26,48007.97,6573.73,Micro,147113.28
2980,60998.87,9742.28,602.83,Macro,100407.56
2981,82277.09,12000.17,4113.42,Macro,93903.54
2982,48650.43,25072.25,7916.41,Nano,143471.96
2983,9661.08,8833.32,678.51,Mega,35623.87
2984,55682.79,29321.53,519.21,Macro,93953.29
2985,5456.75,7499.1,2470.0,Nano,12518.48
2986,60450.81,33668.53,1253.03,Macro,165513.14
2987,52282.55,28940.24,2309.97,Nano,78268.15
2988,69097.15,17824.23,3204.36,Nano,109694.28
2989,54482.28,16719.52,5465.26,Macro,74407.57
2990,41568.67,20616.46,3681.82,Mega,76557.72
2991,25090.42,12736.35,609.85,Nano,47489.42
2992,21298.13,11655.05,1228.34,Mega,102627.02
2993,11407.65,3746.33,1353.23,Mega,39625.28
2994,58252.5,22970.31,1465.81,Micro,114950.08
2995,64218.72,23457.26,3664.08,Nano,65081.39
2996,80560.19,13794.34,4596.61,Macro,114060.68
2997,35677.02,12776.52,1439.27,Mega,57125.94
2998,92766.78,35191.44,5258.12,Nano,125534.42
2999,52371.36,12306.97,2771.9,Macro,73079.07
3000,57681.78,16019.92,7610.97,Micro,62934.88
3001,86703.8,14557.71,5147.52,Nano,216842.52
3002,70269.74,21235.03,1951.0,Macro,93828.39
3003,21626.48,19875.55,497.25,Macro,74953.43
3004,66137.17,2560.55,3043.99,Macro,74137.77
3005,57817.25,19999.04,62.54,Macro,79054.69
3006,110592.56,29108.41,4539.82,Mega,125682.78
3007,32709.69,30624.57,8274.53,Micro,71335.18
3008,77088.38,12348.76,1321.27,Macro,79965.42
3009,36634.03,19301.26,5422.18,Nano,100409.17
3010,23089.38,19288.99,2347.34,Mega,25149.76
3011,41283.49,10710.79,1748.86,Micro,60737.59
3012,19171.26,455.49,255.87,Micro,44892.92
3013,67749.03,9882.85,342.66,Mega,107490.73
3014,50459.49,16299.09,180.6,Mega,70937.43
3015,27232.59,9235.41,1018.66,Micro,37030.66
3016,39590.96,165.95,1659.52,Mega,32226.55
3017,30847.92,2852.05,65.84,Nano,60075.93
3018,67985.44,29028.16,5625.79,Mega,148460.51
3019,10238.55,23432.46,1474.61,Macro,28424.66
3020,56764.31,8985.77,4247.81,Micro,144165.69
3021,46984.57,17266.28,740.54,Nano,125127.0
3022,87596.22,27116.15,4516.22,Macro,79670.26
3023,91707.7,18003.07,9502.27,Macro,184515.19
3024,65292.39,21313.98,5056.05,Macro,127825.59
3025,26387.11,8381.89,1036.05,Macro,30182.86
3026,74878.14,27513.17,2974.96,Micro,142101.9
3027,44324.04,25082.81,7655.59,Micro,81973.72
3028,64770.01,9718.89,3565.9,Macro,83404.25
3029,43819.32,7180.09,1364.43,Micro,44531.59
3030,114471.97,15145.38,7412.18,Macro,140425.93
3031,49175.8,21052.69,1088.76,Mega,85126.69
3032,69695.81,41580.18,5953.68,Micro,143825.42
3033,90151.04,16162.28,4074.22,Micro,113708.32
3034,15598.68,10705.41,858.91,Nano,32300.45
3035,100591.95,54135.83,10214.81,Macro,199204.33
3036,15817.43,19001.54,2713.99,Nano,78890.11
3037,66587.06,19082.76,4016.9,Macro,136548.58
3038,99910.19,12869.92,3771.89,Macro,137038.41
3039,111122.7,41045.99,6726.77,Micro,181559.97
3040,63776.0,22411.25,3258.95,Mega,77048.9
3041,66538.3,30736.77,1663.68,Nano,143900.74
3042,39165.32,7776.76,3601.39,Macro,59725.86
3043,42210.66,20060.4,6739.5,Mega,90525.65
3044,18082.2,20932.52,1161.45,Macro,52075.73
3045,19869.56,5950.26,2452.27,Macro,22631.3
3046,103698.04,13182.76,1995.13,Macro,133534.69
3047,39025.46,17713.33,4671.0,Nano,71542.21
3048,49732.01,17331.24,174.76,Micro,86577.68
3049,87912.66,21470.72,3729.51,Macro,151613.37
3050,129157.39,19757.2,1166.86,Mega,228793.46
3051,16887.79,14416.37,2397.55,Macro,22124.08
3052,77569.24,40717.56,700.88,Mega,145511.53
3053,49199.88,13626.2,188.39,Mega,86157.71
3054,91319.6,20455.22,5522.81,Macro,150842.52
3055,25040.65,7582.12,1980.0,Mega,26435.6
3056,24914.86,7962.88,3173.63,Mega,68712.26
3057,65527.57,25929.9,5061.94,Micro,74728.63
3058,53725.53,20095.63,3479.53,Mega,171962.82
3059,55899.53,24793.62,2937.63,Nano,59883.35
3060,103214.26,38520.0,888.74,Macro,170379.62
3061,19284.3,4125.12,2180.05,Nano,32031.88
3062,75186.98,21848.17,3334.02,Mega,127993.56
3063,63534.83,15946.87,6418.8,Macro,126244.02
3064,36583.54,7359.8,934.34,Mega,62558.42
3065,34769.51,17135.01,2353.7,Micro,53130.34
3066,102114.04,17610.56,7837.74,Macro,120726.1
3067,85232.58,38470.52,5616.32,Mega,120992.49
3068,85358.02,33873.14,5757.35,Nano,172198.43
3069,92946.06,27663.02,3937.11,Nano,146855.73
3070,38311.24,10647.26,2339.11,Mega,72714.36
3071,64520.16,15465.67,2028.07,Mega,51365.01
3072,67017.84,34496.29,5576.69,Nano,111519.03
3073,61221.22,18980.97,4371.49,Micro,152339.61
3074,88221.06,38374.51,7067.68,Nano,120068.41
3075,36863.66,10141.52,3337.46,Nano,43753.19
3076,85950.42,13183.27,6960.36,Mega,165531.21
3077,16162.82,2400.41,1602.54,Nano,31831.94
3078,51893.53,9504.94,21.27,Nano,73104.44
3079,12052.97,5318.19,5441.01,Micro,20011.4
3080,42273.55,6572.17,2950.2,Macro,68267.92
3081,58459.3,31056.23,5616.5,Micro,189512.1
3082,64061.15,16794.42,4269.07,Nano,151061.4
3083,75668.94,46621.34,6494.09,Micro,157475.43
3084,32429.16,7264.59,199.66,Macro,31349.67
3085,27280.39,8216.47,964.36,Micro,43699.97
3086,99795.13,23502.35,4337.24,Mega,121652.27
3087,58118.8,31400.44,6356.48,Nano,179240.35
3088,37010.88,9870.23,2971.34,Mega,75930.79
3089,75123.45,24818.58,2405.1,Micro,96065.13
3090,17425.2,10503.74,1373.88,Mega,56722.86
3091,26500.91,5299.85,1199.56,Mega,16973.97
3092,51053.62,9869.13,4035.11,Micro,60837.75
3093,53555.24,29115.8,7469.62,Micro,64332.57
3094,136948.67,26217.18,3057.99,Macro,201206.58
3095,16671.78,3471.51,2075.23,Macro,38886.24
3096,34570.97,34833.42,3257.42,Mega,79379.61
3097,95272.55,12769.61,555.85,Macro,197568.34
3098,88543.77,44838.36,191.96,Mega,204270.5
3099,74085.81,39813.29,4268.64,Mega,135656.69
3100,20407.86,6888.6,2558.39,Mega,59997.98
3101,21875.75,2317.22,1075.43,Macro,33701.78
3102,66782.49,10698.0,4621.13,Macro,72660.36
3103,62713.28,12836.88,7641.13,Nano,89545.49
3104,13272.16,1349.2,19.31,Macro,52376.8
3105,52345.49,10510.0,4159.43,Mega,58339.57
3106,50774.05,14026.2,7161.31,Nano,69113.9
3107,87913.26,38106.83,5548.21,Nano,214985.43
3108,38510.13,23670.38,1605.19,Nano,71909.65
3109,99561.93,30976.97,7342.51,Nano,213537.18
3110,113245.13,32170.71,6731.47,Micro,185418.1
3111,49905.92,9994.13,2172.74,Mega,107357.53
3112,34297.44,6894.63,1330.44,Micro,59036.53
3113,118651.19,22866.56,2327.48,Nano,136295.55
3114,23198.11,9062.91,718.03,Macro,40417.32
3115,38706.89,14803.27,1322.9,Micro,44423.15
3116,61376.99,4671.77,1282.87,Macro,108335.09
3117,33782.15,13122.9,1415.74,Nano,80344.58
3118,37167.07,2585.95,893.3,Micro,27936.06
3119,111514.13,25393.8,6126.36,Mega,182566.47
3120,91982.38,31761.89,4451.85,Nano,123575.25
3121,27903.84,11883.57,1865.53,Nano,43146.01
3122,40651.23,14336.8,3414.84,Mega,72646.42
3123,88606.9,29139.83,4156.53,Micro,132051.96
3124,44587.87,19140.41,2569.46,Macro,86807.1
3125,83987.85,11661.51,2294.25,Micro,131934.73
3126,13737.88,3474.86,1396.28,Mega,14290.48
3127,47069.43,14248.15,1308.74,Mega,44000.23
3128,31088.46,2269.06,4784.61,Nano,57788.02
3129,56700.78,3850.41,1135.47,Macro,107377.82
3130,36460.06,24526.86,428.53,Macro,70061.81
3131,70210.21,27406.79,2504.07,Nano,101887.95
3132,27909.15,9817.38,2339.84,Mega,28875.85
3133,23530.98,1818.59,2951.87,Macro,22043.67
3134,48506.38,22358.63,1304.58,Micro,74933.46
3135,62368.78,11624.61,5969.25,Nano,140682.13
3136,7869.11,7520.18,1024.81,Macro,28934.65
3137,63043.09,21408.8,4755.05,Micro,182361.16
3138,96487.62,28775.0,1867.95,Nano,171938.7
3139,79623.77,24650.54,5407.82,Nano,123223.49
3140,6941.42,6387.32,3299.25,Nano,46838.47
3141,22646.25,14863.49,329.94,Nano,31879.33
3142,32690.54,15357.26,5930.06,Mega,41475.08
3143,35887.67,20369.33,612.28,Nano,38316.37
3144,26526.67,10618.39,2681.85,Micro,86946.88
3145,19812.92,6169.79,3013.49,Micro,63609.22
3146,25639.27,5051.98,17.01,Nano,28504.13
3147,29245.32,6925.11,1828.6,Macro,22265.05
3148,23240.59,3378.89,61.27,Macro,55899.33
3149,75175.46,36241.76,2377.67,Nano,195689.52
3150,20339.54,5096.36,1086.53,Macro,34021.31
3151,51515.4,20039.29,884.52,Macro,110907.01
3152,8305.2,2392.49,130.78,Mega,43381.47
3153,17344.41,6044.41,3276.22,Mega,32569.38
3154,56204.41,20872.92,6758.47,Mega,216710.95
3155,66880.95,11032.37,4383.67,Mega,116619.07
3156,57078.38,19231.45,3193.75,Nano,53928.84
3157,33774.27,6349.0,732.23,Macro,63159.86
3158,53612.54,14869.06,2613.95,Micro,77652.08
3159,31753.4,13194.01,1227.67,Nano,90270.33
3160,125616.88,58913.9,7379.31,Macro,145286.61
3161,77342.81,24857.73,6913.73,Nano,198337.93
3162,68278.61,26325.62,2641.85,Macro,195724.53
3163,61997.22,14243.81,2865.08,Nano,107754.68
3164,35719.64,24658.78,318.09,Mega,102587.28
3165,85282.97,38994.47,3481.91,Nano,105929.72
3166,49451.91,17734.18,2357.76,Micro,195650.58
3167,71650.69,6229.39,468.68,Macro,66619.13
3168,82850.52,28579.32,7145.67,Micro,104536.52
3169,91944.05,25160.31,4367.76,Macro,80590.74
3170,14401.0,12526.31,2071.64,Micro,49183.46
3171,56016.7,37005.94,4564.26,Nano,168589.96
3172,40753.87,16401.05,2182.89,Micro,114223.92
3173,45052.66,23922.93,1462.86,Micro,96269.49
3174,39451.86,7040.34,719.07,Micro,86383.76
3175,48844.41,19953.78,461.93,Mega,88136.25
3176,52649.91,19564.97,877.48,Macro,90919.3
3177,52708.02,19864.73,469.67,Micro,77657.64
3178,69550.81,23060.02,5698.04,Mega,132339.0
3179,70806.91,9220.22,381.43,Micro,135714.69
3180,28624.33,17879.84,1085.35,Mega,111246.29
3181,24806.31,10769.92,1906.69,Macro,103621.17
3182,58437.74,16037.99,427.45,Macro,93991.49
3183,46546.57,11205.29,2131.42,Macro,37590.56
3184,2428.06,1749.0,857.51,Micro,27762.95
3185,14260.6,16652.04,430.38,Micro,49511.23
3186,39292.26,15059.13,4783.02,Nano,56430.12
3187,29564.87,3991.35,3159.42,Mega,33059.31
3188,121802.89,41939.01,6303.43,Nano,130644.22
3189,36724.07,17223.48,4404.96,Macro,107301.06
3190,18720.98,14260.9,2607.02,Nano,30433.09
3191,100212.45,18073.88,5722.55,Nano,123725.55
3192,101587.78,18047.89,6297.89,Nano,127873.38
3193,33679.72,10678.41,2011.77,Mega,35526.89
3194,35681.36,11427.43,1765.27,Micro,46960.14
3195,18905.23,4956.85,1146.37,Macro,39894.49
3196,91229.35,22423.86,5948.49,Mega,141292.62
3197,55325.13,12974.77,5464.03,Nano,124477.68
3198,39111.2,31818.39,6895.09,Mega,125597.14
3199,118198.4,23222.28,4848.89,Nano,180812.52
3200,37597.67,22835.42,6167.09,Nano,129840.32
3201,34386.16,12475.53,1183.89,Micro,28698.02
3202,56318.97,24561.15,3440.68,Mega,110111.19
3203,26796.79,6768.65,924.45,Nano,29710.55
3204,11364.01,3331.34,3109.66,Mega,26108.95
3205,49799.49,45155.07,2388.29,Micro,113617.84
3206,64688.45,28024.11,5005.95,Mega,107335.94
3207,96114.44,20863.25,4870.18,Macro,149525.88
3208,14852.32,5983.72,947.53,Mega,34095.59
3209,45144.89,9845.39,2198.07,Nano,45253.88
3210,63885.65,8799.3,211.22,Macro,79709.52
3211,35092.39,14474.4,2468.16,Macro,85469.0
3212,34157.63,14161.98,3305.57,Nano,71090.89
3213,44502.42,10511.19,5115.17,Micro,36005.66
3214,11806.11,1993.25,2077.95,Nano,31623.88
3215,105582.66,43094.42,8698.5,Macro,132923.46
3216,85372.22,30754.13,6652.39,Nano,191331.92
3217,75778.46,15022.78,7508.53,Nano,117674.62
3218,20284.91,7749.98,3018.31,Macro,28584.16
3219,102004.25,35882.12,6074.16,Mega,145098.78
3220,54408.23,7502.83,1544.76,Micro,118161.07
3221,55513.62,19631.23,1585.22,Micro,74009.46
3222,85806.45,16755.36,6549.8,Micro,139683.86
3223,42492.55,13858.47,1150.82,Micro,77450.9
3224,80145.22,17006.46,5455.27,Nano,81339.44
3225,36464.76,14898.37,5058.79,Macro,87522.69
3226,96656.4,23755.87,2923.13,Macro,119556.02
3227,28349.39,8655.79,2943.76,Macro,28890.17
3228,72011.68,47870.56,5285.9,Micro,181815.28
3229,72283.67,43375.08,5026.88,Macro,215736.89
3230,80141.47,10257.93,8112.43,Micro,70771.06
3231,96853.17,13180.32,4655.18,Macro,202300.85
3232,6894.5,6819.67,1232.05,Macro,19981.7
3233,74461.2,15582.37,357.1,Macro,142504.9
3234,39655.59,23947.6,1386.04,Macro,131250.22
3235,44514.01,21803.64,704.46,Macro,73713.0
3236,7381.06,4156.21,3677.2,Micro,23248.11
3237,51528.42,27552.83,5700.98,Macro,119995.54
3238,10635.25,2101.01,1966.39,Micro,27506.47
3239,38867.44,28902.36,9855.09,Macro,86010.08
3240,49582.14,20634.24,496.06,Nano,53373.22
3241,35854.26,14971.44,1434.32,Nano,115036.2
3242,8915.38,16327.28,782.5,Micro,57229.17
3243,59023.67,32367.95,1818.4,Nano,93827.84
3244,56130.53,10395.39,5311.29,Mega,103682.91
3245,51785.6,35410.77,6183.2,Micro,165665.88
3246,87258.31,36841.07,6567.47,Micro,135196.15
3247,47884.07,5874.96,1946.13,Micro,74195.75
3248,30312.32,2832.64,922.61,Mega,51250.48
3249,113071.58,56809.63,5876.51,Nano,176029.37
3250,60479.54,15348.42,5018.04,Macro,104832.54
3251,104894.65,14303.44,5352.24,Macro,167251.27
3252,76542.37,11798.5,3449.77,Nano,128546.15
3253,49645.0,18536.28,7177.42,Micro,126235.69
3254,64606.61,16034.1,552.81,Macro,98521.61
3255,13358.18,7623.37,635.84,Nano,23182.45
3256,35106.93,7212.11,189.04,Micro,57793.65
3257,40233.02,19244.17,1667.64,Mega,96042.73
3258,40008.94,25976.52,5474.04,Macro,64192.73
3259,65648.73,23809.6,2181.72,Micro,111987.5
3260,17601.95,8131.51,279.32,Macro,19693.2
3261,21204.12,28835.38,3378.79,Mega,91528.29
3262,56569.29,5653.81,5149.78,Macro,80069.85
3263,99543.2,29011.42,1289.13,Mega,126667.43
3264,40449.71,8556.13,2053.78,Micro,61166.09
3265,115152.68,39205.0,9310.73,Mega,131019.17
3266,66517.02,24725.55,4680.05,Macro,156155.09
3267,31567.58,7767.72,2254.93,Nano,55734.16
3268,72765.96,18463.51,3520.74,Mega,161387.44
3269,24891.79,5147.2,980.34,Macro,38708.32
3270,57844.66,27074.47,6122.0,Macro,150974.52
3271,38665.66,16062.74,4786.84,Micro,40937.23
3272,95318.54,6115.13,2078.6,Micro,84630.02
3273,84036.15,13541.11,4618.75,Nano,102788.04
3274,21062.81,10150.23,605.99,Nano,44313.93
3275,102076.14,27027.75,5361.31,Mega,230585.56
3276,53115.47,14573.38,903.61,Nano,162504.02
3277,62887.38,15732.43,4523.74,Mega,92637.63
3278,43139.39,9599.65,3153.04,Nano,46382.78
3279,22568.28,13131.52,857.27,Mega,52027.27
3280,125536.03,32649.71,6120.96,Micro,179917.37
3281,31502.64,19259.17,4048.95,Nano,58636.99
3282,76418.59,18607.8,3738.8,Nano,138678.59
3283,44738.8,6314.72,2826.74,Macro,76605.44
3284,24227.57,9315.4,926.88,Macro,51093.75
3285,35023.42,34586.3,6637.34,Nano,99170.63
3286,85238.71,7993.35,992.68,Nano,147416.74
3287,106103.45,25432.58,6381.56,Macro,150669.46
3288,86925.44,19023.84,4807.26,Mega,121793.05
3289,36407.38,13988.98,4812.46,Mega,91712.66
3290,43386.31,4919.17,2765.54,Nano,57080.73
3291,82238.97,18720.95,4004.85,Micro,149276.2
3292,26229.74,15695.94,1175.52,Nano,72297.06
3293,58054.86,13408.33,2897.94,Mega,66603.07
3294,51143.09,16334.74,4477.14,Micro,84906.68
3295,43149.27,12378.6,1558.11,Nano,94763.6
3296,40763.6,10269.05,3919.17,Nano,78499.36
3297,52896.19,9981.33,3239.33,Micro,90602.72
3298,61580.07,32118.9,6713.94,Micro,93902.89
3299,42171.02,16195.7,5285.55,Macro,67543.96
3300,86062.12,22699.69,3487.82,Mega,139288.7
3301,8753.36,8383.42,3734.72,Macro,34426.63
3302,30281.85,1929.13,644.22,Nano,34351.5
3303,73056.8,33833.28,1239.42,Micro,137473.73
3304,39978.66,21268.65,2391.94,Nano,102941.86
3305,10747.0,5661.09,2664.24,Micro,44019.14
3306,44730.64,30778.78,2481.61,Mega,74989.06
3307,99662.66,55467.82,7525.47,Macro,202157.49
3308,66796.71,26509.72,3456.33,Micro,181914.62
3309,30152.33,13218.06,2697.97,Mega,91483.79
3310,27681.56,4669.89,43.93,Nano,31621.53
3311,30931.36,11139.04,5683.33,Nano,62733.62
3312,40668.9,20364.05,2784.61,Mega,72363.36
3313,19073.54,1894.33,2467.49,Micro,18366.25
3314,90518.22,11796.13,1537.76,Mega,85723.55
3315,26045.92,12985.3,3138.65,Mega,54646.73
3316,47857.99,10500.66,612.44,Micro,76230.52
3317,19511.13,1057.37,921.79,Nano,46484.69
3318,23628.66,8013.5,2625.77,Mega,89606.8
3319,107306.65,24952.67,3090.72,Mega,219420.34
3320,121892.88,27110.67,3637.39,Macro,176466.03
3321,11429.95,13529.47,1049.5,Macro,54850.49
3322,9784.69,831.56,6490.11,Mega,26464.61
3323,47765.75,15107.11,3985.68,Micro,82380.62
3324,57709.34,19982.84,141.11,Micro,126293.38
3325,10037.72,3825.77,23.45,Micro,27427.88
3326,30081.79,1444.23,1050.9,Mega,38749.96
3327,63608.38,11901.31,1500.33,Nano,63915.75
3328,63226.75,31623.31,2552.59,Macro,77881.53
3329,18152.22,4318.7,516.59,Nano,59801.95
3330,67874.19,18777.11,2959.91,Micro,92745.23
3331,16419.23,1815.1,6435.91,Macro,40860.32
3332,46557.45,21960.18,3340.21,Mega,118553.79
3333,48944.04,4414.32,1811.83,Mega,41165.63
3334,74113.22,19894.11,7438.1,Macro,101663.94
3335,73182.93,17694.32,1406.37,Nano,178519.07
3336,37182.7,5705.83,1017.37,Micro,43854.45
3337,26450.72,14241.59,3119.77,Nano,55950.85
3338,11223.79,7664.43,153.02,Nano,29385.49
3339,64102.33,12187.65,3196.61,Nano,77292.38
3340,67111.16,15130.94,4614.03,Mega,166443.14
3341,44090.24,3987.82,3074.58,Macro,66639.07
3342,47644.44,22257.52,2096.61,Mega,89439.35
3343,47703.99,12227.38,1474.87,Macro,103462.04
3344,125558.34,40040.31,6006.34,Mega,142799.94
3345,76483.87,6511.21,1734.42,Micro,106710.91
3346,14016.42,8289.71,1538.81,Macro,43653.16
3347,102665.46,28666.57,5653.7,Macro,127183.67
3348,56130.93,41781.47,1426.34,Mega,125109.49
3349,106575.35,19490.65,4739.29,Macro,186838.44
3350,26545.27,6880.92,1365.67,Micro,110745.29
3351,79469.76,25770.48,2571.21,Nano,164884.94
3352,91244.46,17862.3,1192.68,Micro,121160.12
3353,109004.44,20921.08,7286.84,Mega,136380.88
3354,47634.23,9465.92,236.53,Nano,50135.46
3355,92244.42,23674.72,3127.91,Macro,156737.64
3356,61778.42,7637.17,1840.31,Macro,108439.77
3357,122930.62,21033.43,8096.59,Nano,216543.56
3358,107684.68,19803.36,2926.08,Macro,116299.7
3359,92659.44,28686.22,8345.16,Micro,127936.99
3360,75801.36,8974.27,2319.05,Nano,175888.6
3361,35712.17,23065.94,3615.25,Micro,50188.33
3362,79713.67,44635.58,5058.45,Macro,138955.13
3363,10344.1,20181.23,2737.6,Micro,38666.01
3364,35586.13,15908.99,2724.31,Micro,39929.37
3365,22175.68,9428.47,350.84,Nano,91466.78
3366,60083.95,7999.35,978.36,Macro,90867.44
3367,104966.37,35542.43,5864.78,Mega,127486.76
3368,33.97,2218.77,1237.22,Micro,31427.61
3369,71037.5,24454.38,5880.69,Macro,112181.22
3370,46479.91,18883.61,3961.66,Macro,60958.44
3371,28190.82,9486.73,551.05,Micro,67354.89
3372,84871.79,24045.32,7413.32,Nano,108764.41
3373,101751.35,28617.0,1837.94,Nano,191110.23
3374,41090.52,7641.49,508.13,Micro,97686.42
3375,126106.13,32458.52,4622.53,Mega,162413.24
3376,30877.64,13291.62,224.89,Micro,64248.04
3377,59174.02,29007.69,5268.66,Nano,137639.99
3378,5813.16,10452.26,1171.26,Mega,34494.27
3379,14963.54,3446.29,1733.24,Nano,27200.13
3380,26911.56,16562.48,308.47,Micro,66938.88
3381,46090.13,2871.38,1771.58,Micro,42406.78
3382,36530.92,9021.34,3349.44,Nano,65526.21
3383,101045.24,15334.81,5219.42,Nano,167248.99
3384,25462.24,19822.72,2230.22,Nano,84898.25
3385,15488.35,6978.35,2293.46,Nano,13988.65
3386,14590.97,9816.39,1335.15,Micro,38863.42
3387,12764.67,5159.74,1885.68,Nano,52979.32
3388,54737.48,17265.17,4633.75,Nano,86510.11
3389,12819.53,10961.14,114.33,Micro,27917.83
3390,55622.7,14756.5,3012.86,Macro,88115.04
3391,73848.49,11924.54,1702.2,Mega,86860.16
3392,28989.36,13866.9,477.73,Micro,87031.73
3393,84334.84,13006.4,2635.15,Macro,153486.61
3394,75267.37,16347.87,3306.41,Macro,74755.61
3395,65521.04,21536.18,1021.53,Macro,94040.26
3396,76195.58,22356.28,310.01,Micro,80840.07
3397,118527.95,25178.41,8030.21,Mega,207594.29
3398,85228.22,12616.88,137.57,Macro,101379.03
3399,74612.09,22524.93,4035.88,Macro,96277.49
3400,118325.19,27608.51,8666.58,Macro,152994.53
3401,96301.07,25870.73,5242.18,Nano,129500.38
3402,24937.64,16306.76,457.23,Mega,101056.0
3403,48782.93,11918.76,1590.8,Mega,57877.1
3404,113833.0,26195.3,5549.95,Mega,188175.31
3405,7142.89,803.45,2238.01,Micro,30423.57
3406,15036.62,2990.3,999.13,Macro,52011.41
3407,61461.83,13456.02,3290.79,Nano,54487.17
3408,61710.72,19755.61,2990.85,Mega,146956.37
3409,31150.34,5542.19,23.11,Micro,58073.62
3410,38708.83,19211.34,1538.11,Macro,74237.85
3411,141686.6,53107.85,7309.64,Macro,196876.24
3412,20923.42,1877.21,2071.72,Micro,26210.63
3413,55821.31,52341.76,3606.4,Mega,119820.22
3414,38928.26,18316.85,3251.31,Mega,34656.65
3415,45888.73,95.99,91.14,Mega,92805.6
3416,81017.81,38873.89,3786.92,Nano,113041.19
3417,84855.32,26271.44,5893.58,Nano,126066.52
3418,40450.91,14301.91,1123.62,Mega,134439.21
3419,8218.98,14965.22,5045.82,Nano,31240.02
3420,119431.99,37855.17,6000.29,Nano,151542.78
3421,33962.95,11523.85,1786.0,Nano,45423.15
3422,11550.37,2832.13,3675.91,Micro,32121.62
3423,8692.06,8311.01,2074.51,Macro,40561.15
3424,73991.17,14966.54,6703.98,Nano,75156.02
3425,45133.44,27084.48,3884.09,Nano,155818.38
3426,89535.95,19789.39,2225.64,Mega,206345.69
3427,118955.28,41165.3,3840.34,Nano,134525.78
3428,49158.34,6756.02,2524.16,Mega,95246.34
3429,73394.29,11016.16,961.34,Mega,75670.06
3430,56535.9,22584.01,1639.69,Nano,108905.56
3431,81343.23,23013.45,2518.6,Micro,70510.89
3432,3903.17,2148.01,4312.85,Micro,17212.96
3433,7254.4,33.01,266.77,Macro,19372.78
3434,108316.18,45446.27,8670.85,Micro,111714.14
3435,21500.02,5262.2,1731.5,Macro,31860.44
3436,64151.87,38585.2,12054.75,Mega,141936.14
3437,118475.28,34343.69,7912.25,Macro,172240.85
3438,59526.35,17816.45,204.88,Macro,95770.64
3439,65590.86,41165.4,4505.42,Nano,201768.69
3440,38093.82,24360.07,4012.2,Mega,121861.48
3441,62087.46,31575.11,1912.19,Mega,111048.1
3442,45444.05,14199.82,2022.41,Nano,160746.06
3443,11168.59,6423.75,637.22,Mega,22404.2
3444,45817.57,10337.07,1367.74,Macro,97702.49
3445,21315.56,7953.23,889.9,Nano,20625.36
3446,93228.59,34065.14,4799.17,Micro,160811.05
3447,16205.86,4026.41,1048.34,Micro,21482.74
3448,45197.79,33973.89,2077.2,Nano,178823.34
3449,46238.51,11648.74,1266.8,Mega,82192.72
3450,47492.68,21555.65,6973.44,Micro,92542.78
3451,43956.84,31990.74,808.43,Macro,88554.17
3452,33772.33,8217.39,1916.98,Nano,79015.42
3453,87453.75,20478.64,3521.7,Nano,187538.82
3454,85900.48,12352.73,3901.62,Mega,84004.6
3455,98076.46,36654.45,3404.34,Micro,156064.21
3456,89729.79,19444.86,5245.15,Macro,151601.1
3457,30851.58,18384.51,3862.6,Nano,50691.55
3458,45677.8,11389.96,4686.96,Micro,59348.13
3459,119803.55,33088.9,3442.71,Micro,191857.99
3460,106228.39,12153.88,4220.9,Mega,143540.46
3461,40866.38,15858.48,5369.23,Macro,128268.47
3462,57230.18,19923.15,4283.67,Macro,111296.55
3463,39362.28,7513.45,3240.61,Micro,52034.84
3464,72587.07,29553.09,5445.91,Micro,153558.11
3465,37061.25,14720.39,5470.92,Mega,48575.56
3466,84179.61,17953.66,5035.41,Nano,101796.43
3467,18996.46,8596.41,657.15,Nano,26074.01
3468,45118.58,21650.96,4471.26,Micro,170649.88
3469,62565.99,14627.46,697.24,Micro,91618.67
3470,24808.77,4788.47,1872.57,Macro,56175.4
3471,11313.56,745.55,2403.0,Macro,20356.08
3472,40747.04,8146.46,2893.73,Macro,66220.53
3473,28907.98,13160.33,2844.79,Nano,93106.21
3474,58398.03,32569.99,5706.56,Mega,165596.07
3475,41782.29,19985.94,2272.8,Mega,70139.68
3476,53959.8,10937.16,298.86,Macro,54601.61
3477,97563.83,26363.78,6377.5,Macro,172075.26
3478,37422.22,5605.53,2279.99,Mega,54018.1
3479,62270.95,6312.5,1830.72,Micro,66287.8
3480,23334.03,10086.19,2918.8,Macro,50071.09
3481,62425.86,7609.15,3237.04,Macro,151874.53
3482,112165.08,21512.49,4852.93,Nano,155617.71
3483,76982.05,42927.5,5395.93,Mega,127371.64
3484,23260.64,7840.09,2255.18,Mega,32668.12
3485,39232.32,16554.79,1794.59,Nano,66973.41
3486,46358.95,30066.04,1530.35,Macro,101101.52
3487,41194.68,33413.44,2669.95,Macro,47785.57
3488,16416.35,3664.52,865.97,Macro,36586.35
3489,78268.96,48725.93,7343.77,Micro,121506.03
3490,72480.28,23723.07,1866.03,Micro,127124.3
3491,32540.4,14803.86,277.74,Nano,46231.03
3492,27874.91,2013.51,1128.85,Mega,31900.74
3493,12103.75,850.36,1233.64,Nano,25822.49
3494,99493.57,13955.44,4165.04,Micro,185347.71
3495,112401.25,34755.55,2270.53,Nano,147034.72
3496,88539.11,31975.65,6447.43,Macro,190002.17
3497,51759.1,33516.86,5083.69,Nano,172719.35
3498,129561.84,29212.18,2786.39,Nano,131106.17
3499,51267.32,12124.45,342.5,Macro,84806.56
3500,29389.91,9511.24,4376.0,Macro,90960.67
3501,40387.57,25409.35,5689.89,Micro,78086.08
3502,43992.67,15273.31,1040.51,Micro,73444.29
3503,70091.85,27258.36,1521.43,Nano,139727.82
3504,117733.86,17299.49,3601.17,Mega,137499.5
3505,54406.2,19430.11,2839.87,Mega,97006.29
3506,109542.39,37915.98,7061.84,Mega,127202.8
3507,26235.8,4266.26,4783.67,Mega,24544.24
3508,53708.54,20277.62,2816.39,Nano,123389.75
3509,47059.43,4642.91,2660.93,Nano,44886.36
3510,43923.82,23079.38,747.3,Macro,92079.42
3511,15309.15,18449.2,2685.31,Nano,53918.73
3512,10131.85,1703.13,2036.79,Micro,33905.84
3513,35116.41,11585.88,759.86,Macro,30447.56
3514,82098.78,19491.78,3980.69,Micro,83343.27
3515,137362.41,34450.53,2678.61,Mega,148409.48
3516,102093.48,15876.71,7730.38,Micro,139008.82
3517,62616.34,24589.9,6507.94,Micro,153153.94
3518,43237.81,16730.18,3602.21,Mega,83840.65
3519,73632.78,29615.41,6591.23,Nano,139606.3
3520,57537.47,15762.04,2627.92,Macro,57848.21
3521,21943.8,1164.68,263.74,Nano,34733.17
3522,59454.04,25612.61,8778.42,Micro,135701.76
3523,77420.43,13792.74,1436.03,Nano,108127.04
3524,16994.3,5566.07,332.79,Macro,18018.94
3525,44859.92,10929.02,1654.83,Nano,126181.04
3526,25382.96,1427.32,1661.34,Micro,25200.07
3527,61572.36,25971.75,1046.84,Nano,128795.79
3528,6141.53,3999.55,1970.54,Macro,38568.55
3529,63910.61,38840.63,4539.55,Micro,71048.14
3530,21383.12,950.44,3518.97,Nano,30191.46
3531,74055.8,17806.15,2231.24,Micro,104616.75
3532,68594.77,42819.27,6350.36,Mega,144171.85
3533,34159.27,32393.83,5987.26,Nano,93398.41
3534,1206.54,9449.24,4351.14,Nano,26842.91
3535,113481.43,16136.26,8637.94,Nano,129880.26
3536,68752.16,23995.34,1642.86,Macro,92685.52
3537,87157.13,32619.57,4001.17,Macro,87885.88
3538,31747.59,15742.26,865.0,Nano,99645.93
3539,44875.27,12711.93,498.16,Nano,73901.55
3540,41182.83,28780.14,1952.14,Micro,118047.65
3541,65384.65,19266.18,2659.79,Macro,129199.9
3542,24449.75,4084.39,2182.94,Nano,36085.87
3543,20105.56,7970.5,2715.74,Nano,54133.32
3544,47381.18,9072.57,1846.56,Nano,116259.41
3545,60210.16,48926.59,3038.15,Micro,196644.88
3546,15428.17,10609.97,1459.35,Nano,34153.16
3547,35041.71,11502.48,3285.52,Micro,63838.94
3548,52029.33,24538.13,4156.66,Mega,122423.85
3549,86549.27,21732.69,4245.64,Micro,107087.45
3550,70000.35,12856.48,1117.23,Nano,87320.29
3551,84143.92,18936.29,9431.99,Macro,185751.82
3552,65472.27,29324.73,3715.56,Mega,79976.5
3553,22692.49,1921.19,1141.38,Micro,31970.68
3554,36850.35,18979.52,1750.72,Mega,105139.91
3555,15638.7,7112.35,5955.43,Mega,71018.17
3556,30460.65,8358.29,3653.52,Nano,37074.07
3557,95062.14,16898.51,5024.26,Mega,108843.29
3558,68455.18,6263.39,807.81,Mega,85047.21
3559,29541.77,14462.55,4438.58,Mega,41256.57
3560,150940.95,13538.26,4767.62,Mega,213980.07
3561,70183.74,13304.94,2657.61,Macro,85499.52
3562,19299.24,1862.77,290.66,Mega,63521.54
3563,62736.21,6450.48,176.73,Macro,66565.68
3564,15711.21,3761.52,1745.7,Macro,20241.36
3565,90657.67,15206.17,3418.22,Nano,106303.32
3566,55435.44,16378.5,8846.15,Mega,161375.16
3567,117228.34,22630.62,8054.54,Mega,183853.95
3568,9592.65,1071.13,2321.32,Nano,36601.72
3569,32356.62,22191.09,4337.96,Macro,131215.44
3570,31626.09,14228.88,4779.98,Mega,62839.36
3571,61343.39,35302.24,4273.36,Nano,125118.71
3572,78000.67,23034.44,1792.46,Macro,123141.85
3573,20342.12,5397.18,886.19,Micro,21264.04
3574,75729.79,29089.3,4869.84,Macro,134054.92
3575,94203.95,16241.12,6138.03,Mega,107720.49
3576,80375.77,44723.25,5509.88,Mega,159452.67
3577,26649.48,20100.74,1818.71,Micro,51087.26
3578,28286.19,4397.72,3533.26,Mega,59480.45
3579,40077.73,3679.82,1932.47,Mega,82472.35
3580,3221.21,1768.68,5648.12,Micro,16566.61
3581,69139.22,45150.78,5168.13,Micro,228768.79
3582,81475.56,11427.18,2680.23,Nano,77267.8
3583,57303.23,40954.17,7587.73,Nano,99875.38
3584,61459.63,16731.42,3457.47,Macro,44341.84
3585,55447.99,16745.4,3944.67,Micro,122828.82
3586,49184.1,16798.66,2000.28,Micro,84105.6
3587,41498.21,21381.52,4894.26,Mega,44529.34
3588,57793.26,8302.41,3421.23,Macro,63504.9
3589,73400.7,16314.19,1218.99,Macro,113767.48
3590,97588.05,29245.71,5699.99,Mega,110309.53
3591,19054.78,8589.11,912.15,Micro,23785.88
3592,69043.21,33476.41,6825.08,Nano,188768.85
3593,92511.87,13446.59,1829.35,Nano,93267.99
3594,24930.71,11254.78,857.72,Macro,52293.03
3595,77289.51,25912.11,434.65,Mega,92169.08
3596,63474.3,14123.67,4903.21,Micro,138776.7
3597,85650.32,14188.15,4101.77,Mega,214718.41
3598,9200.87,14098.83,124.17,Mega,22068.82
3599,103937.35,26727.23,5491.58,Nano,175932.54
3600,78007.0,13459.79,5586.46,Macro,112460.05
3601,96236.32,15877.94,6141.8,Macro,152735.75
3602,100305.05,28269.21,5204.84,Micro,160152.99
3603,13071.02,7207.08,903.99,Mega,13293.73
3604,92308.72,21751.44,5084.32,Micro,195169.66
3605,14108.14,11983.5,3829.89,Micro,48118.79
3606,34672.2,22698.69,3764.87,Mega,85726.79
3607,58925.28,13819.34,3278.17,Micro,84038.76
3608,18238.95,18145.75,1840.56,Macro,100654.23
3609,2888.14,3142.04,1480.32,Micro,13866.86
3610,40406.16,14012.34,713.26,Nano,82591.84
3611,44269.94,15181.03,3274.51,Nano,62289.68
3612,38150.91,23589.73,394.76,Micro,116273.67
3613,67538.84,22575.63,2145.02,Nano,130716.53
3614,12791.99,10123.31,2970.98,Nano,36612.83
3615,41593.15,4149.95,2012.81,Macro,50378.8
3616,34908.44,16029.35,3425.16,Macro,60604.79
3617,41593.6,11652.06,1787.56,Mega,52549.34
3618,10531.78,8279.42,2602.43,Mega,21411.38
3619,58956.79,29570.12,1829.69,Mega,179144.23
3620,55779.67,25321.97,5599.1,Nano,155199.59
3621,61861.72,19740.23,5523.01,Micro,149229.35
3622,104321.42,37305.64,4856.11,Mega,186777.68
3623,113314.85,13659.89,5647.53,Nano,154643.93
3624,137084.35,14011.6,2502.11,Nano,126639.12
3625,58085.36,39434.07,3890.89,Nano,182802.77
3626,34456.69,15854.3,5209.41,Mega,39964.87
3627,12568.32,10015.43,2114.6,Nano,52022.41
3628,72547.84,33277.68,3439.72,Macro,119993.19
3629,46834.69,33645.67,2112.65,Nano,157514.69
3630,30802.69,651.61,1757.64,Mega,49125.92
3631,63186.65,39786.72,4030.45,Micro,149135.2
3632,34801.57,10389.73,8160.76,Mega,73553.77
3633,81904.84,25922.37,5065.84,Macro,169645.89
3634,137046.06,20243.53,6854.7,Macro,129694.65
3635,71848.42,12018.94,4856.54,Nano,157482.85
3636,33417.6,6910.77,928.1,Macro,72424.99
3637,20978.96,13345.14,1900.11,Nano,46647.35
3638,59207.48,18523.19,4969.44,Micro,127116.46
3639,27435.88,22745.93,1627.42,Micro,99797.11
3640,54135.53,10995.13,5411.44,Mega,119810.47
3641,36095.2,24230.54,1898.54,Micro,62225.98
3642,22222.07,18945.03,2026.17,Mega,57334.81
3643,50122.26,17110.75,3817.98,Micro,101770.14
3644,64734.56,41612.53,5598.76,Micro,139136.27
3645,46057.85,3050.54,2316.94,Macro,57462.62
3646,25733.38,18815.03,3608.02,Nano,89910.59
3647,66365.66,27771.71,1944.92,Micro,104519.73
3648,112560.1,31018.23,4016.9,Nano,216162.51
3649,35024.98,18918.48,5167.47,Nano,68758.94
3650,62696.23,24580.78,7628.13,Mega,103635.72
3651,25829.75,4171.28,1207.83,Mega,29627.99
3652,67149.5,8488.75,4987.39,Macro,143162.88
3653,35548.38,20355.88,2531.48,Micro,74811.51
3654,80017.45,38126.62,4026.51,Nano,167409.4
3655,100071.95,17449.87,4146.17,Nano,114935.75
3656,87827.21,7388.29,3733.37,Micro,67634.66
3657,30481.52,13553.36,1450.39,Mega,67405.31
3658,23714.59,13731.54,3103.47,Micro,63282.21
3659,40901.65,21379.42,2245.3,Mega,74177.97
3660,50552.54,14382.07,2346.26,Micro,44888.98
3661,44781.02,16916.16,931.81,Macro,44023.66
3662,102431.36,38371.35,6478.93,Micro,176079.72
3663,12656.01,13108.0,521.65,Nano,68894.99
3664,38510.26,15049.31,670.14,Nano,104221.42
3665,108630.51,22348.87,5827.06,Mega,150564.67
3666,114829.49,30051.43,2766.44,Micro,181409.57
3667,104707.27,40230.6,9088.16,Nano,190238.53
3668,121806.41,21806.8,4934.27,Macro,135589.75
3669,100404.84,12018.03,3082.84,Macro,110705.71
3670,57340.16,12559.17,5265.15,Mega,165005.83
3671,84208.17,31669.85,5430.96,Mega,105083.52
3672,24347.29,4960.77,1587.89,Nano,28189.23
3673,27278.81,19962.84,4116.56,Macro,86234.74
3674,54599.55,37824.75,4769.82,Macro,157878.27
3675,37775.02,9473.84,2925.95,Nano,113962.17
3676,73340.37,12416.66,5058.85,Mega,143282.07
3677,13730.17,12685.78,831.09,Mega,49183.58
3678,48570.95,12283.98,4021.47,Macro,126843.32
3679,57342.76,11746.38,4831.58,Nano,85319.49
3680,79700.03,45991.63,8147.55,Micro,123441.27
3681,71501.56,25654.31,874.3,Micro,85379.58
3682,8159.36,2342.43,1325.03,Mega,21933.08
3683,19291.84,13104.0,3196.67,Micro,54319.41
3684,84349.38,16575.15,3537.06,Micro,210688.95
3685,69310.0,24854.92,3564.43,Nano,125285.89
3686,81884.62,26500.52,5023.98,Nano,192045.55
3687,28089.7,22382.06,474.45,Mega,39511.1
3688,55061.45,18442.59,1472.85,Micro,50211.09
3689,43285.42,14133.54,4215.98,Macro,129428.14
3690,36437.44,16050.75,656.79,Micro,44188.48
3691,24001.64,21721.8,4372.79,Nano,65304.01
3692,43325.03,31604.22,484.67,Mega,81879.8
3693,5678.36,6601.26,1174.88,Micro,11965.81
3694,42407.27,18766.81,5741.41,Micro,81026.11
3695,84143.35,35198.84,3180.59,Micro,220436.17
3696,62856.12,18836.99,1654.34,Macro,159337.61
3697,30115.78,8531.5,1018.39,Mega,90757.92
3698,57040.23,14265.48,3420.99,Nano,140775.11
3699,55615.62,27399.64,3509.25,Micro,168876.25
3700,28373.16,4814.39,901.9,Nano,19944.32
3701,51852.55,18876.14,2745.6,Nano,66912.82
3702,14818.81,2084.69,221.1,Micro,23995.35
3703,65057.38,39047.98,7209.5,Macro,171765.78
3704,60935.62,25465.74,4426.28,Micro,209640.22
3705,27590.5,3816.89,1443.83,Nano,58353.85
3706,38842.76,13985.66,1575.75,Macro,52406.96
3707,52413.95,20910.54,3781.43,Mega,136816.7
3708,46942.65,12136.61,6298.23,Macro,86243.59
3709,87624.38,57597.69,7081.63,Macro,142185.58
3710,48064.9,10226.93,370.68,Nano,109316.07
3711,95852.6,49168.47,6007.38,Mega,145841.53
3712,15904.9,4784.06,1662.93,Micro,26373.4
3713,71084.05,7938.3,5545.42,Macro,60660.42
3714,29872.85,3873.71,389.88,Mega,43787.86
3715,83279.24,30058.92,4800.65,Nano,110341.92
3716,92076.58,24447.86,5409.55,Mega,115521.57
3717,111155.29,41880.03,7586.98,Macro,174397.42
3718,112832.17,20752.44,9751.65,Micro,119152.58
3719,28650.59,7557.21,2677.55,Macro,37281.57
3720,50319.47,11410.35,1815.05,Nano,96931.08
3721,93390.01,27988.46,3850.43,Macro,110499.16
3722,89170.69,15214.09,3549.29,Micro,99111.38
3723,122277.62,27944.92,5083.27,Nano,191884.55
3724,60648.0,25011.32,3143.71,Micro,114591.83
3725,45078.03,15666.16,3192.07,Mega,88197.52
3726,49119.08,10850.94,3230.14,Macro,66798.38
3727,53775.83,9075.96,4607.36,Nano,96831.79
3728,35614.66,20359.39,3235.49,Micro,51525.67
3729,79770.69,22995.98,6464.48,Nano,133010.55
3730,16590.5,12545.92,887.35,Macro,75106.88
3731,53478.48,30813.4,3303.43,Micro,133544.95
3732,20343.38,11912.2,2572.29,Mega,38795.86
3733,74753.99,39814.75,10188.75,Mega,130333.03
3734,96146.25,24492.65,7506.44,Nano,119915.01
3735,54322.47,21784.43,2525.91,Mega,135722.73
3736,37510.78,18776.49,4848.51,Nano,57577.61
3737,70101.11,14749.15,6852.0,Nano,143520.5
3738,62947.66,18048.03,2089.97,Micro,86890.04
3739,16835.36,27357.54,4730.56,Macro,37845.96
3740,68984.97,30504.27,2460.48,Micro,128549.3
3741,91136.82,19039.53,4973.47,Mega,138214.81
3742,38005.84,12982.04,3671.61,Macro,107888.12
3743,50911.61,11826.53,1319.11,Mega,115909.67
3744,30622.82,5566.62,1913.83,Micro,49997.69
3745,21983.58,893.8,1069.21,Macro,36393.98
3746,27624.71,6659.3,2687.09,Macro,42518.54
3747,108706.92,18839.36,2832.57,Mega,173396.16
3748,75707.38,26007.78,6898.29,Macro,127970.89
3749,66657.81,14925.09,8211.92,Macro,92809.77
3750,51016.91,15319.76,7187.97,Nano,114253.72
3751,85738.69,14925.3,4510.76,Nano,134331.67
3752,63056.44,45134.74,7897.28,Mega,143172.28
3753,49290.07,31354.82,3518.82,Macro,126660.69
3754,74301.07,28771.95,5586.19,Nano,173381.09
3755,57686.71,15207.55,742.12,Mega,86720.2
3756,93082.29,50531.95,6947.76,Micro,159881.6
3757,79802.41,39132.74,4406.52,Macro,79868.96
3758,29374.93,10097.14,7451.51,Micro,59399.73
3759,47781.39,21895.98,2285.15,Micro,61203.86
3760,20941.92,0.44,672.62,Nano,24528.56
3761,57237.48,1655.76,1070.82,Nano,91959.27
3762,46088.01,109.02,643.28,Mega,42065.49
3763,49493.57,10580.32,1576.68,Nano,67645.56
3764,47984.91,9802.87,2694.96,Mega,59232.66
3765,45112.26,12826.75,3689.63,Nano,84539.88
3766,38629.61,31450.96,5266.27,Nano,80946.45
3767,73625.21,17922.77,8203.74,Macro,159890.31
3768,81296.62,18204.2,2011.57,Micro,152321.31
3769,33741.15,9405.95,1315.13,Macro,40959.7
3770,85198.66,33333.55,1469.92,Mega,136576.27
3771,32947.28,17949.62,3854.68,Mega,20641.97
3772,107887.55,26987.14,6258.34,Micro,130350.46
3773,11803.47,2411.95,601.66,Mega,23765.79
3774,66529.93,21861.53,6434.98,Nano,140897.9
3775,76787.62,37168.25,277.92,Macro,143966.55
3776,25337.35,5620.35,1459.21,Nano,40588.75
3777,99985.49,18226.61,6523.36,Macro,87751.46
3778,49743.8,10601.63,3483.07,Micro,18916.73
3779,82339.07,46372.83,1891.62,Nano,213633.29
3780,94436.59,12926.77,3608.01,Mega,193564.27
3781,71967.45,42864.28,1618.87,Nano,196975.92
3782,30818.44,22975.23,1765.25,Nano,73658.92
3783,26697.21,17678.28,464.63,Macro,137061.04
3784,9227.51,2304.58,2412.23,Micro,20005.14
3785,76707.96,34956.07,7461.41,Mega,166812.92
3786,64141.71,33675.55,1795.47,Macro,143465.48
3787,54502.46,7937.65,2513.44,Mega,88192.36
3788,40489.69,7406.86,4682.3,Macro,67899.2
3789,54696.53,4477.89,400.18,Nano,99539.25
3790,7156.89,4303.74,1188.23,Macro,15897.76
3791,90209.31,31417.32,5871.91,Mega,203598.38
3792,5031.94,3861.33,1383.42,Mega,29580.39
3793,70465.21,18988.76,3714.55,Mega,153751.88
3794,19203.25,11984.18,4105.28,Nano,37050.26
3795,86520.69,31613.26,4343.0,Macro,199147.11
3796,80846.06,36193.89,3249.42,Nano,90734.48
3797,32652.2,3864.55,901.51,Nano,29499.78
3798,41258.92,9755.29,1950.71,Mega,135965.7
3799,25310.56,1966.55,873.31,Macro,43324.91
3800,64614.66,10685.63,2357.32,Macro,86900.51
3801,63319.96,32570.73,4579.83,Macro,120194.69
3802,58450.29,21758.44,7595.22,Micro,97833.07
3803,29365.87,6529.38,54.4,Nano,77293.05
3804,15017.96,5585.73,564.64,Micro,36071.35
3805,50802.44,8672.49,1341.98,Micro,80760.18
3806,19155.92,2270.35,3658.95,Nano,32377.14
3807,73271.18,31577.79,5491.51,Micro,106898.25
3808,61084.97,17798.81,3553.06,Nano,76372.98
3809,43182.2,4413.14,2364.4,Mega,43314.51
3810,81852.2,22633.86,5222.11,Micro,157362.48
3811,26361.72,12100.32,109.93,Nano,85547.07
3812,26813.47,520.75,659.37,Macro,73948.76
3813,8066.9,7856.66,620.93,Nano,17577.14
3814,20082.35,3266.27,712.2,Nano,33511.82
3815,27325.69,8382.61,1797.07,Micro,86614.8
3816,21794.07,10888.12,1939.79,Macro,73861.39
3817,68274.63,23078.06,3050.47,Macro,109232.8
3818,80441.66,10283.62,6519.58,Macro,160455.97
3819,16863.68,18939.96,1924.05,Micro,38216.11
3820,52700.18,25367.83,1966.28,Micro,163098.67
3821,74446.46,20399.35,3936.97,Macro,117275.74
3822,72997.68,13191.52,2437.56,Micro,83887.83
3823,44684.01,5152.39,2376.66,Mega,41596.16
3824,59862.63,13979.25,101.32,Micro,80325.88
3825,15201.85,15991.06,3326.8,Nano,30100.53
3826,60257.22,19548.69,4054.43,Micro,174141.48
3827,41936.93,9385.44,2769.47,Macro,50784.4
3828,20782.79,99.41,1235.67,Mega,26089.09
3829,99434.8,41238.5,2389.92,Micro,169798.75
3830,29038.62,6528.22,921.56,Nano,83245.8
3831,124454.76,15159.68,2585.69,Macro,161113.47
3832,69991.81,40348.28,4303.53,Macro,108075.91
3833,2983.07,13229.8,1088.19,Nano,54688.29
3834,59574.16,21317.24,667.51,Mega,114535.24
3835,72396.7,18117.27,4292.26,Mega,148053.93
3836,112048.97,21572.82,1533.32,Nano,123207.88
3837,54267.99,15092.43,2280.19,Macro,93290.87
3838,9965.34,15626.34,859.39,Mega,33589.36
3839,62813.67,13471.36,6940.42,Macro,196371.32
3840,42249.85,13984.23,4215.64,Nano,97254.6
3841,30965.97,5656.35,1332.04,Nano,52517.38
3842,24318.44,7050.17,235.85,Macro,37257.45
3843,61528.99,21626.56,3381.0,Mega,133797.78
3844,110214.56,47888.97,6428.19,Micro,178158.51
3845,61060.34,12456.56,3386.85,Mega,101157.82
3846,70637.48,13939.35,1707.46,Mega,115270.23
3847,78068.37,27795.03,5958.19,Macro,157730.13
3848,108192.19,21036.26,5939.72,Mega,161015.36
3849,45745.11,19301.57,454.17,Mega,68942.21
3850,80352.59,26814.45,3269.5,Macro,182544.9
3851,25910.94,6785.92,3890.98,Micro,35819.82
3852,39201.18,8578.26,4225.0,Mega,78603.69
3853,53217.21,20833.67,2525.35,Micro,76573.3
3854,12031.48,8273.65,663.73,Nano,37620.55
3855,75365.09,14039.45,5937.95,Macro,101728.59
3856,30113.78,1447.08,1466.7,Macro,44105.58
3857,28161.46,4992.07,3588.0,Mega,69842.12
3858,109473.87,27237.77,6521.08,Micro,164659.34
3859,9001.11,1482.44,166.17,Micro,21288.45
3860,33516.27,15979.94,1643.43,Micro,80471.4
3861,27096.01,315.09,1584.73,Micro,22917.09
3862,120018.1,21707.52,6509.06,Mega,195193.2
3863,88563.49,20282.15,4550.48,Macro,150955.31
3864,27670.15,5232.88,1344.17,Micro,29374.9
3865,93588.86,44045.05,6003.67,Macro,174863.35
3866,81816.65,26021.93,4842.88,Nano,123971.26
3867,118895.66,42586.09,5965.67,Micro,205751.46
3868,88847.55,30480.95,6641.15,Macro,128245.14
3869,60712.11,19156.57,1174.74,Macro,121127.85
3870,111083.75,34674.05,4438.1,Micro,151164.51
3871,52245.35,26364.18,5870.76,Nano,45969.69
3872,13003.71,9771.04,5654.73,Nano,33985.44
3873,83038.05,8495.46,2761.04,Macro,71481.43
3874,30836.84,3980.13,1705.28,Nano,23926.7
3875,78011.76,29342.7,2501.09,Mega,139218.18
3876,84599.89,21769.56,3647.26,Mega,78490.87
3877,77125.8,30040.77,4727.85,Micro,145597.56
3878,92108.67,26477.44,3880.48,Macro,122552.45
3879,119174.98,30026.06,5870.15,Macro,169042.08
3880,27637.42,4623.73,572.31,Mega,41253.44
3881,81903.85,20463.23,1792.29,Mega,128241.18
3882,13001.95,6601.64,5109.24,Micro,23634.06
3883,23019.34,3950.85,3263.64,Nano,38696.39
3884,14017.3,2428.73,135.07,Nano,24868.83
3885,30989.96,4584.23,2250.34,Macro,20142.79
3886,45199.71,7146.91,5560.01,Macro,36064.7
3887,98448.91,35550.04,4872.16,Mega,133615.23
3888,32752.66,3613.91,783.86,Mega,58980.72
3889,30125.77,1581.62,1029.12,Nano,32947.32
3890,61361.17,14418.22,3376.91,Macro,128311.46
3891,53714.35,11297.84,2562.24,Micro,96139.63
3892,81058.71,26706.8,9127.44,Mega,127404.97
3893,57344.69,11780.37,3009.17,Micro,144080.39
3894,55331.82,34958.94,4824.38,Nano,127174.58
3895,35081.29,8406.61,1040.6,Macro,124080.61
3896,76349.42,6953.4,1849.16,Mega,77896.46
3897,30469.32,4052.81,1634.97,Nano,36116.67
3898,40760.9,32380.23,1866.91,Nano,72694.09
3899,52490.17,11377.09,6240.13,Mega,77674.23
3900,90842.37,17735.56,673.08,Nano,143473.17
3901,35424.59,13843.17,1377.51,Micro,47683.72
3902,52310.26,7196.11,1588.77,Mega,78146.65
3903,17688.62,2758.41,2783.75,Macro,38901.81
3904,31881.29,9809.47,2882.93,Nano,29828.46
3905,99504.54,33198.56,4554.77,Nano,130559.02
3906,75616.04,25307.5,1820.81,Micro,110362.42
3907,20717.56,3714.35,30.04,Macro,18777.17
3908,18847.32,8994.19,684.04,Macro,26218.12
3909,38223.18,6083.22,266.97,Micro,57849.07
3910,47165.01,31542.97,4309.63,Micro,98500.97
3911,86588.04,17065.06,2193.17,Micro,189582.51
3912,58592.61,7760.06,5124.85,Micro,67504.89
3913,43663.83,25492.01,5517.5,Nano,49856.69
3914,51274.38,17484.73,813.39,Nano,59087.83
3915,85865.56,47855.2,1801.49,Micro,117998.36
3916,38052.55,12960.93,3560.62,Micro,84345.91
3917,17715.62,1129.72,2523.88,Mega,22007.26
3918,66824.27,6312.17,3042.22,Macro,58825.43
3919,24259.34,6508.33,1182.7,Micro,51548.56
3920,47146.69,5984.1,260.97,Micro,49948.67
3921,99831.87,26123.86,4744.49,Micro,172624.29
3922,21766.81,15130.39,1560.85,Micro,85804.71
3923,36326.93,24159.84,7606.38,Micro,123071.66
3924,20167.67,6622.59,3881.46,Mega,41244.28
3925,98098.24,26049.06,7419.61,Nano,160259.02
3926,23724.59,7054.38,3515.82,Mega,19726.02
3927,48167.63,7298.97,337.28,Micro,32253.45
3928,57527.86,14958.17,3472.82,Micro,60801.47
3929,59127.76,21577.09,4655.32,Macro,129497.08
3930,59012.56,17633.19,5195.62,Nano,106738.79
3931,29318.67,5675.07,17.38,Micro,48674.95
3932,61326.39,17001.3,3107.13,Mega,105425.44
3933,13729.23,5369.86,3122.49,Mega,48890.26
3934,38315.27,12327.56,2761.22,Micro,86139.52
3935,6793.21,2433.93,1882.74,Nano,22016.16
3936,3592.6,8646.94,1587.6,Micro,38444.06
3937,100191.56,35567.8,8986.28,Nano,129123.5
3938,76448.37,24765.83,2623.38,Macro,89759.11
3939,55977.16,23533.26,4424.55,Micro,81740.69
3940,120092.88,40942.2,4700.59,Micro,178827.3
3941,38618.39,13607.59,6625.99,Micro,38810.88
3942,60935.74,20172.18,2527.1,Micro,67395.02
3943,56948.04,16985.74,740.32,Micro,45004.92
3944,76267.39,13441.91,1510.22,Mega,110128.15
3945,10465.24,7491.94,1778.03,Mega,22743.1
3946,63421.48,14261.85,165.9,Macro,70347.2
3947,66609.88,17744.16,4262.44,Macro,168655.52
3948,94562.51,10418.5,2119.38,Nano,153750.65
3949,74899.72,44895.25,2232.69,Nano,179111.22
3950,10748.23,8857.85,5112.08,Nano,48444.05
3951,45383.36,18698.72,3970.4,Micro,112427.47
3952,35120.16,4493.58,2833.28,Nano,48418.46
3953,19009.2,8091.28,4298.96,Macro,34194.0
3954,8516.39,2746.56,2039.85,Macro,19952.77
3955,43404.82,25995.6,2188.04,Micro,75045.73
3956,35828.52,5313.3,2274.6,Micro,103156.34
3957,71711.29,24389.25,5671.16,Mega,89853.81
3958,30581.31,18598.44,5144.39,Macro,40131.44
3959,31691.62,9331.72,3975.01,Mega,65582.15
3960,30711.39,12016.08,2612.9,Micro,53709.62
3961,28397.04,30545.63,7972.16,Mega,61216.95
3962,26750.96,7811.72,1157.6,Mega,41820.13
3963,89242.27,46349.41,3691.27,Macro,154032.11
3964,89224.59,24661.15,299.07,Micro,130059.32
3965,94146.57,29686.55,404.27,Nano,115905.55
3966,35077.46,10752.66,1318.39,Mega,48898.13
3967,100430.79,17544.63,2189.64,Nano,147135.95
3968,62179.4,11529.49,5088.01,Mega,64790.35
3969,78433.69,28209.6,1684.83,Micro,126890.31
3970,64266.46,25730.06,3522.26,Nano,90376.37
3971,136946.37,15228.49,681.76,Mega,175789.37
3972,78822.57,19312.86,2957.22,Macro,92739.18
3973,97683.34,25902.03,9476.64,Mega,163791.59
3974,24946.94,4754.66,327.75,Nano,49234.05
3975,12301.32,1813.81,128.5,Macro,16971.06
3976,33961.52,5730.18,1583.3,Macro,33218.83
3977,62821.84,26660.01,1799.59,Micro,112250.31
3978,61078.37,11481.65,1005.35,Nano,87939.32
3979,92887.66,17426.49,2041.29,Nano,179011.86
3980,75215.18,26415.12,952.44,Macro,100494.39
3981,36817.35,26455.95,3820.4,Nano,54259.14
3982,71048.4,18562.76,2029.13,Micro,102571.89
3983,49134.96,17419.41,2546.51,Mega,87770.89
3984,72941.21,37113.34,2231.37,Macro,92759.63
3985,32163.09,250.55,2291.23,Macro,28988.9
3986,95579.69,38487.38,4803.61,Micro,101879.24
3987,61377.22,21965.61,5667.11,Mega,136630.97
3988,22674.13,21348.12,5970.22,Nano,47166.04
3989,96855.02,34553.18,3516.43,Micro,107526.63
3990,35233.51,4370.33,3998.94,Mega,44218.42
3991,26467.54,11237.23,1167.05,Mega,74964.86
3992,10334.38,4628.63,572.55,Macro,49360.78
3993,5903.52,5453.47,2373.36,Nano,21829.34
3994,81222.44,47940.19,8301.34,Nano,153146.39
3995,11914.36,3624.12,358.05,Macro,20156.55
3996,68050.9,25603.48,2673.04,Nano,162721.92
3997,100123.08,18379.48,4948.76,Nano,164299.03
3998,64855.55,22124.21,6352.69,Macro,139900.69
3999,85691.97,22831.01,1758.17,Nano,104943.96
4000,66288.79,33202.87,6265.85,Micro,148885.12
4001,89717.27,28698.5,5901.47,Macro,190638.58
4002,12742.15,3965.99,1020.49,Nano,52710.1
4003,53356.99,9725.52,3632.37,Macro,92669.23
4004,26625.17,13921.5,2676.62,Mega,103963.06
4005,80932.1,26055.05,4071.55,Nano,165529.95
4006,72874.23,29013.48,4019.54,Macro,146163.73
4007,34776.21,2377.73,2290.21,Mega,56693.08
4008,24362.4,11355.7,1471.51,Nano,32379.76
4009,33194.6,9706.24,1526.27,Mega,46380.25
4010,107518.44,44896.17,8220.53,Micro,176187.43
4011,54409.01,35540.35,5137.12,Nano,90432.55
4012,34211.28,16797.43,1464.15,Macro,43305.0
4013,99299.62,18282.68,2951.0,Nano,87862.96
4014,77096.4,17276.06,5781.93,Macro,131118.95
4015,27337.06,16822.16,3099.98,Mega,50950.65
4016,64323.6,26739.22,6000.88,Mega,140637.08
4017,23784.86,4373.85,1758.38,Mega,71536.75
4018,117359.0,44382.06,6054.41,Nano,213446.59
4019,19089.62,10167.52,1185.99,Mega,82755.98
4020,30524.71,8393.09,739.57,Micro,39549.67
4021,118895.72,20185.94,4602.94,Nano,139183.82
4022,27866.69,13467.88,306.92,Mega,55076.36
4023,53488.47,13097.21,111.01,Macro,119513.0
4024,56645.02,4262.28,180.24,Mega,59046.23
4025,104075.76,7991.25,3313.54,Nano,128450.95
4026,82592.14,27522.29,582.18,Micro,115705.28
4027,59311.87,33607.0,7483.43,Macro,133357.45
4028,93887.42,30925.78,4068.25,Micro,136941.29
4029,92941.03,17281.32,2447.63,Macro,169526.12
4030,59140.0,15547.65,2852.07,Mega,82638.08
4031,114343.12,30932.84,4160.03,Mega,101970.27
4032,8952.4,5005.18,2584.04,Macro,19822.71
4033,17401.96,6606.43,1535.62,Mega,32126.4
4034,61209.21,6088.56,800.78,Mega,115828.57
4035,44227.06,18717.71,5371.54,Nano,114761.67
4036,53325.16,46065.65,6146.3,Mega,117639.24
4037,48241.78,14414.25,1914.86,Nano,67169.61
4038,70696.09,19626.72,4061.59,Macro,202817.27
4039,33026.2,6776.3,2725.43,Macro,19720.4
4040,33894.25,23240.56,953.11,Macro,58327.18
4041,31229.98,8275.87,3250.95,Micro,50150.02
4042,60707.91,13863.67,2209.95,Micro,120884.8
4043,88998.26,18537.34,4827.94,Macro,141752.21
4044,92651.52,27184.28,5853.58,Micro,195820.36
4045,12453.06,5237.76,3338.36,Mega,42101.13
4046,67661.12,7917.07,2178.33,Mega,83518.8
4047,66493.92,27309.19,1370.78,Mega,163801.39
4048,88666.67,24469.68,2559.91,Nano,100188.76
4049,29942.17,17204.79,22.5,Mega,50579.29
4050,34399.31,12807.79,734.02,Macro,64881.64
4051,56051.82,15815.88,4208.56,Micro,87023.52
4052,2872.15,10979.46,5022.01,Nano,21110.95
4053,78472.77,12991.65,1627.59,Mega,150509.79
4054,6169.56,5791.38,5440.35,Mega,23922.39
4055,101097.91,21995.06,5544.41,Nano,147807.9
4056,62467.38,9677.99,766.83,Mega,77595.51
4057,91099.8,13943.47,144.89,Mega,133987.65
4058,59120.34,23594.85,2139.14,Macro,79131.03
4059,47664.67,16445.03,934.35,Nano,137286.63
4060,93701.07,29469.14,3082.47,Macro,191487.07
4061,17452.35,1346.7,364.68,Mega,29178.76
4062,73409.38,23882.01,2036.74,Micro,74117.07
4063,22795.16,14260.76,1904.3,Macro,19551.62
4064,18370.49,7042.5,24.46,Micro,51409.41
4065,61905.13,33203.71,5226.57,Macro,94764.97
4066,38556.01,3649.06,9.53,Macro,50692.9
4067,43676.53,8097.41,162.93,Micro,58691.0
4068,48532.86,30474.63,1901.75,Micro,100301.49
4069,77131.05,17299.65,5042.35,Nano,123862.81
4070,33120.05,8175.83,349.66,Micro,51147.29
4071,17313.75,5064.06,1354.42,Mega,43113.54
4072,45804.04,38923.36,3388.3,Mega,121191.11
4073,3388.32,2339.24,334.89,Mega,13836.59
4074,53176.39,28549.74,4461.83,Nano,129756.01
4075,62147.96,14182.07,1708.63,Nano,99398.07
4076,31849.97,12618.43,1421.5,Mega,54075.71
4077,60664.4,9169.26,4689.77,Micro,62799.92
4078,50952.76,16140.23,6679.1,Nano,93215.48
4079,86202.01,13445.75,3092.27,Nano,132988.11
4080,65864.04,22814.97,4368.9,Nano,116757.32
4081,5311.33,4912.27,228.26,Mega,60471.93
4082,60224.98,44608.21,7304.24,Nano,153044.01
4083,121903.83,32225.18,6714.96,Macro,162221.41
4084,74897.61,23185.85,3136.78,Nano,139351.09
4085,54432.21,13342.83,2861.87,Micro,70808.85
4086,58977.26,14700.63,596.89,Macro,53787.91
4087,44229.1,22365.93,4599.94,Nano,123484.46
4088,18452.22,9653.45,4396.8,Macro,27932.72
4089,54986.61,22443.31,1632.84,Micro,84086.57
4090,33521.44,21822.45,1884.7,Mega,34889.57
4091,88310.46,37291.84,5958.23,Nano,108458.44
4092,52801.89,18304.55,2185.42,Micro,151207.4
4093,105282.69,30242.93,4062.5,Mega,148863.84
4094,76496.45,27326.97,156.16,Micro,108433.23
4095,22490.94,12531.75,104.0,Macro,80453.47
4096,12527.98,1403.22,198.57,Nano,43557.36
4097,28953.43,31347.12,2019.92,Micro,100765.61
4098,16886.66,8344.54,4726.14,Nano,64167.95
4099,30267.29,4037.17,878.95,Micro,55746.37
4100,85349.51,24764.93,4239.32,Micro,187107.31
4101,16167.59,1136.85,129.39,Mega,28859.19
4102,29704.84,10701.65,1408.31,Micro,55122.8
4103,21159.64,27216.01,2553.72,Macro,108386.7
4104,32018.15,15915.43,4790.84,Micro,69803.38
4105,48305.6,11125.64,5139.32,Macro,110895.38
4106,89779.18,20677.47,8226.68,Micro,136809.53
4107,68235.19,21747.78,2783.3,Mega,156389.43
4108,100709.75,23300.92,3861.6,Micro,218291.19
4109,87388.07,33216.97,10297.64,Nano,106230.68
4110,9250.18,7075.16,592.36,Macro,62730.72
4111,38225.9,35580.06,722.08,Nano,114741.02
4112,21355.45,9578.97,2263.53,Mega,72434.72
4113,35365.76,2440.48,194.15,Micro,47379.62
4114,95681.07,14282.0,4503.91,Micro,127844.22
4115,125609.41,15021.25,3371.13,Nano,127195.52
4116,30292.21,16705.94,5108.59,Mega,50508.46
4117,44377.75,11742.38,4727.64,Mega,112495.79
4118,21539.09,11514.71,1707.02,Micro,33556.48
4119,39583.31,18922.45,3286.73,Nano,54459.68
4120,74395.82,20339.44,6749.79,Macro,152248.25
4121,44742.67,13077.77,769.5,Mega,88349.22
4122,29723.58,31.93,2082.33,Micro,37187.34
4123,115943.38,54246.29,5326.76,Macro,134461.7
4124,86019.27,20339.53,5599.31,Nano,83253.57
4125,35924.32,26804.67,1144.77,Nano,103767.69
4126,7816.55,12445.46,2510.67,Nano,59105.49
4127,29393.26,7445.56,249.82,Mega,40719.97
4128,65798.55,45295.6,2612.16,Mega,163885.91
4129,26276.67,7528.1,1207.74,Nano,30377.0
4130,74111.22,40860.12,7520.48,Macro,140522.45
4131,30544.56,3291.69,617.68,Nano,64034.77
4132,18272.19,5715.71,1765.6,Mega,43785.57
4133,60035.97,18787.9,4287.9,Macro,69196.45
4134,12123.63,5255.26,304.84,Mega,21064.19
4135,55494.71,27469.26,3352.79,Micro,94264.41
4136,79485.64,20502.97,2810.28,Nano,119844.23
4137,29854.28,11387.59,3061.99,Mega,53609.98
4138,38621.61,18933.87,464.67,Micro,94233.57
4139,51497.15,33408.78,4893.95,Micro,138566.92
4140,83033.52,39336.59,6158.39,Nano,144872.31
4141,58976.82,35510.58,4324.44,Mega,105575.16
4142,125306.9,37091.32,6854.29,Macro,201761.64
4143,9885.99,9493.56,2715.3,Nano,33786.05
4144,60534.44,12200.2,4824.47,Macro,111820.74
4145,52266.02,11247.78,2256.49,Nano,119336.82
4146,21545.8,14765.78,4829.66,Mega,64710.78
4147,50013.05,32360.35,5703.99,Micro,131573.55
4148,76130.22,35320.74,2287.39,Micro,152583.54
4149,16362.91,7231.69,3734.46,Macro,63805.98
4150,53760.17,12659.0,8357.13,Micro,106035.11
4151,68798.58,24402.59,3657.84,Micro,158197.04
4152,28637.37,7888.48,2294.25,Macro,36691.6
4153,140041.21,33567.88,4878.63,Macro,112445.39
4154,82114.46,20601.67,8363.87,Macro,129926.54
4155,6930.97,10188.22,1363.47,Mega,19465.82
4156,21473.58,2601.97,1365.84,Mega,27072.67
4157,51157.73,11611.91,1324.03,Micro,89670.88
4158,57273.33,23963.46,6070.68,Mega,130300.47
4159,62742.12,16368.45,4775.91,Micro,126357.57
4160,73375.51,39954.91,2522.22,Nano,97681.48
4161,83187.22,24043.51,3115.44,Macro,110333.15
4162,61416.85,7832.13,5234.69,Nano,119533.83
4163,20326.91,3911.54,1007.81,Mega,16444.26
4164,82280.82,17453.16,878.43,Nano,133385.88
4165,17945.65,10125.61,3588.87,Mega,45475.17
4166,14977.49,3919.92,357.39,Nano,47102.84
4167,72772.89,20880.23,2993.11,Mega,92910.41
4168,33459.97,6487.09,4724.22,Mega,78965.78
4169,41614.45,8710.84,975.29,Micro,59612.73
4170,112952.03,38393.65,2778.44,Nano,212267.23
4171,108909.45,37830.85,3964.58,Micro,152440.09
4172,73258.61,22231.53,2934.11,Micro,140271.22
4173,71242.41,10525.55,2524.9,Micro,91774.51
4174,17305.51,13063.79,2303.2,Micro,46372.21
4175,54646.38,28669.51,5130.86,Macro,153051.16
4176,107199.5,34134.1,3094.83,Nano,118951.29
4177,93537.98,25185.5,2541.68,Micro,185969.27
4178,142560.17,14472.95,4887.5,Mega,134549.43
4179,74684.83,13653.32,4093.51,Mega,108179.67
4180,97619.43,26020.86,3774.87,Mega,93875.69
4181,45464.11,15807.91,1468.35,Micro,107232.44
4182,27149.48,5547.77,387.03,Micro,53731.54
4183,49732.72,23583.85,7701.14,Mega,151866.78
4184,102885.65,24493.33,449.69,Macro,154634.9
4185,59350.54,19300.17,5489.13,Mega,136432.76
4186,82563.51,21179.28,1645.05,Macro,171821.34
4187,60274.76,20143.35,2457.72,Mega,108293.21
4188,29672.64,17655.82,2001.04,Micro,45592.16
4189,80691.62,36404.82,5130.23,Nano,112624.64
4190,55866.87,9460.75,2498.88,Mega,89956.46
4191,22058.77,7446.83,6088.67,Micro,49893.27
4192,12821.13,8378.21,4942.44,Nano,19604.4
4193,43414.89,12800.42,2388.73,Micro,83491.6
4194,69322.75,35344.95,8153.0,Mega,99045.98
4195,50907.78,20906.13,6853.97,Nano,112126.76
4196,105275.94,22413.91,8177.0,Micro,133417.37
4197,77275.68,25665.03,2820.51,Macro,148104.22
4198,33772.9,7459.3,2858.01,Nano,47261.54
4199,18663.96,12308.92,1727.95,Nano,41791.31
4200,45954.73,4649.09,1937.17,Macro,51032.3
4201,60580.56,35692.65,5241.41,Micro,97732.3
4202,52986.58,37239.0,4245.21,Mega,168153.53
4203,31447.73,9962.04,936.02,Nano,53498.83
4204,44689.46,9666.46,102.85,Nano,58107.05
4205,85356.14,17411.82,1937.49,Mega,117447.0
4206,65983.83,22985.79,1502.16,Mega,139168.61
4207,78608.14,20058.66,811.84,Nano,106295.95
4208,97804.41,24666.35,7600.78,Nano,130918.36
4209,111772.55,18845.3,3772.53,Nano,178880.44
4210,110999.07,37968.45,10455.11,Nano,158157.81
4211,12943.25,680.96,1278.57,Nano,31311.21
4212,81195.61,12982.39,4423.49,Macro,60879.39
4213,38170.41,12339.42,1244.35,Nano,61519.77
4214,65548.1,18554.46,3922.4,Nano,108432.96
4215,37499.19,3306.15,43.31,Mega,54011.17
4216,83750.2,51573.12,2264.97,Micro,198673.42
4217,13250.5,4135.05,2624.14,Mega,28849.86
4218,80629.35,26404.73,3600.05,Nano,102684.81
4219,49204.5,5008.29,2023.88,Mega,67730.75
4220,81379.51,44583.12,6516.58,Nano,188603.93
4221,97994.34,9465.96,5120.85,Mega,110464.33
4222,44848.03,9738.95,1363.03,Micro,112451.82
4223,11314.91,5303.55,1786.78,Micro,16266.83
4224,95010.6,51321.74,5905.91,Macro,117750.03
4225,27257.26,19723.09,4198.92,Macro,77194.28
4226,23823.55,13252.11,2064.48,Nano,33109.65
4227,77632.47,13902.11,2039.52,Nano,159659.83
4228,52982.1,32067.52,450.4,Mega,78797.23
4229,137808.74,15173.72,3803.7,Nano,164732.69
4230,61828.43,17521.14,4185.86,Mega,115348.7
4231,85919.96,39320.66,5572.2,Mega,144025.81
4232,33440.07,9025.59,4034.14,Nano,127535.4
4233,11769.47,2310.37,38.17,Nano,32506.22
4234,35028.12,9059.52,1305.29,Nano,30241.54
4235,47097.33,11700.22,3349.61,Mega,42612.79
4236,33218.31,12894.26,1521.59,Macro,33095.14
4237,117019.33,22554.67,7820.15,Nano,126010.55
4238,27290.94,7422.23,1142.5,Mega,37034.67
4239,69723.55,40151.93,5652.61,Macro,123205.33
4240,30935.23,9275.68,3393.1,Nano,38615.7
4241,29516.58,3570.68,143.31,Micro,91827.8
4242,67046.92,22134.81,3656.99,Macro,87281.83
4243,87054.03,13300.5,2513.64,Macro,204818.94
4244,45116.26,6815.57,1979.58,Nano,57126.89
4245,57215.33,20009.43,383.26,Macro,132891.94
4246,68376.39,12982.13,7744.56,Macro,86343.92
4247,93682.23,19496.99,5393.8,Macro,133737.48
4248,88106.49,41132.71,2581.62,Micro,171475.54
4249,25467.65,3395.75,2269.0,Mega,61418.7
4250,103264.8,39527.8,3077.83,Micro,211763.45
4251,41778.99,18801.42,3047.22,Mega,49339.98
4252,58206.06,7812.42,1808.08,Macro,86316.32
4253,40876.87,19727.82,1122.94,Mega,123801.12
4254,78287.72,15295.55,3579.35,Mega,171494.6
4255,26893.42,8467.17,1731.19,Nano,43541.65
4256,31537.68,1640.98,1830.7,Micro,40532.94
4257,82490.75,23077.42,2783.84,Mega,171311.08
4258,33978.9,10235.46,0.98,Mega,67232.58
4259,52072.84,8653.54,1243.23,Nano,61902.36
4260,76796.39,29529.65,3229.39,Micro,111383.5
4261,72616.73,41176.64,8292.21,Mega,230243.45
4262,71872.41,26683.45,8214.13,Macro,164189.02
4263,1002.23,8808.18,318.3,Mega,34733.77
4264,44131.0,16176.25,1463.56,Micro,130401.69
4265,58330.2,31066.92,3068.51,Macro,112892.16
4266,50508.77,16507.46,2900.92,Nano,78812.63
4267,42159.41,18000.61,276.9,Macro,94094.27
4268,43372.3,9607.09,151.51,Macro,49602.28
4269,80706.74,23999.2,2465.56,Macro,136621.1
4270,65233.7,19374.77,2580.1,Nano,181687.06
4271,50456.72,18092.57,3653.05,Micro,146736.46
4272,98839.59,33218.36,6737.15,Mega,156862.21
4273,42775.47,10592.76,4087.39,Micro,21842.89
4274,94193.94,16096.52,3619.41,Macro,117525.94
4275,60200.8,27308.54,1426.91,Macro,125470.28
4276,35603.5,24395.67,993.12,Micro,79197.97
4277,11569.37,3059.74,1722.98,Mega,23605.41
4278,51368.92,20421.09,2236.2,Mega,95050.49
4279,9120.81,5972.21,739.07,Macro,41341.64
4280,97347.48,17028.38,6364.72,Macro,129974.25
4281,51675.21,19246.12,1987.02,Mega,78551.23
4282,63317.61,22331.08,7812.13,Macro,133538.45
4283,106368.06,24118.21,3608.19,Macro,173367.74
4284,57578.68,4165.1,4305.23,Macro,94192.27
4285,37791.95,11639.02,4810.38,Nano,67778.12
4286,66025.97,28894.44,7057.84,Mega,161076.35
4287,128625.84,31424.15,7869.65,Nano,114816.26
4288,62835.24,14697.52,2471.42,Micro,127270.42
4289,71309.79,12506.46,2739.68,Mega,108792.53
4290,86837.13,12878.49,2588.69,Nano,84635.32
4291,15353.0,17274.1,6166.02,Mega,55552.15
4292,49255.96,12463.78,1984.36,Micro,50764.61
4293,65064.35,22278.55,6194.42,Mega,71403.84
4294,43871.96,20740.08,2471.37,Nano,96050.63
4295,21044.31,2824.63,504.87,Mega,22093.98
4296,113879.55,33951.07,6036.19,Micro,203002.93
4297,45218.67,4798.61,3454.08,Nano,58094.65
4298,55794.3,13947.22,4384.6,Micro,120323.79
4299,45196.39,10046.16,827.43,Nano,74833.66
4300,16747.7,7284.37,2536.89,Macro,20253.39
4301,45585.32,14626.58,976.36,Mega,115921.61
4302,42814.31,17198.29,1261.53,Micro,105647.91
4303,56743.66,13366.01,1576.26,Macro,102242.11
4304,29273.48,10426.91,3066.07,Nano,84982.66
4305,56884.67,15193.33,10127.67,Mega,177132.54
4306,51151.97,10517.58,939.0,Nano,54511.62
4307,76002.84,38958.95,2839.12,Mega,180789.15
4308,128226.42,24661.79,5525.46,Mega,148772.79
4309,42572.57,28575.93,2183.08,Mega,89680.86
4310,75534.52,24162.68,8143.66,Nano,141119.7
4311,82064.72,38522.39,4851.29,Macro,166836.62
4312,69467.29,10176.41,1832.81,Micro,141745.2
4313,23999.19,12739.23,1239.99,Nano,32116.31
4314,18789.25,12733.15,691.0,Macro,27564.66
4315,67993.55,12582.66,263.53,Nano,50781.44
4316,31139.87,8436.47,1059.99,Macro,32017.34
4317,15724.85,8738.3,805.87,Micro,72883.33
4318,37145.54,8540.04,2032.47,Micro,46192.56
4319,41874.75,20399.27,5827.21,Macro,48123.03
4320,66215.38,27534.73,2889.91,Macro,93196.94
4321,5634.36,9788.13,1837.91,Nano,40406.01
4322,85603.91,46573.66,398.39,Macro,108012.08
4323,41708.39,16533.45,4665.98,Mega,42589.71
4324,62743.9,9106.8,1791.7,Macro,108772.14
4325,58114.06,23927.75,5664.41,Mega,86276.59
4326,86208.35,27809.54,6035.83,Macro,151044.54
4327,27608.96,16821.79,263.19,Macro,63936.06
4328,94585.98,37325.25,6617.74,Macro,98472.92
4329,31903.63,11139.23,30.71,Mega,28265.27
4330,45831.93,19444.0,3796.16,Macro,85998.75
4331,79831.1,30174.06,1262.54,Mega,126609.28
4332,23597.81,17837.97,3072.57,Macro,29412.91
4333,16099.05,2622.36,4075.48,Mega,20661.76
4334,66651.31,30739.57,6371.89,Micro,163924.58
4335,19733.88,12556.04,572.92,Nano,28003.42
4336,21706.31,11586.99,1454.8,Nano,43292.44
4337,6862.0,3661.79,821.6,Macro,58502.29
4338,79503.6,27447.19,3105.81,Nano,93409.3
4339,26027.22,5455.51,5155.8,Macro,48402.73
4340,40355.82,22718.09,3707.87,Micro,55007.9
4341,36925.2,20279.24,2153.0,Mega,68873.81
4342,35836.62,13359.89,5185.13,Nano,97442.53
4343,66424.16,24479.15,5023.51,Nano,118639.27
4344,17790.26,16474.38,639.04,Mega,50504.76
4345,54461.78,16915.88,5549.61,Macro,87189.26
4346,42028.94,4992.73,503.68,Macro,45961.02
4347,62184.88,15920.64,2496.33,Mega,58344.07
4348,83295.81,6156.46,5385.11,Micro,81777.07
4349,90638.93,44411.54,8104.64,Micro,164957.36
4350,30650.13,3924.59,28.43,Macro,47943.32
4351,52959.96,8277.21,4041.45,Macro,107637.42
4352,48329.79,22201.23,7789.47,Macro,109615.78
4353,63944.98,22363.28,1234.26,Nano,124701.92
4354,41177.23,29285.44,1527.64,Macro,132579.46
4355,88201.07,15106.17,4010.36,Nano,166431.41
4356,46231.47,5018.11,1855.58,Micro,64593.84
4357,68916.12,22833.0,5503.5,Macro,169765.62
4358,53169.66,30530.15,3847.0,Mega,88881.59
4359,98033.99,27127.78,2933.49,Mega,122552.63
4360,34752.21,7535.94,1304.03,Nano,18123.12
4361,23294.79,183.77,1160.77,Nano,19716.14
4362,37836.28,20959.46,3794.12,Mega,94257.5
4363,41113.61,9029.49,1622.91,Mega,81732.41
4364,32409.37,17501.77,506.74,Macro,76487.95
4365,84836.12,18127.25,1493.83,Nano,101276.43
4366,25234.1,4462.35,2789.5,Micro,50043.51
4367,10879.96,6189.28,88.92,Macro,29376.49
4368,32957.35,12039.24,6515.83,Micro,21726.9
4369,30553.23,187.68,3980.32,Mega,57915.78
4370,75566.81,36010.91,7890.91,Micro,159628.44
4371,73986.5,11757.27,349.62,Micro,119884.61
4372,26485.22,10846.71,1872.74,Nano,46531.67
4373,29079.67,6681.57,830.75,Nano,73708.13
4374,48555.88,12563.1,1258.51,Micro,95762.08
4375,22401.5,22294.65,5212.86,Mega,37129.9
4376,67727.05,24591.28,1232.42,Micro,164574.78
4377,48102.52,22617.4,3213.07,Micro,183021.9
4378,14918.47,3230.43,334.17,Mega,18858.6
4379,54617.19,20443.94,8103.99,Nano,178120.37
4380,22625.57,9397.35,2455.37,Nano,48538.37
4381,26838.1,23319.38,3601.16,Nano,44234.14
4382,52254.8,24738.62,3671.37,Nano,151025.64
4383,63853.43,32915.89,4361.74,Nano,173281.71
4384,80683.53,10949.53,1010.12,Macro,144309.26
4385,76784.27,37649.12,3169.18,Mega,139252.24
4386,92796.73,25928.59,8981.33,Macro,117312.79
4387,12277.55,3983.87,2969.85,Nano,19196.82
4388,96827.05,24426.03,5518.12,Nano,134178.84
4389,91256.87,23140.81,3438.5,Nano,225243.18
4390,43017.06,22267.06,201.44,Mega,117778.8
4391,55839.45,12256.89,2363.47,Micro,86834.61
4392,12064.45,898.18,389.3,Mega,16518.45
4393,74035.3,20721.05,5625.05,Micro,156850.82
4394,8612.39,3495.69,2078.0,Mega,21644.65
4395,14240.27,8920.6,4655.72,Micro,26134.51
4396,82751.92,51141.94,7594.13,Mega,144069.06
4397,67919.97,25836.51,2070.45,Nano,92773.32
4398,51682.82,10387.89,3249.88,Nano,136965.14
4399,69614.98,36343.3,4595.57,Micro,94840.44
4400,52131.68,14058.83,812.18,Mega,69471.29
4401,58277.82,23340.6,6373.31,Micro,114540.68
4402,55285.46,8261.76,391.38,Nano,79683.71
4403,94631.3,43678.18,3778.66,Mega,160930.5
4404,52089.94,9863.6,799.47,Mega,70029.23
4405,67294.69,15383.21,7601.17,Mega,88164.68
4406,75439.4,31568.41,2473.94,Macro,93024.75
4407,44555.16,9758.46,2980.15,Micro,51969.9
4408,10967.23,3897.34,346.38,Nano,21030.14
4409,30036.96,11609.77,4441.42,Mega,45765.62
4410,19709.76,17978.77,2025.06,Nano,34388.18
4411,73274.42,22411.62,3460.64,Mega,115059.24
4412,53263.42,32375.59,1367.71,Mega,66744.42
4413,42194.47,14131.17,5515.6,Mega,127588.53
4414,36344.9,8716.27,3037.71,Mega,51584.43
4415,70160.02,32236.91,2729.65,Macro,178935.47
4416,71145.81,27036.53,3644.55,Micro,105594.11
4417,25187.62,10457.01,2853.75,Mega,36119.1
4418,82250.88,33399.18,6174.29,Mega,103391.9
4419,18942.16,4538.72,1384.55,Mega,37893.93
4420,35154.18,9107.84,2079.44,Macro,79900.5
4421,64983.41,20975.23,4995.09,Mega,137533.89
4422,37366.34,6778.56,1258.41,Macro,41847.68
4423,95187.63,27601.92,5328.29,Micro,114911.02
4424,65318.13,21043.22,6555.53,Nano,79036.37
4425,79765.69,28563.09,2915.71,Nano,71905.31
4426,30791.66,5949.38,1482.34,Mega,71648.55
4427,68497.7,12513.09,8051.0,Mega,126032.27
4428,53206.04,6652.05,5193.19,Mega,65344.33
4429,24897.27,11536.98,3442.71,Micro,83787.64
4430,96854.39,26003.73,4301.51,Nano,118271.85
4431,38520.68,5447.92,14.59,Macro,61307.22
4432,11604.13,2788.78,2035.3,Mega,17552.37
4433,27136.36,4907.91,455.4,Nano,19098.63
4434,20490.56,4758.32,2679.15,Micro,18051.33
4435,14059.98,934.91,1512.7,Macro,45963.78
4436,39198.05,7318.02,802.28,Micro,55203.54
4437,63000.04,22718.74,414.47,Micro,127936.99
4438,46395.76,7846.93,2946.46,Macro,140057.5
4439,51243.59,11950.91,4458.74,Macro,113048.01
4440,50290.91,14627.63,2910.34,Mega,60000.88
4441,65024.66,25823.06,5778.26,Mega,107699.85
4442,60225.07,6014.38,2298.75,Mega,88179.87
4443,53719.86,17660.74,7643.73,Mega,114716.32
4444,26390.93,7737.46,906.72,Micro,45316.65
4445,97191.0,38929.57,2021.94,Nano,162871.98
4446,81178.19,39442.23,3253.22,Macro,130791.66
4447,82056.17,15117.38,2215.64,Macro,147605.68
4448,54021.44,14894.97,2977.33,Mega,101992.5
4449,8936.14,7939.65,326.3,Macro,27068.23
4450,30018.3,12731.56,1428.84,Nano,46967.22
4451,30942.66,7311.22,2807.3,Macro,39588.93
4452,27456.53,9543.29,898.71,Micro,71915.16
4453,16368.62,15972.93,1174.83,Mega,42937.09
4454,83006.1,17168.48,3370.6,Nano,132422.16
4455,57579.56,14112.38,2482.62,Nano,79295.79
4456,15908.69,7876.01,3635.76,Nano,40453.41
4457,27736.77,12057.47,4819.28,Mega,48266.96
4458,47901.45,15003.14,4060.54,Micro,81450.3
4459,94921.64,25960.78,1864.17,Micro,114966.39
4460,54817.27,14067.81,545.96,Micro,50045.01
4461,29041.47,25110.32,4340.84,Mega,51790.36
4462,32508.4,11108.67,1313.16,Micro,22275.96
4463,23725.29,18520.22,1209.02,Mega,88379.81
4464,43417.76,16851.57,1986.84,Micro,86891.28
4465,22489.28,10004.55,1782.79,Nano,27011.24
4466,30076.76,13044.91,1233.97,Mega,27228.51
4467,95118.0,41065.24,4144.92,Macro,167212.83
4468,49413.41,27127.01,4362.04,Mega,56871.69
4469,88671.6,32506.19,3995.95,Mega,121467.03
4470,50722.16,16063.08,2482.91,Nano,136862.41
4471,51342.51,8432.96,830.31,Macro,85935.15
4472,56480.67,30713.66,2173.28,Nano,184812.08
4473,21592.89,5148.88,1314.76,Mega,24347.61
4474,15455.73,3443.4,10.19,Micro,19433.48
4475,63111.63,36258.29,4805.36,Mega,138599.13
4476,43293.17,27197.67,169.47,Mega,84482.6
4477,55260.85,19207.46,7556.93,Nano,96010.77
4478,25401.24,15740.24,1153.59,Macro,64934.48
4479,54577.91,19656.1,3124.23,Micro,90955.44
4480,67053.44,18128.95,2410.22,Macro,91553.71
4481,56369.82,9326.18,539.96,Macro,75495.63
4482,18170.15,10014.17,3252.63,Mega,40749.42
4483,58256.94,11209.23,3787.46,Micro,121816.4
4484,106370.47,37466.18,7522.56,Macro,144447.14
4485,87702.62,33074.24,2542.53,Mega,119621.62
4486,27604.07,27475.14,4222.9,Mega,90030.54
4487,33087.1,10008.53,2762.77,Nano,52764.52
4488,16740.3,27.26,301.15,Micro,30392.14
4489,41867.42,15769.71,5092.53,Macro,109044.88
4490,48434.87,30470.72,3808.18,Macro,114044.26
4491,79685.26,38440.27,2805.84,Macro,115408.77
4492,122186.98,22581.72,4288.75,Macro,134760.89
4493,29984.6,2023.14,1485.68,Micro,35729.28
4494,24831.45,1354.25,563.12,Mega,27137.59
4495,30479.25,5441.19,717.09,Micro,62774.28
4496,63808.35,12411.2,6545.57,Nano,104050.77
4497,41729.79,14627.08,5096.19,Micro,78531.58
4498,96945.26,26050.44,1940.87,Macro,97561.72
4499,36399.52,14854.36,5046.55,Micro,67370.38
