id,tv,radio,social_media,influencer,sales
0,6407.155414244084,6799.247646626749,2907.98,Mega,-31344.11020553734
1,2051.8608430906447,8986.671249978212,2409.57,Mega,77928.22457553417
2,25859.94482937482,17514.753328717525,2913.41,Mega,208702.88386577019
3,89753.47393736936,33827.757890969006,6922.3,Mega,297142.51337119186
4,18329.44548603638,6516.28755860242,1406.0,Micro,65833.51591000757
5,33695.97370770862,12252.346036399922,1027.16,Mega,177374.90136075532
6,56101.89447543061,32740.90782319443,4273.6,Micro,228698.09791643408
7,33104.54442423226,17404.117027811237,2289.85,Nano,142224.41604820255
8,85559.03997337341,25957.9650060428,7130.12,Macro,239788.76104005566
9,-282.20308057361217,2816.258946799503,2229.42,Mega,95078.19940057548
10,82577.97340903406,21370.357024838482,5151.48,Nano,205222.6236700068
11,40368.8224257086,17104.693822893983,3194.92,Mega,129026.67690459362
12,46491.97318875436,18605.265870610307,3921.15,Micro,242334.26404630757
13,64609.72552486008,-2524.2602140903896,2372.71,Nano,154924.15312617473
14,35264.93461213382,6598.7796121361625,60.4,Nano,162993.59285517683
15,51678.657446282334,24885.897900498836,940.8,Mega,212911.7046162333
16,26828.162114509927,12960.188972846183,1853.22,Micro,76002.62968240435
17,91081.6271579373,34216.24052150422,3674.3,Macro,331837.1376794056
18,101868.771040862,38672.94178821965,4636.56,Nano,308487.51227409794
19,58723.13682052775,17095.145751368196,3884.58,Macro,174358.24082786232
20,61753.672210787656,37554.92541766425,2832.45,Macro,379426.2587829599
21,45206.52289209253,3120.694686239929,4556.7,Micro,97233.77261362295
22,99940.12771948568,38749.696027507554,6886.53,Nano,432782.1048020233
23,104722.94092511546,13528.197898604292,1227.18,Micro,329209.0089760451
24,50443.15369149523,33501.044057547944,4060.78,Nano,263030.6746709611
25,28741.634240444204,12285.067253051115,2179.48,Micro,99277.64744014302
26,46447.69180003637,2246.5543254213153,3055.76,Mega,151379.28154844022
27,15566.894789837135,12257.641314103757,1971.18,Nano,119237.38734184435
28,41406.46005056034,16115.227221070476,5573.09,Mega,262243.4328024119
29,81584.96158846069,27966.682893964873,6432.0,Micro,280398.37237214483
30,36356.61044518824,5016.207237690892,3558.31,Nano,108861.79429514238
31,98965.50672305637,30342.78860842582,5263.65,Micro,274249.9897281573
32,66615.7141862949,8663.675507143227,2814.01,Mega,76941.25170207223
33,47169.680654553085,19566.149708163422,1905.04,Mega,85552.94623535908
34,58426.78093819467,21707.712817036787,4079.29,Nano,119762.83563049609
35,58915.510762449994,24333.169034388695,6199.77,Mega,269350.1318352778
36,43184.6727812864,14298.564146507098,2188.93,Macro,290404.86944673926
37,81768.5733984614,15388.666987603152,3419.67,Macro,202654.96776877998
38,55195.590859611395,8821.456263374817,2593.7,Macro,133043.71542205813
39,120200.73834050194,30306.087802940987,5611.22,Macro,243226.9995767424
40,70365.32836660945,21070.779174831365,3223.65,Micro,298865.8597699291
41,89019.01363068711,26982.28664293824,8529.6,Mega,347060.9142148562
42,27404.130451483194,13797.268686238003,679.28,Macro,81923.50304895216
43,16986.83887031582,6813.90601810367,1591.12,Macro,37455.297927570464
44,13470.063140370889,-403.3292351758381,2676.08,Micro,97685.39102236286
45,40017.046417567995,9761.924516096109,41.49,Macro,124604.82723860088
46,38900.832710697985,7907.870129484867,2566.79,Mega,106503.15573805202
47,5933.317102125771,12778.979178762536,463.28,Macro,111733.63792693597
48,75325.9814912765,43068.423954214806,7236.17,Mega,318141.514533889
49,76509.85280241522,37703.079254474374,8697.49,Nano,339534.3893070058
50,49795.13611060617,24146.298914156214,3373.81,Mega,274053.8173139188
51,36635.048816318566,23981.17283137262,2087.91,Micro,220376.44167540377
52,28502.456540348,-3509.488465618593,2400.12,Micro,43134.12038942983
53,28412.09314135229,6216.0934481344975,1729.67,Macro,110850.4595653091
54,891.2819714244579,5720.8864993637435,413.97,Mega,44213.53611707658
55,34031.661564670685,7707.789613949037,2442.17,Macro,77502.58451180495
56,33433.43248986439,16671.201438217566,3356.11,Nano,55051.39801750751
57,61926.47167373468,31963.08642779167,6096.74,Mega,253602.07546427145
58,78038.45769574083,19684.93924430201,6109.37,Macro,311637.82207225345
59,49912.176593616045,20547.398394550437,2638.64,Mega,144517.38479650638
60,68946.8515298296,10788.338169411081,2527.85,Nano,138331.03486826073
61,74652.98047263394,12498.966830785344,358.47,Micro,135284.01354286447
62,63359.26434661416,28542.93280207826,3952.45,Mega,291659.445793613
63,4127.352054343533,18311.86622138385,4529.93,Mega,-19792.67098510242
64,79101.50720557082,40466.95457079805,8080.73,Nano,262041.34684072668
65,116982.57412964747,30770.559918326748,6546.16,Mega,353546.9400267029
66,41056.700394926556,1561.8051266090595,1077.72,Mega,17373.746645982574
67,92026.17112097326,20924.21595174519,6741.38,Micro,255660.56970548467
68,73279.6557592679,12897.66506609841,4587.7,Macro,214651.4119286013
69,90818.1820517065,20624.952209213097,5514.19,Nano,282279.1217893931
70,63812.09312619087,13149.155617591983,3212.25,Macro,221126.36861147248
71,43225.089834535174,11996.262237797455,4117.63,Micro,191894.1688031679
72,47672.33622900587,26336.125747846923,3239.27,Mega,189483.62003203324
73,75575.40711417826,34450.59534906245,6063.46,Mega,322391.6029083702
74,46994.71381040041,16459.651921212728,827.55,Mega,265119.8059992335
75,20612.51360924067,19921.514764108986,2414.19,Nano,57870.53566440748
76,85616.77792694945,17311.793959451054,2642.5,Mega,218600.05185659486
77,21004.272367329886,11126.331142496358,2136.63,Mega,69062.86575244111
78,115283.20033108012,40253.57878151593,3590.09,Nano,389466.7180640532
79,33244.13603554564,6228.633526770627,3818.83,Mega,112828.33400711548
80,-3082.688233359596,61.81790948992716,1305.73,Mega,50172.8304742251
81,79563.71395165997,57481.84293334317,9322.96,Micro,323445.1071484323
82,75347.0658878992,41718.02996866162,3698.66,Nano,305658.28786361805
83,51158.49645483959,19353.847874101735,4034.66,Macro,189444.66273027676
84,102089.86822293166,24056.138980563108,6398.28,Mega,251374.51912052225
85,101010.29396011755,33724.133646699,5789.3,Micro,371403.53638551134
86,46652.05369486273,9313.115355829159,1915.52,Macro,98118.1192031534
87,24447.279278942864,-3966.241511213542,2359.2,Mega,48688.51785338569
88,10675.831506854185,-2229.9770091494397,4208.32,Mega,68533.47563634205
89,77211.93645781638,31772.550469065587,3215.46,Micro,259035.36671610063
90,36087.29942209662,6364.435529178626,4187.83,Micro,20161.232238721375
91,90911.64027070942,37566.53491846201,7673.64,Micro,385138.3056788888
92,6927.635349663358,1294.4252725423316,328.47,Nano,105962.55756584942
93,58295.35368168095,22577.762799041673,3797.37,Nano,99844.06927420585
94,32862.91880934812,14404.245075278828,558.84,Macro,59291.102717152564
95,21755.42542673809,12958.896130462732,2766.35,Macro,199431.9542422024
96,113705.83687482998,30329.30792784125,3327.27,Nano,304562.2057565186
97,35195.69152987929,9124.838340226577,4377.59,Mega,129981.66550121902
98,33858.16883940634,16371.333839646926,338.0,Macro,173239.28225146892
99,7045.877887533565,16962.74985473865,3279.48,Macro,168253.92400700302
100,82227.43077291014,21976.261980613883,2261.41,Mega,392018.3689926206
101,112888.39568913679,22667.949591976394,6765.66,Nano,377264.2059763442
102,57835.25411900719,22017.070675230694,3290.82,Nano,186038.06097521263
103,130030.7208532091,29846.968054323726,2924.28,Nano,394634.3160824251
104,95575.14643479075,28250.32436418277,4610.93,Macro,387402.0067852015
105,61186.4784366815,20586.148768636984,2642.41,Macro,188157.97315883875
106,25042.355295577894,20609.620572593274,4337.63,Nano,60053.55852270975
108,30453.390315179357,1218.4632037300617,3.18,Micro,115918.485080432
109,45350.35636213854,23201.17172697815,2367.56,Macro,219717.93069341913
110,30057.235935254463,21335.961285963058,3306.71,Macro,167609.63421883073
111,78189.63678032503,30096.580203942794,2060.72,Micro,237122.17083544948
112,43040.78798512271,11169.727247181585,1998.22,Mega,162776.00537152722
113,71040.99816749015,25603.618000757913,4540.9,Macro,239483.7986009141
114,64816.91990135843,19493.98967229772,1049.37,Micro,163016.38616665354
115,114106.6300499234,21512.201532106763,8091.61,Mega,351447.03201529424
116,30385.594720185156,17049.330673227945,1501.45,Nano,155966.676580916
117,86917.57965460708,31724.668764927424,2162.5,Mega,246122.66357101273
118,64835.82124817486,8449.159861174232,1605.21,Macro,137082.0619270017
119,19873.869850593554,25837.301825314258,3986.57,Macro,148590.67625105177
120,50670.40017369997,27316.20257436303,5087.02,Micro,269849.0718513407
121,44312.02666455199,9619.771264573734,1415.64,Mega,82935.13623267043
122,425.9592561950303,-3033.64645780685,1652.76,Mega,181262.21394446166
123,92539.5157765939,37969.699217780064,5273.16,Mega,377588.0149927859
124,-8924.899315477265,-1480.307268214096,5286.68,Mega,49344.13488655367
125,56141.86639553458,16508.407223397255,4889.99,Macro,159978.67825156494
126,37965.36272920534,4266.677994180522,903.06,Micro,239059.04344309683
127,3871.6633547083543,6818.970159248627,286.04,Micro,34630.14876467645
128,37093.7093851147,19037.391455436784,1320.08,Mega,111921.74608602595
129,53996.50410899833,24622.563467773187,887.76,Macro,6861.3538815387
130,77931.4055117211,23509.905417572303,1495.6,Nano,276933.1770243654
131,80099.62885091161,34726.44412907133,1520.8,Mega,279590.45421866304
132,78118.38247484562,14404.269834802297,3529.27,Nano,183957.08513314358
133,89268.59510281285,28771.951409134283,8980.23,Micro,422941.0110549563
134,90297.42407195047,37801.96071834396,9997.47,Nano,332171.8801449668
135,77645.86206858947,35740.20110861819,7776.98,Nano,278958.1791565213
136,90609.63305778736,20364.78685160998,5708.1,Mega,253035.20344236758
137,25793.880707242562,17275.812986980756,792.2,Mega,112712.92078867578
138,44155.18755111603,10331.988156281775,1503.08,Macro,199138.00382088462
139,41239.95087564688,11054.40364174435,932.53,Macro,93545.5526204393
140,51972.495781236124,16415.89976245204,1506.11,Micro,273250.90225234075
141,4406.752830907371,18884.452832286195,3298.36,Micro,210575.6188150308
142,27405.83601888977,12327.398248227419,608.82,Mega,114739.13998602598
143,89170.56427181083,32986.48330610176,4479.87,Nano,362162.85966654273
144,94213.48405252672,27331.115905136616,6157.7,Micro,288670.5748574864
145,19019.644736165406,10036.842266333848,1558.21,Micro,14356.937117293652
146,42079.449938220736,-1962.9306020540298,181.47,Nano,175851.70970436017
147,56842.27414292932,26598.770298441283,4895.17,Micro,147903.8905256636
148,50079.83907228992,23494.92189918329,4152.02,Nano,158681.05899811108
149,75618.31245739861,37562.23127585578,7359.71,Micro,290261.84993611
150,42112.166681441304,21528.258951414184,2229.81,Micro,215968.82300683323
151,15958.693262359218,5617.038898820849,527.88,Nano,27874.04942555863
152,-11998.144817345144,3540.3198760747027,1444.59,Nano,124916.93031896072
153,27318.473634743183,8414.167635980355,672.96,Micro,151555.9159646121
154,97498.1241434545,34014.787072821724,5657.55,Nano,364541.70878150396
155,41337.68254406846,4127.452823459107,874.16,Macro,145570.99284873597
156,37904.589132971465,16873.78237461266,795.73,Micro,131254.82263673263
157,34241.61203936787,24460.881514924637,6543.31,Mega,130818.60554559121
158,41878.82410782807,21920.287280202043,5036.28,Nano,166518.4462754737
159,79305.42921326723,34609.41521362409,3357.79,Macro,338567.1514829586
160,30111.271870353878,16820.193522244983,4346.78,Mega,158015.23868873005
161,47624.22901697502,26298.94108981787,5066.58,Mega,177715.10281626764
162,93662.47863180807,20029.664423795843,968.98,Nano,221275.54960893848
163,60916.74408855801,20614.685763398782,4007.45,Nano,196534.4332420893
164,66065.56653587794,31095.490241298095,5914.87,Micro,243370.90020823767
165,37370.06102686431,14318.661770328363,1130.12,Macro,67383.38221114532
166,96342.9646253472,26904.19671752563,3436.48,Mega,366753.5287113363
167,69303.19939023358,20269.231534882092,5671.69,Mega,240169.6298063312
168,78375.7822177957,31474.592277932614,7596.29,Nano,352158.94013346755
169,45875.80576728653,18832.548639689663,3766.6,Micro,243118.40065022404
170,86061.46896521121,30907.66264552903,1524.06,Macro,321007.927628656
171,80101.23571080051,24405.716824633273,3056.3,Macro,216265.72451228075
172,26846.31774480465,14321.341257482825,2956.73,Micro,175907.08091034472
173,84152.17777992038,40606.03108210038,7724.05,Macro,371173.5835508897
174,92233.17093891438,30647.888951995155,8823.31,Macro,309960.7221313127
175,32767.447138338925,-2582.4712615904355,962.94,Nano,56931.34446505067
176,99723.15552885512,23539.084483616996,2475.1,Macro,225783.4813802962
177,19956.67542068605,7304.276797838394,1310.03,Macro,195130.97970422718
178,81482.12585001328,33673.057386740365,7467.94,Nano,254199.51960499163
179,26724.303697350602,15207.952909513582,2205.88,Macro,129762.95235695971
180,9447.324639371112,5245.826846898695,2119.87,Mega,20307.2262194796
181,23336.983618304268,12504.888138332877,13.23,Nano,48596.952426937285
182,5841.086546290273,-4735.118963499006,360.01,Micro,18681.903101169788
183,11084.54276762854,7266.285128544054,1569.64,Micro,68907.82567975539
184,49251.57549136415,18576.63092256647,3660.57,Micro,173933.41903327598
185,83219.25113607605,21394.726394296344,4409.4,Nano,395575.702979948
186,63004.83166992226,23555.430585638744,4127.6,Macro,260355.41675769785
187,4776.008965302233,4459.715060895069,12.14,Macro,218046.79523727245
188,75360.8784170744,26501.405053103827,4085.22,Micro,294000.0208969789
189,47850.435616633666,7967.444854567433,865.33,Nano,47452.76514034794
190,75615.49488444372,17800.724193059716,1888.4,Macro,372774.041566846
191,64328.944170868286,35509.95784217528,9904.29,Nano,334776.1134148487
192,68957.3579812788,42816.371847519695,5946.11,Mega,365690.84281229513
193,27531.188666072245,3473.324320614972,749.52,Mega,90941.85178033702
194,41066.58171104648,19464.941287544294,2715.1,Macro,235622.54206635174
195,100934.49595796147,28161.884874303356,5545.68,Mega,238675.73286312542
196,85495.15946353559,29078.371953635404,3837.37,Mega,186848.17363365472
197,40316.97862409916,23305.347971016858,6903.11,Macro,200753.44849383962
198,41697.764769141366,10951.762353357124,5470.32,Mega,162087.4885223853
199,67720.55558878719,31509.880836636086,8243.05,Nano,310753.6728329179
200,61661.45243961887,21430.451237761932,4388.11,Nano,120218.63627807687
201,15705.477755852464,1374.17382782602,4325.62,Micro,110127.09815775038
202,106337.32827168462,27430.321266836974,3531.09,Macro,349557.526874384
203,14003.268933249019,5484.827470377897,2175.1,Macro,95171.35452513001
204,102302.59341763887,35678.09280821738,6812.53,Micro,247107.91400740773
205,33574.120412757664,20777.56524699951,4773.05,Micro,243350.2049946921
206,58114.62047562592,17392.872690426128,1306.05,Nano,83087.38157408698
207,6382.8982822884755,8347.921657704006,104.81,Micro,118010.09976577619
208,50066.3117507305,4035.261359594495,376.55,Nano,18976.973740974594
209,36766.32477095266,11135.453213521847,147.2,Macro,15138.427074575018
210,22330.638944158745,16830.70753537835,1958.04,Nano,142710.87152791664
211,18469.974973544202,8739.31158871489,20.64,Macro,103223.97093940644
212,91766.687949305,17385.506398446545,6259.15,Micro,216665.13727437548
213,64266.111118930516,28509.65932116309,1915.05,Nano,358170.50968048477
214,79885.88778409037,18576.55819317285,3290.08,Mega,396099.1207300307
215,51994.00001825551,18624.071945522668,5159.07,Mega,167530.38591524214
216,34785.1873851247,16369.657153256583,1463.12,Mega,60277.43759352355
217,50179.26366458154,11929.637875235154,5838.25,Nano,128768.52204931312
218,71564.422631607,13253.18237057921,3147.75,Nano,249207.21371538175
219,47642.59617648443,22422.582561877934,463.31,Micro,112024.78422191109
220,84919.95726840396,29825.04136343229,3116.43,Mega,274174.52929214604
221,53890.041161049114,16970.733867805277,3385.12,Nano,241601.6908662122
222,107506.05697036473,38245.23987165604,1229.45,Macro,396149.7587628521
223,57440.03902595288,13632.857074888616,5895.17,Mega,230180.5903495567
224,17455.100432868123,13229.793963513981,1867.65,Nano,90979.28767217445
225,31537.750490445178,8012.370342558718,3246.67,Micro,111674.2323806675
226,91606.63143329011,36235.54771615021,4365.17,Nano,376732.739110688
227,34402.016217641554,9299.554984881479,3206.51,Mega,31125.63065589521
228,73135.67462212913,10491.214321754702,2502.65,Nano,134738.9210747746
229,39209.57871671282,1640.692983746589,28.07,Mega,183364.049618004
230,18321.380728549862,12515.000225856073,1637.16,Nano,-18140.709889554753
231,13949.128908287868,10531.51657325973,191.09,Nano,132864.1023441769
232,65957.7931482117,33087.38522930111,6494.52,Mega,249333.88282880574
233,62752.78422442077,31698.560961552394,6312.9,Mega,298614.18809001154
234,66336.65246321852,30926.105318020956,5704.36,Nano,288865.2732565998
235,47114.7459741011,31119.105711456923,5463.18,Macro,189248.4456553951
236,33394.954286737164,12624.357859436399,573.24,Nano,162590.381300949
237,4533.664999999015,17084.43253442411,3918.94,Micro,213920.00729642442
238,106953.9505434016,33878.09008067701,5401.72,Micro,338722.49625202327
239,76066.40885647867,20823.843980421214,5106.41,Mega,257438.64061182525
240,46720.31028285341,14841.662278760878,495.17,Mega,167150.97020500706
241,77365.849518358,20521.74159209173,3608.35,Nano,284591.49485687306
242,13220.683995561507,15762.187735858617,2810.38,Nano,-4418.07865991252
243,68384.60470149518,38340.68483756672,8586.45,Micro,267824.526567816
244,101293.8119677426,19930.192297705707,5969.54,Nano,239789.91236809854
245,19289.982131400837,-2384.3021078584115,276.14,Nano,146974.6474442195
246,79650.11293027768,33520.09633566287,4663.53,Macro,291235.05694335815
247,61036.21784733444,32122.010187480577,4091.4,Macro,255254.81719423883
248,31048.33848191681,28742.15460352422,3041.47,Mega,196166.79619417057
249,60900.68685363831,32221.382648246,4020.02,Nano,304367.92124277505
250,61679.851858409886,16197.062620785062,3389.5,Nano,200076.62474618535
251,15190.696548285185,6631.494041016733,1784.71,Mega,94805.38833279419
252,129378.55434866018,32052.854653499948,4158.34,Mega,377805.2254662
253,36580.85523800831,609.7303419564032,508.96,Mega,-40145.35685335356
254,89478.47913754864,30308.64755552145,2798.05,Mega,301223.1577748292
255,48404.83918111269,17198.47200687372,3909.85,Nano,182637.39088142812
256,22805.14701720444,2012.8787457129065,297.74,Mega,66032.68773939004
257,36647.18769139894,10060.023976709137,3103.56,Nano,62579.21242794724
258,66821.80707656137,22024.934699485424,4436.26,Micro,327233.914736931
259,71608.41026746036,24687.20186362208,8874.24,Macro,228130.6276267603
260,9422.383146556498,-1686.8568920071411,4067.82,Macro,29701.266913967702
261,77677.14035892523,18809.55518256975,4542.66,Mega,315471.58165021415
262,62669.0456761147,25387.856787272227,5481.92,Nano,229136.91650113487
263,52581.53848857888,25794.49481723783,5066.1,Nano,203099.83642473182
264,37568.319543185506,22781.49350283,125.81,Mega,176547.5548057112
265,42206.123749264996,-874.5702264004394,113.63,Mega,70296.65611678894
266,72752.14110829173,6386.211263727895,2321.3,Mega,165428.01308308958
267,70129.47043501247,14159.015227827265,4912.34,Macro,303773.73411478335
268,27060.28931099641,10165.95860599264,5277.12,Micro,84935.48507824971
269,39972.663688642424,14111.390416573176,397.21,Macro,154432.85748072754
270,58181.73955412944,22921.178054966957,1867.29,Micro,250629.27043060807
271,23815.74772425458,11858.432319489586,2963.21,Nano,87747.91985864409
272,53909.93186484423,22691.955198489726,3870.99,Macro,302623.2371160833
273,107394.72322396669,24875.849071819142,1963.49,Micro,351080.8476435503
274,43825.93668943389,25332.466444913607,3997.03,Micro,210149.5523494353
275,10309.699530223921,-2016.0481959343124,637.38,Micro,17601.1834457331
276,32124.378142657388,11642.451867455975,1258.97,Macro,122107.87962397856
277,81568.28886217435,21711.461837169714,7389.83,Mega,232913.61596726405
278,23406.74877775864,12844.989072456356,103.5,Nano,80144.25677821039
279,79198.3319332969,26784.0002839012,8041.21,Micro,244356.76530629414
280,39062.98610912134,11294.804731733027,3117.41,Nano,140096.02783867499
281,52388.39256293017,20858.613404797215,1602.34,Micro,235475.60566803062
282,106334.20745143143,26735.23101500094,4204.04,Nano,375814.90871111816
283,75207.92242390032,29285.293532038362,3866.74,Mega,287586.81787625933
284,84747.63987745627,27578.094192836303,3806.95,Micro,288460.6333494131
285,14697.947014136269,3196.3328915711973,1093.88,Macro,76871.79336845325
286,65659.20175930217,13264.621780621555,3480.43,Macro,175193.94477874672
287,90706.21910701462,17120.450447934247,2930.68,Micro,239314.9703220505
288,25900.286670865728,10903.266210645616,4007.43,Macro,55334.115830647956
289,18849.845473670877,10028.08218663345,217.75,Nano,85822.2475439462
290,20508.835503707553,3995.623377640347,3337.07,Nano,144413.2073986432
291,82729.92171627491,18737.221054047346,14.71,Macro,313387.0704135029
292,87953.60448288021,18240.728129025574,7717.11,Nano,298243.4588528525
293,26627.62008154286,10507.792131275362,917.66,Mega,102863.83786012908
294,38811.03047710894,8746.020869113865,250.43,Micro,39180.30516739204
295,75665.39266324141,33436.36437859192,3950.39,Nano,270379.15759516426
296,44874.390314675096,23371.087539115244,2837.58,Nano,248878.08177652664
297,57978.67790149587,24382.090762118638,3446.13,Micro,220482.10089607094
298,16051.221773903471,15896.180566630575,3886.01,Mega,119222.25447786534
299,54666.77202491004,14548.986702968434,1749.29,Mega,127860.07889092107
300,67158.02735933468,8844.182808641437,3405.84,Mega,86408.56544902359
301,44336.109168371135,15898.976510098228,3340.44,Macro,200603.36990715188
302,31021.974241507978,11543.838132849913,3328.38,Mega,130767.35134575257
303,68875.73160084298,32258.150992896495,4832.33,Micro,257713.549752904
304,26528.464844598857,9238.19900764634,2473.6,Nano,99641.1816380293
305,64622.82372215395,16771.878432375564,3140.87,Nano,217822.45300241822
306,36429.50547603579,20654.068199240766,4486.4,Macro,163484.91796608773
307,35086.60419681428,25405.206762686677,2455.58,Nano,128564.40492167775
308,66165.8413267938,22461.842457759994,6349.96,Mega,294578.54223134555
309,54561.83375413614,31861.39912676163,8243.72,Nano,255456.9543677656
310,97719.66505772006,22341.547499246106,2518.22,Mega,314056.54086826084
311,60432.990872414164,8295.446286058414,2080.18,Macro,214130.38619104266
312,50751.907419428426,20485.731960177494,5549.22,Nano,263631.09720585286
313,-10519.28676150057,-6476.00722582602,395.15,Nano,70934.09423606156
314,96847.16445682367,24936.54195394509,3537.62,Mega,306819.5486126044
315,72426.34390036749,26012.619904086,5918.99,Micro,342859.7592002329
316,15239.46136892727,6044.937691668998,2438.9,Mega,10233.141890336847
317,107590.94040219487,37792.91201352369,4739.68,Macro,354163.15583863953
318,57643.18307776074,23523.164407372926,7237.78,Nano,253527.18319332885
319,24534.633189350694,10783.883952157254,1743.63,Macro,118951.14192448785
320,73820.79207690424,43323.07310365943,1944.66,Macro,314039.7833736767
321,49510.16477660517,27534.487172798632,2798.76,Mega,43811.60446088457
322,81670.45302304415,22309.78631038346,5143.71,Mega,331213.7772163256
323,62836.28678644534,5789.280561443504,3085.38,Mega,251167.0860672313
324,53302.77866680695,11642.637990281777,53.63,Nano,135963.35227017102
325,9201.83292490128,9922.075990905598,2606.81,Mega,121675.18739443613
326,75551.23826448372,33192.865197426334,5293.54,Macro,335175.38744404813
327,44996.09254557228,33732.67274135486,762.16,Nano,311990.79681549215
328,9451.138276764692,13010.069884737602,6447.48,Nano,4512.383672866403
329,81456.11263877052,27890.01575912539,4717.04,Nano,224038.21679158937
330,96705.85497755828,28726.264602083833,2964.1,Micro,223181.51228292397
331,4467.531902946457,10225.077894201451,3973.16,Nano,86732.62519609058
332,15184.368350195045,7892.953459563626,1270.28,Nano,42737.322659257276
333,11706.096078364284,17593.771979145124,807.41,Micro,118754.89205692052
334,45306.65713602665,20355.314409828297,5116.68,Micro,282646.839718546
335,76478.44802436946,38632.238397978406,4767.53,Macro,287146.80698228185
336,24150.948730263022,6980.268695317212,5250.18,Micro,58307.3334487019
337,22799.863997180968,8249.072499857759,2205.3,Micro,52499.379953001975
338,42861.6608742308,-10783.97887437098,4261.81,Nano,161993.75643843636
339,47273.18810301804,20554.279526425984,62.41,Mega,147768.84474706984
340,4015.714609175062,8652.23714183561,2926.37,Mega,106710.89975894085
341,62137.95191247516,-3593.4650542313384,218.74,Nano,104098.8459721154
342,23462.819067310265,371.5928180473629,2876.51,Micro,63341.42082399811
343,38128.667958360864,5010.950466692872,946.15,Nano,108393.2912768785
344,54296.56988885112,16741.24785326611,3912.91,Macro,231929.6300714163
345,31319.163983639686,12344.017983000882,388.31,Mega,84311.14015058319
346,13381.818163013966,13767.804945197551,2937.26,Nano,106245.90137905808
347,59220.55570563606,13807.176215516323,603.92,Mega,128203.62288028758
348,82624.89171705733,31199.119556353613,3978.53,Macro,297471.6356169551
349,27035.198764903504,8251.609716895422,1254.89,Nano,32680.077521171523
350,31956.74774361471,25569.815548256585,182.59,Micro,76537.8711261577
351,74740.22912378442,19665.934502011572,4468.54,Macro,182545.16563196888
352,104654.79218197973,35545.67338260826,7693.02,Mega,354777.51042066806
353,44898.45181038624,14607.169129459333,5067.92,Micro,172416.22171424716
354,46683.86295580374,28034.767263104444,7954.16,Macro,156192.34039572903
355,81754.7535933365,31362.849631688736,4666.25,Mega,291852.521579363
356,-8118.154612054167,7230.443221038299,1668.67,Nano,60010.79051779167
357,29360.673245895217,270.5636541872826,124.31,Micro,44305.16777975555
358,66847.4646301347,28212.588468212696,6096.17,Macro,391988.7898885528
359,60998.06229505776,22908.893742600623,4548.47,Mega,390956.14190503507
360,45902.27266020572,10852.101659117301,4165.98,Micro,113757.13199105764
361,69184.471189085,27745.84857009552,4253.77,Mega,342054.30633051816
362,94116.20528166786,40030.59187036029,8485.58,Mega,286973.99416833103
363,42280.69650952365,15013.181234444173,904.71,Nano,77659.45203244389
364,28872.107546843283,10709.531671681223,581.8,Nano,93490.10949858524
365,93508.02588555244,23288.71730191756,2404.14,Mega,389638.7301833685
366,38743.5269166202,20681.127524375253,5687.52,Mega,150983.3858147212
367,17514.897464128604,-1095.4124141114855,542.77,Nano,108184.76772438711
368,25902.115183768,9308.026350980315,3998.36,Macro,6050.342748867384
369,72525.20246697428,19350.32735519549,1581.67,Mega,216829.0918297622
370,19933.17908872469,14708.835188374585,4973.73,Mega,126818.86436536169
371,90512.32508870395,25286.471611348617,4182.35,Micro,300034.88878562435
372,12495.656180306481,8609.438370754337,4076.58,Mega,37853.26985812873
373,83768.49069002134,22322.67472926616,2051.33,Mega,214172.93872939542
374,114493.90228893989,26298.403398143997,4362.89,Mega,256631.64402949478
375,16953.04769914725,6122.138680627148,1491.29,Nano,137437.8418450515
376,93006.41499099521,40468.32605241144,8724.35,Nano,297116.1802570744
377,91355.8196815355,34675.369558969505,9307.98,Micro,271951.03257075127
378,43851.91211027885,5484.305425131982,1081.63,Mega,222808.71912857733
379,75320.10293909218,32577.77254974194,6268.56,Nano,337834.06026796694
380,107851.24191463087,24180.366576174933,3653.92,Micro,403364.00567608554
381,42547.685809308765,16626.05090804582,6010.8,Macro,84533.1120218955
382,53233.65099049946,3209.2211414431677,1838.04,Mega,83399.43609594826
383,10502.983458078526,11143.522720509907,1411.74,Macro,52504.85998426944
384,110365.5871332295,43384.10102017677,8233.63,Macro,332549.852522875
385,39965.28379801158,20039.10754328383,1316.67,Micro,40225.1998935172
386,70446.35546166427,19535.485184655987,1815.3,Macro,288060.460454785
387,63668.457473075745,9802.24292557265,46.32,Macro,80186.44893236418
388,63949.33179705407,16465.479950244382,3852.36,Macro,175558.14089185273
389,21181.113773391007,6533.901471255032,3124.11,Nano,256779.98328461632
390,-4441.3262891261475,20120.864783131365,1545.79,Nano,115169.40210450476
391,75089.0697777508,27718.9351171449,6493.39,Macro,384077.0035725513
392,79707.27274382419,31504.577822459323,5956.15,Macro,183010.29588465346
393,62494.80928922719,35722.310228495844,5374.44,Micro,198742.06756744432
394,84321.53450564378,18567.13816031833,393.59,Nano,200346.7078642479
395,59864.15399041536,20817.28233464446,880.59,Micro,156894.2240810092
396,28206.217027964616,27718.239515349975,4628.29,Mega,145449.79642338332
397,8807.705152631414,4977.032048472003,606.13,Mega,79909.65655225779
398,98609.96508798817,29374.557313477522,4623.31,Nano,300263.39633918763
399,158.78062569432223,12055.320905972165,3181.97,Macro,127071.76380971954
400,62901.74904974457,16402.66628089251,1767.53,Nano,312316.3747826943
401,109144.6311210764,37280.054830854264,8349.0,Mega,290921.33727757976
402,53846.472450564426,19019.86024895813,3723.62,Macro,201511.16748327645
403,-3776.055356981775,11151.114774303933,1938.09,Micro,92440.89964739986
404,50881.69853538003,8341.025056692957,3264.33,Micro,216619.1463795974
405,58393.56049831968,14987.201824996057,1621.96,Macro,168228.55469952407
406,53083.84636698284,23328.933182921563,6650.24,Mega,210351.5921457819
407,49347.63395835942,32804.90649324464,5745.42,Macro,193084.31557111975
408,68198.27476676354,22809.787682218095,5715.41,Macro,408101.7383254934
409,36593.182904388814,12330.06463135833,64.06,Mega,216470.99426486724
410,16822.13537616837,9249.694257608113,1400.16,Mega,60388.34113374354
411,114781.86430790336,27928.0990119278,9638.97,Nano,250744.1189162207
412,15736.828431308633,1377.2209637700712,216.29,Micro,21574.253462356533
413,49532.4420231337,5194.527544822584,1457.21,Nano,223687.7364030095
414,66186.11112917449,12159.523587570939,4058.4,Mega,258778.1915789385
415,27072.034326874425,29783.512754723284,2825.68,Micro,205671.05702398502
416,26130.542901364322,19720.700823742533,5187.61,Macro,85276.43237442593
417,69133.82823254455,31674.271929063074,4307.67,Mega,355815.1616835992
418,93638.64969579907,33895.454072837136,883.78,Micro,241369.0984940774
419,63553.52985560203,25436.54641448708,6541.17,Macro,206674.62434152956
420,99159.99799080146,34280.75717158586,5781.69,Mega,318711.7685047596
421,113591.38474314194,25366.778195676357,6894.32,Nano,315759.87790575495
422,26163.25913635354,17574.905021797982,3332.91,Nano,255846.77875475492
423,40727.002272190075,3928.3464683654747,564.04,Nano,117513.50345234352
424,78449.6342699222,13574.545098410374,3055.37,Micro,281721.440759226
425,29027.7396482502,10233.1760011009,4181.18,Nano,118581.26423446539
426,38180.18471595466,16792.212602847,3916.64,Micro,155985.84676657667
427,103897.99797052771,35660.23537514957,5793.62,Macro,333214.01282307756
428,21493.08514213869,4868.476246472881,131.84,Macro,28833.910767774105
429,21194.043280394748,1402.9424660100644,1104.82,Macro,108700.75567250235
430,70983.3561897879,18925.329792262397,3355.97,Macro,215107.81364978975
431,46762.45208848034,33092.56856587174,8702.65,Mega,177635.4084720728
432,97089.081028174,40009.287684597686,8486.32,Mega,398644.5030026602
433,34827.19188702059,14141.140129727413,1480.04,Macro,127611.48519778575
434,84853.00644695277,27450.628385610515,3784.15,Nano,378370.4420379936
435,74294.53296685641,10191.61749797068,1926.69,Mega,278167.0061911558
436,49019.93887251775,12956.516250567201,4582.01,Nano,84564.18393618503
437,90908.27210777656,18856.76397240909,4134.0,Nano,281790.87958942854
438,39913.472110850285,5046.666377816331,3447.21,Nano,93658.71983370939
439,8303.921669981712,5325.670797586753,2531.73,Nano,106103.7086964918
440,47809.16056837605,21827.06306299567,3955.48,Mega,241693.20735074973
441,79692.28556996741,19674.992352472887,2577.39,Macro,376444.3076062706
442,70107.7206099518,27670.71555050149,10453.92,Macro,266025.5373879746
443,65512.553242702954,16907.82638789762,750.12,Macro,150681.51845486305
444,31328.27131476761,30149.41559057461,4250.42,Nano,215217.84791487808
445,69546.28009468615,35159.91359381072,7211.12,Micro,269215.92403322813
446,21633.441187102268,4304.503313515809,2409.16,Macro,18292.946238341072
447,82893.54213968558,28121.61418142079,3061.94,Micro,290787.5150336945
448,39567.7249645897,8051.577708052118,2354.33,Macro,-14762.499371617589
449,106910.97732193093,24998.379711549514,3217.63,Micro,336099.9134518611
450,62202.102734314976,33208.734311250075,8829.54,Mega,256451.0500677899
451,62155.405392061795,17927.323060956995,8194.79,Macro,267255.3853696884
452,10234.41319836451,11714.193552417011,64.46,Mega,63810.791197774
453,16035.689343818676,16313.246878161637,270.84,Nano,48216.10642438481
454,69770.13516222706,35067.64060747836,1744.87,Micro,358932.33752453286
455,97371.17701239482,35185.012879116395,6481.91,Macro,265140.60259620583
456,43943.45676018316,9043.559802328668,440.11,Mega,77918.26638259446
457,37006.50303575453,19571.34884684662,102.15,Micro,67843.59790113635
458,74980.8309585953,27917.614767309416,1540.09,Nano,236320.07308394616
459,98030.2617023121,33463.11080342515,6919.15,Mega,272951.5882392576
460,53675.6227063612,27197.279565585064,3606.6,Nano,186358.47580817193
461,46169.82115108593,16282.614085107864,2395.35,Micro,128893.32612510517
462,47293.54958465886,17193.659620368253,6834.95,Micro,226299.92692807506
463,24254.288009080632,10051.1416058289,2258.86,Nano,85537.80019645391
464,39513.487569164994,12260.352677983024,704.37,Mega,196537.50326719918
465,38169.634632219095,15827.293881006406,2055.27,Macro,221048.07056861237
466,25411.37676616472,6727.072044023486,4636.3,Macro,119897.46372081831
467,19824.12404950409,20974.73060115931,5491.17,Mega,63775.84710625873
468,-14013.8481289519,14487.347954593955,570.03,Macro,109609.37415746514
469,36149.612079617524,22680.498165199744,2094.38,Micro,173936.86875689917
470,59783.403325303305,7355.4621006552425,3262.97,Micro,87883.76948745499
471,-10244.05002858314,241.3017995449759,2293.79,Micro,49878.37386673696
472,43065.529399254876,19240.305891472577,1086.78,Nano,96766.36225552516
473,32135.831759413395,26400.356909002912,5109.7,Micro,98306.40109529525
474,87428.20108674403,31605.157515735948,6441.65,Nano,445319.8021047759
475,46085.718154691924,4908.172923479914,4626.97,Mega,57982.270260934834
476,64413.372626422584,29358.22962265082,4520.67,Micro,178720.31517503405
477,46924.348849569054,7320.731660392853,1247.27,Macro,145872.40271759583
478,85673.30416293695,34266.33252095842,11403.63,Macro,244663.3629969953
479,101014.4693180588,33836.05874288447,7352.55,Macro,371815.0616604178
480,12065.484535271258,-4294.443301365271,631.99,Mega,71388.88258953486
481,16536.543057635314,13678.669616662562,120.49,Mega,32977.7102690007
482,71282.71332521405,31950.596057087554,6512.74,Macro,350629.6782318456
483,52227.229236729036,10394.468701873302,277.14,Macro,160599.70897269232
484,29119.03836263389,18896.17452000087,1186.42,Macro,148231.0763777704
485,30970.01615386642,17155.02885518509,156.85,Micro,134032.42294606628
486,31155.818673709833,10777.414971453638,4631.65,Nano,137614.5789696489
487,15473.052672146183,15940.746773978632,3773.45,Macro,205968.95637459104
488,98707.02717520215,25479.60624006485,7370.7,Micro,228337.00695527415
489,54813.77392098901,18289.513851891803,5245.12,Micro,243985.36761497136
490,35371.67977152768,11024.806267517339,2705.53,Macro,153374.72882342772
491,35411.92040237987,14374.81551406008,3935.94,Nano,185751.5620977365
492,41411.1922624664,13012.237074800241,3914.31,Macro,205694.54658820544
493,63587.06717615194,10843.609229155802,3299.87,Macro,212804.10421103876
494,101769.98179977182,22874.119015262462,2640.89,Macro,364910.55789715267
495,57469.02207757606,24869.640209934376,4736.88,Mega,200813.6518892214
496,53070.54071574568,8482.546219314423,4381.53,Macro,144290.95950522192
497,77624.19755933915,29865.026504453064,5591.73,Macro,203566.37833146536
499,98366.99405113679,29900.476254947465,6376.38,Macro,259682.4073061306
500,70357.09541968584,22783.937477847823,3698.03,Micro,242047.96550283046
501,-19077.155754418403,12401.873650390144,1294.09,Micro,114296.38497463749
502,28537.833745640233,22227.050939119148,1052.3,Nano,199455.32655342194
503,58811.67535208978,7673.363347447212,904.87,Micro,151665.38565981886
504,28920.44040935392,15074.769989959059,4492.85,Macro,145781.15769664195
505,12279.654171329052,-197.39178642851675,1523.41,Macro,60533.00188446875
506,25052.555374425378,19172.6117093609,1387.05,Mega,98420.8130492926
507,86990.38365936054,35584.72054394125,2012.4,Mega,228470.96838687357
508,30705.398798309136,3735.210664631596,61.98,Mega,95077.60018027366
509,115921.44384130523,41386.27403995348,8278.56,Nano,399890.4850261826
510,93571.40218592074,13626.159550602719,1887.77,Mega,236479.10683925552
511,60527.980590236715,31718.865139480986,2365.39,Mega,199260.50217304355
512,53709.06038080897,3011.729555151876,1270.44,Micro,88348.93154064649
513,82883.52998449911,17578.75703710129,1240.82,Macro,245050.84175007895
514,63724.11966621849,24784.604580658775,5688.32,Mega,256205.135590831
515,88359.87872529133,29022.791158501142,5343.64,Mega,282604.68223371636
516,4454.883923811525,18385.259567080113,7952.64,Mega,107878.9821123647
517,82559.01712097203,39051.04415953894,8128.92,Macro,341565.430881322
518,38313.62649398175,16058.575164468277,689.68,Nano,206901.06744399504
519,71906.10227205795,-1626.6854550594016,648.55,Mega,37684.7119033656
520,99790.93628980461,22325.39877399877,3055.22,Mega,266055.96988029813
521,34811.61061576051,21371.552887089936,1570.36,Macro,168217.98034464367
522,70699.71795263606,10997.17901257883,3413.28,Mega,243175.5255561856
523,97404.55338057238,41786.50727037694,6297.54,Mega,365073.8110119859
524,31928.14095648147,15408.770979768247,2954.93,Nano,113752.18936986478
525,48482.471533704265,7750.019292502244,2990.74,Mega,84991.57105553235
526,103386.79396777101,37074.19643901855,4107.47,Mega,374159.6046751438
527,99443.63780290757,39770.67025162683,5625.68,Nano,304211.90421948524
528,27535.236120033915,-1908.3912415286477,886.16,Macro,75772.38676458475
529,84449.15027977368,32520.956340669578,6330.32,Mega,197635.98231278843
530,2205.5154119983217,4943.7611222817795,2487.82,Micro,89185.46468943347
531,47464.422868272675,12856.953828311667,2001.41,Mega,170385.0049777505
532,92140.2907056115,49654.006371950294,10174.98,Micro,406105.1429482037
533,36124.417542937415,8724.54626959163,917.87,Micro,49824.237088432754
534,39082.725006456734,15803.760990017057,3381.62,Micro,4588.1118332394835
535,79121.90836399344,35048.49770805673,7618.61,Mega,315833.9074513276
536,20853.502875689665,13049.967400041933,3045.51,Mega,286427.20179351117
537,57738.874912205574,28591.66664364322,5052.82,Mega,322379.0309717004
538,39269.83830098756,9199.726071027822,553.31,Micro,118270.67938366663
539,97442.27313337469,26336.63075131472,1078.75,Nano,238551.4794568677
540,84363.57039689629,34631.51665749583,8701.5,Micro,428448.20072726835
541,131749.51630941793,29584.691402969678,6903.4,Mega,396985.9960919481
542,82208.61438933811,19303.347017487704,1930.36,Nano,301847.3911285611
543,100479.97789737154,34578.93864736797,1605.37,Nano,389523.1141714723
544,83968.03084796142,24704.346050005275,4066.91,Macro,314452.8066137268
545,7666.290069790271,3668.7586566731643,1359.46,Mega,72868.86660219544
546,32710.404775581337,12766.719415141433,4990.93,Macro,132953.7383507708
547,45200.35757776346,8099.037687274833,1962.26,Nano,36432.38153201517
548,86049.90086569134,38923.63100690881,4007.7,Macro,250579.01363205985
549,18166.418674691864,4961.771958609646,695.77,Nano,76658.74494436312
550,87303.09125075463,34624.69320408972,2325.71,Nano,329039.9318749986
551,32142.079109150596,8716.055030269792,890.16,Mega,-33916.891091697915
554,72294.62423562525,36810.528575397584,5519.58,Macro,336953.8384006771
555,53579.98740816073,27972.2133709221,5275.78,Micro,231275.37149166813
556,71717.5023768434,9718.77665506421,1276.22,Nano,278747.916105152
557,11121.544902753772,13322.734865354738,2059.61,Mega,248536.36503528507
558,37518.42336320822,33064.26483258701,2856.59,Macro,305132.0306860249
559,35566.3764548081,27755.552754937682,3399.22,Macro,260489.5163376989
560,87176.2696219078,20501.04871523603,2965.43,Nano,304821.27856140037
561,4939.289895004844,19768.231687971976,377.6,Mega,134608.27977808795
562,25749.043301823862,7457.940897850914,1952.88,Mega,173739.13928534443
563,117742.9435480174,31472.557366048728,6671.54,Micro,359371.2554814745
564,46888.167873027596,17001.01151717091,1309.54,Micro,281678.5931986282
565,81870.43484594625,28304.48463017028,6269.99,Mega,221549.42697051817
566,109330.52614470126,26576.56418489058,3083.61,Mega,284121.65884151077
567,88591.18996264356,30359.894125459276,5290.46,Mega,238667.0781593363
568,57098.62735193488,19334.330976820056,2221.68,Nano,197115.8484513757
569,32354.755732304115,13341.815413904584,6618.43,Nano,334084.5123835205
570,70072.28528536824,15446.696604969531,4811.43,Nano,166249.4743668266
571,10819.400550427088,12937.338431236047,1123.41,Mega,83462.74189424563
572,101619.24504708244,22782.08464638362,2244.64,Macro,267236.7510014919
573,70550.42990325729,33902.90128059579,6851.15,Nano,258398.35085369548
574,65464.25416100548,17398.76654748749,165.28,Micro,299802.83172863524
575,63955.750586057344,18296.675234088838,6158.93,Nano,142009.00437013502
576,80022.26237043746,27388.797172409068,3943.73,Mega,271356.96693469
577,74752.03538962321,37295.270020027085,10260.55,Nano,172582.41935520901
578,56942.30305957304,28212.4484587511,8267.24,Nano,234269.8763110285
579,92124.63901339518,28188.98564052558,5677.77,Mega,290854.62443744333
580,45861.12185053032,41286.06813996761,6814.45,Micro,379010.1858606706
581,22784.773309798577,9127.282820173545,3542.56,Micro,94982.37761040042
582,38939.955160257276,8544.521537691144,1312.62,Macro,102855.21086316007
583,1518.17749521308,3175.9508789638376,126.21,Nano,22839.465949603247
584,36642.86757553401,22650.109453737656,5187.08,Micro,159378.3766287247
585,36353.37924353506,5145.977160447876,1375.94,Mega,212290.00642416804
586,99301.05759091041,17367.225651241373,3473.81,Mega,203152.05233851745
587,72718.67999541073,20283.065084169815,5456.29,Mega,270524.1213980011
588,18412.380084535667,15934.053190065413,380.37,Mega,83647.53726829539
589,60527.777400223844,18989.834792825353,6268.88,Macro,273142.38914280664
590,67391.42130306736,32490.121904093357,5205.86,Mega,297361.5435287389
591,94992.95992558004,38651.62222873921,5622.83,Nano,297692.3849856428
592,88663.41758424594,18719.858038427326,4246.5,Mega,308775.88611143
593,29102.933752346078,9467.423819287576,4776.43,Micro,146205.47697027706
594,72016.99055346315,20901.63339059026,2701.39,Micro,317095.75108146935
595,71955.2110749567,27468.626125438357,5020.14,Macro,184396.77873952332
596,58135.42032176606,7224.891840045004,6071.65,Macro,177496.49687982275
597,94960.37925880778,25526.591900649873,1784.88,Macro,363148.3924965922
598,77639.68440471172,27317.300099068027,6380.92,Macro,216956.8827882702
599,50366.31244953342,23209.074114791558,4209.57,Macro,328149.34783422353
600,51981.865782823246,29986.78526566653,3593.71,Nano,97928.59903087222
601,91600.5189577637,36998.55393110685,4872.22,Nano,254372.82468188897
602,11330.631112070616,13266.009682318343,1404.96,Mega,315471.78629828757
603,45838.529506001694,18738.76212083197,2460.79,Micro,230874.4189162598
604,56971.44194674035,24187.063220405427,3371.5,Mega,245682.5250414707
605,56679.69347055324,12877.237279235078,3615.1,Nano,220218.09351519693
606,72142.87934950474,21582.696361572995,2507.44,Mega,155430.72876991786
607,55023.70413829532,17236.643544473427,2856.66,Mega,224286.81303458507
608,11875.040039447711,9988.082150000604,4417.36,Macro,60356.687497905106
609,10788.812422358202,1893.6502232274222,1792.2,Macro,7464.617032461887
610,110823.19190610701,31435.341927675006,5766.58,Mega,288813.7181598421
611,81680.12808852844,25385.38936863065,4629.25,Macro,270120.7904452965
612,25965.82952037581,10796.453730081053,858.88,Micro,65535.192409586314
613,33847.085863300366,27968.425863127588,3505.2,Micro,278537.2456674565
614,77983.91012839749,26350.3427573652,1810.46,Macro,142192.19273721369
615,64766.60709175392,19009.267810335434,3260.73,Macro,230248.0632266476
616,-12203.978848007746,-1986.058398707978,2920.71,Mega,89974.70211833742
617,60019.01840456655,8873.986119732223,2819.74,Micro,109450.62996595993
618,44648.32930448146,14229.043698801484,210.45,Macro,192613.41511294164
619,36780.593916745594,17371.935594323062,1401.88,Micro,216977.7632768165
620,80457.79803852373,22768.742233215497,4750.73,Micro,217238.18029855
621,86617.32219026973,9721.898933724024,2265.04,Nano,188099.9927833496
622,92781.38414082528,27948.186888887165,7915.97,Nano,209008.37908000426
623,61849.03308616684,27258.18650390209,5530.7,Mega,149409.1223722665
624,33344.87401118831,6074.415874527204,2308.97,Micro,81501.55799038056
625,35859.271907786155,5998.938579101769,1847.12,Micro,132728.52665273775
626,8453.682705837231,12811.371034895348,482.57,Micro,225081.91021285678
627,14724.127072179264,8567.222645402751,1417.02,Macro,74731.08198984858
628,82501.66534912138,23760.724709677437,4884.05,Micro,228244.1823892392
629,59607.486279158344,26513.141139841136,4647.69,Mega,191157.70239211613
630,93358.41937837968,30327.55338269762,5836.86,Macro,293419.6992654302
631,35249.86678560949,26734.12802680691,5037.08,Micro,217261.8805571946
632,40794.206578749414,-4201.817555545719,2244.92,Mega,97867.35745360734
633,60223.44002911495,15151.932524801683,3106.18,Nano,261083.9586228886
634,4894.841445059519,-93.25877904385197,598.56,Micro,-29526.64698036982
635,42019.08435339665,26749.10550458068,3417.84,Mega,236946.16552573832
636,43386.721680969,15576.012742937352,3509.53,Nano,209384.77305058995
637,69044.7452142091,22910.266548048465,3535.07,Mega,283696.93850349606
638,62551.69964161866,23403.66619927044,7118.75,Micro,296954.23729178944
639,64599.24809516797,19954.724224839236,667.17,Micro,272628.3488279606
640,24812.881762435565,1641.0724781596236,289.6,Micro,65064.25744599548
641,16302.929917573576,9776.278946452763,759.35,Macro,83227.25707956526
642,30176.43058147142,12545.315935281327,5010.34,Mega,131270.66423876843
643,77362.58473495989,27409.127367898145,832.75,Micro,306442.94280907937
644,10803.947207096902,10137.142541294563,3927.8,Macro,58804.11846985333
645,54839.91451136798,2120.8620947511545,2501.2,Macro,71385.52448745002
646,41295.45880920677,12133.154395713711,3674.95,Mega,127211.95671272675
647,89388.80361797019,32437.072541135003,5179.91,Nano,297394.8655547575
648,79362.30521060726,35679.10687820738,6057.54,Macro,345361.7026669076
649,20670.013231119738,6643.442233820318,2234.52,Mega,153662.20905236888
650,82999.5699259203,21883.03962495622,4517.27,Nano,233176.20283891712
651,17671.425659199158,22665.164447779032,48.02,Micro,107208.74084687591
652,105561.37311477472,25384.18883567889,1178.33,Micro,330976.98729424266
653,49897.550291396445,31881.37153478256,4172.27,Mega,100930.86096585495
654,93755.23503547144,26378.614007500873,5061.33,Nano,221931.28357891683
655,58537.96700514494,13572.74414472685,3337.65,Mega,135584.8460947055
656,67122.84988862324,28306.850633405706,5059.69,Micro,264844.1278689747
657,45780.76510218729,4929.747493717456,4146.16,Macro,102030.74803678057
658,61744.90320566486,21746.21598286263,3088.86,Mega,276714.11342107033
659,14216.33480309019,18880.984813946274,1192.83,Mega,-6811.368905133873
660,27267.763440777406,10999.779100323238,2864.04,Macro,153001.06597974064
661,93333.07437082534,22571.148435454663,2319.35,Micro,240365.06428259832
662,58504.99034963455,15024.11577562091,4638.51,Macro,165544.44685395257
663,74228.87163489542,14720.202641950413,3340.07,Mega,189981.84352599474
664,36648.71980390812,10055.74906614712,5393.66,Mega,82743.31982524155
665,87484.31697562804,32524.281262861776,3613.32,Macro,320489.22170402465
666,46285.05057213767,11373.336115125227,1042.34,Nano,65493.69996843123
667,5524.913865116691,-5143.547374650741,982.35,Micro,40614.59939093674
668,98826.63647533694,25277.748277645514,3754.57,Micro,261901.64104447872
669,21630.159854870013,14462.797725560651,856.13,Mega,93991.76653144187
670,44909.14022344926,21059.699297461513,5403.3,Nano,82200.22721435588
671,89098.19553398907,27118.414737723448,5651.04,Micro,398681.2383974309
672,46156.51809026935,26992.522852852155,6375.07,Macro,263712.5430537695
673,88955.61526470185,27509.95679681725,5292.84,Mega,292460.2041018994
674,74834.131420968,15908.941069867422,2877.69,Macro,189476.29893318212
675,59405.037418621476,14690.10479130569,3206.35,Nano,215636.42259558692
676,13191.354528342974,23041.521303161113,5231.82,Mega,180283.68027370283
677,57298.34147519031,19672.993887365912,2650.21,Nano,267456.24370921595
678,64383.215503824016,10475.901327563122,3315.39,Nano,196713.83261619785
679,46919.94662736295,3423.3901464708224,1228.69,Mega,59559.7042120547
680,117776.52362322083,30704.12505824879,5848.85,Nano,395599.6239226307
681,79188.63558253081,14643.266154539835,1874.09,Macro,294952.0647349541
682,20598.20406883576,3716.4545849430697,768.76,Micro,88873.03203546173
683,83896.78686729357,11042.079722573475,4017.84,Nano,214714.99066627744
684,18286.08914544154,10192.281583751294,1116.86,Mega,122555.5597605381
685,29778.02128174062,9727.492304888092,476.18,Nano,93588.15787142617
686,24147.014770422134,12199.027872046738,2053.71,Mega,172796.73907629287
687,-5452.327789319349,4508.676869175085,1231.21,Nano,126902.48990897041
688,91283.79996232326,10295.122077404412,3916.94,Nano,303860.0467143466
689,66192.50477029051,28240.958255579346,4329.4,Macro,142463.58745473158
690,13445.108340734867,4209.1952715108,104.49,Mega,48752.95594418905
691,22827.445601047366,15860.347110022134,3688.39,Mega,157938.85190649197
692,93533.51459139933,38837.858271455276,2094.51,Nano,358942.06800572935
693,83480.89298891216,20758.465367740853,5854.13,Nano,171260.12793461923
694,-12107.467206921034,7567.393218790205,3317.59,Mega,21594.35540530204
695,86562.88310047203,30995.5356269962,4644.49,Mega,270785.6426954657
696,35844.341129144836,27555.840110391306,6666.1,Macro,-6195.485733686903
697,28493.27391231559,21350.530718372687,1427.13,Micro,163728.5414462644
698,27300.28127397997,16602.032273498844,29.69,Mega,125726.90285394093
699,109433.54985653736,30964.685659598937,5737.25,Micro,402234.28591668815
700,86072.32609102459,28663.087584202964,4918.53,Macro,272867.3605802648
701,72249.56789481903,25212.042464022805,3913.41,Macro,186208.80387519347
702,57407.697724458354,16962.33827263522,3794.75,Micro,135132.6399957556
703,44939.77784400995,6935.008275055919,2643.27,Mega,89887.83633753605
704,47747.52372483605,18006.368313191102,4722.28,Micro,83599.71122631368
705,52254.555301160945,13831.128263808681,8008.03,Mega,90898.75632244545
706,42833.56901248209,6569.746884457863,1377.66,Nano,123444.22168426162
707,44266.0595284026,21927.667552400904,3724.76,Macro,152309.80516238784
708,-7075.2950042033335,11403.83304804586,5249.31,Mega,38686.9860996722
709,105436.31312827463,25743.441255740694,2558.25,Macro,260096.6428316905
710,59304.784962016296,16907.99370323096,5632.78,Macro,133595.71764155512
711,81431.52112119042,18696.52524873307,5734.66,Macro,172345.4715381039
712,28478.310936793245,5706.497792208459,2585.39,Nano,156828.48025676582
713,17066.14912310029,16457.456483530645,2355.67,Micro,116199.5049567651
714,101584.26356989282,30073.98072239704,4126.55,Micro,191006.40823428635
715,46857.995451749106,20676.872370399367,3950.26,Micro,83103.8128247333
716,22219.41667557782,20552.2892825692,2010.87,Nano,180143.43895265477
717,63213.363785766756,15612.76748050228,1506.38,Mega,214290.86188006506
718,40250.27891364153,18267.94857064435,7064.56,Macro,217748.36862225636
719,60044.02486992062,20558.857267605286,2500.26,Macro,246414.02285975174
720,15721.566175348586,9763.601007742292,2135.84,Mega,112170.34119636897
721,97786.35092692441,28611.706424265627,3107.65,Micro,298415.76926014747
722,82408.63225120888,23428.650387206904,8261.17,Micro,372909.69867654424
723,36126.27150230837,14105.205252273863,3321.54,Nano,155171.48708515058
724,69656.11680009507,27375.68374099822,8827.69,Micro,140103.56102746737
725,62018.64285349792,22218.142453885815,4588.63,Micro,183534.80562139046
726,92737.82832034229,16715.266045630087,3011.66,Macro,190880.66163854668
727,49700.23144330428,11082.786374225881,2389.72,Macro,105998.8608548383
728,70419.26834091608,16249.331006719807,1356.27,Micro,247751.66399029084
729,67318.5805709987,42208.29783953542,8579.32,Macro,344143.77387147583
730,18450.771148187934,2982.935385590316,1034.83,Micro,-26416.262618631758
731,79596.22413959801,16707.272613422276,6728.21,Nano,199186.74677006598
732,67639.83474045488,32722.907455689972,3255.13,Mega,231218.40077357792
733,55726.22860337485,18179.77172952848,2776.05,Macro,107095.09538700254
734,42951.737689188536,17053.542925406626,1878.8,Macro,166595.26421286108
735,46678.23693177513,12815.00674699405,9.09,Nano,98444.30744366276
736,44207.50420709493,7938.565852370169,4017.46,Nano,133344.23814099905
737,67046.7129321035,27208.82827112894,5892.93,Macro,251605.5557304527
738,2844.1784364710084,12543.141800570742,912.08,Nano,108727.99109279127
739,83447.46490097794,38593.129048282965,4786.46,Macro,341943.6708224072
740,51523.1632082307,30971.837611694824,2646.6,Macro,302288.0938461878
741,89576.5368623378,35431.68678277278,6093.51,Macro,383111.67472820723
742,66855.40058674506,8229.32569661634,4329.79,Mega,210814.96904270689
743,90904.13376838833,31904.900620935077,7150.1,Mega,320330.7513080693
744,99820.5496805517,42683.933880442004,4793.07,Mega,251902.91080259107
745,44603.439136762565,19901.17371477517,3502.21,Micro,215836.40894771484
746,36294.90972406854,22530.105909163656,1525.98,Nano,205318.69897655834
747,56405.42215933521,10589.143144282752,1582.1,Micro,216003.37249153692
748,70523.11633152829,19015.68029915401,2332.84,Nano,150233.12966646245
749,66210.48487667134,14107.313011780712,3038.42,Macro,238433.28131567966
750,63832.28190577834,7901.39371384295,2932.96,Nano,113764.591089476
751,107381.1632353279,25080.201676952594,7956.07,Nano,288753.52517816226
752,65361.59349136284,10097.021845152904,925.63,Micro,189768.0689559856
753,60000.50992957795,18684.948780297753,2071.34,Macro,174342.65819491737
754,98679.71005581434,34316.86895323831,9351.92,Micro,398000.45798859757
755,37063.31572542143,11770.95213600044,6153.94,Nano,119198.90102095975
756,41586.46983121854,30340.43810280804,3820.39,Micro,192067.91133579938
757,43957.00914658723,11766.611375776862,4355.86,Macro,-8990.382406071978
758,92338.10124648326,32966.77531095311,2400.94,Nano,342979.6687601341
759,14947.15188757615,7865.987141580984,795.48,Mega,79328.3282030816
760,41402.686835376575,23166.088885863403,3850.86,Macro,229808.4646414113
761,80413.91145322801,10547.555816403801,3722.75,Macro,242147.26106471333
762,64916.807539302805,9271.597468530474,2922.21,Mega,115926.98659467461
763,81082.07799347914,28715.480887966954,5312.68,Nano,281581.24888578884
764,52447.74602476467,17746.400347367628,3156.62,Macro,209449.07038834484
765,124910.52506069555,22590.086754561118,1115.81,Nano,370732.1636096201
766,54406.982556317394,11125.541702795927,443.22,Mega,145466.5441028402
767,64613.2987674242,20684.120337552173,6390.37,Macro,289175.8699257121
768,42310.764767219545,8463.46132297059,1080.98,Micro,130228.88978534743
769,57870.91145522319,27333.947500607566,2738.41,Mega,170311.7580521544
770,83457.55242002857,14359.832026201007,5144.71,Macro,260210.50075545828
771,89196.67442419028,39364.942437027625,4327.04,Mega,314050.7091657436
772,55263.90342155569,20393.336080642068,3380.06,Mega,250165.55544751158
773,56627.51010920425,21262.77380159438,7320.93,Nano,208750.8712934406
774,57647.36972827939,30933.612201379496,2957.68,Macro,185486.7273827027
775,96001.6027214754,24139.69737084196,8197.65,Micro,355665.6899594235
776,73689.12478779607,40537.26884763257,2616.11,Nano,402257.15028798865
777,35500.137336512045,13724.314118250515,5640.95,Macro,75574.95002348023
778,28023.10011301152,-1290.120072569217,1756.19,Micro,38734.673729584356
779,77386.85180803358,28050.07598158675,3535.18,Macro,250377.42349055936
780,60043.96757424152,8759.445065807868,2709.76,Mega,60459.7281150288
781,66000.0359487476,29660.270661320697,6605.58,Mega,285365.6376281268
782,92410.74062553326,18378.016967993124,2198.5,Nano,231402.77359366923
783,86339.8496836756,6746.689363418484,5769.51,Micro,252500.95181894454
784,45834.97732542071,18336.15608932444,3849.71,Nano,80607.26693905338
785,40966.68978631781,12373.172499487819,3392.01,Mega,91170.06572007462
786,10077.459654437984,5854.408462235096,1757.87,Nano,77586.40141492739
787,75855.78715510924,26815.487338239825,5256.75,Macro,251690.54331463092
788,64618.10182691284,18209.263762433853,2133.29,Micro,232921.755203543
789,53021.114789159896,6643.479210167519,738.54,Macro,131939.55301914256
790,60515.980379148896,17361.507552248426,4094.0,Mega,267877.9528435288
791,78325.46361366258,25590.5003585759,4967.36,Micro,341295.3945617515
792,29966.552506416756,11412.175261654209,5801.15,Macro,65645.06148575999
793,34827.06619116479,20942.703089611994,3758.38,Mega,190007.0805967851
794,75463.87965171988,28645.5254348936,4276.77,Nano,303183.5102459137
795,40937.650955232006,24799.839976333617,496.56,Mega,260351.76190976915
796,72901.83773910435,654.3506243926961,1763.9,Nano,154598.37625465074
797,44762.037218010875,9041.722908987675,5540.17,Macro,193885.53631788166
798,73127.37368728172,20884.21021192608,1017.77,Macro,175904.38513906905
800,48710.36312327742,20111.049198734352,2818.23,Mega,252771.31604726973
801,68714.74340282982,35082.91150942034,9215.62,Nano,273596.3954518799
802,93392.30892561519,29176.910651645805,3311.68,Micro,232730.85837866095
803,49490.30919497718,1223.7378975314914,2161.86,Mega,112593.0510907328
804,60889.49994158927,17229.01359320953,455.45,Mega,311480.13799833803
805,55180.07842211527,20206.890814306164,2708.75,Mega,239563.05438892965
806,31582.535813632727,12792.267341266725,510.88,Nano,128222.90070920115
807,64063.76801743573,21455.898337244016,7431.55,Micro,157626.75628629987
808,43870.02427320783,12612.715240610407,2801.68,Mega,91455.78087912712
809,35185.55203619485,8790.613334853488,801.88,Micro,164660.93180886394
810,41307.66055010265,8013.250487097645,1975.59,Nano,83118.51669180098
811,20288.56736804558,25771.095996208212,3362.02,Mega,211965.55786007055
812,72268.94164563394,29430.2925781422,917.61,Macro,321647.26117923745
813,63345.928134268856,19823.403802899684,2046.32,Nano,287253.8855245684
814,84321.3667928422,27059.870203794602,793.26,Macro,225884.87986146918
815,102120.40091671735,22572.871387649575,3462.43,Micro,287140.11299775366
816,64171.49080685975,26142.39195485977,2019.96,Nano,189120.27155489463
817,96810.79321702328,26897.768520457885,6429.61,Macro,381621.86732032057
818,29178.44807545984,21562.30837661472,595.26,Micro,218025.58312329522
819,36310.79533025678,12897.468833249728,710.4,Mega,115668.4706746809
820,27740.160690903547,6211.610621604396,1922.72,Nano,68576.87992474447
821,46420.3964608846,25007.21068411236,2221.6,Micro,329370.1028791163
822,30642.048777322954,6556.3239183321675,5633.47,Macro,146442.68428906274
823,68264.38816997226,27809.449837613396,3124.26,Nano,187333.9097268196
824,16584.1823361032,5959.432711395077,2001.03,Micro,96198.24593251072
825,73385.16446496925,19786.70222672715,4361.82,Nano,301958.80560382275
826,98571.4262987173,17276.63113188411,5577.01,Mega,327897.87032281875
827,26470.24695926378,-3770.847919003064,514.44,Mega,42942.74107552836
828,66449.07707906286,24346.805972788035,4304.45,Macro,169396.35573000106
829,87407.83082547877,29950.135978702598,4534.05,Micro,357331.71506339626
830,24460.685936800804,5747.640999984341,1379.92,Mega,-8254.561703447056
831,21449.496812571597,23578.85224651209,4881.43,Mega,56694.939248065224
832,39367.35551569621,5963.869115551272,1837.37,Micro,80152.40507341959
833,66543.37531530867,17355.44566509671,1991.32,Micro,195590.89457995511
834,98709.17214990244,16555.702293784027,4494.19,Micro,267110.3859521469
835,88128.48459801049,18041.927740254378,6382.53,Mega,305436.91295862675
836,29759.708311003997,11121.686734373183,5604.88,Mega,69441.76612386807
837,86226.93990203453,20514.212157733193,4020.04,Mega,170415.9815027069
838,35510.03148546441,8519.158315001448,3584.06,Micro,26382.674809852375
839,42831.39771819409,19361.77330874831,3350.24,Mega,109298.51003791724
840,64474.65866066546,20286.811986426786,40.68,Micro,250153.54845229635
841,47484.836732323965,30816.40590320635,13083.96,Mega,301680.4025945729
842,67535.39005966626,23032.288055282545,4245.57,Mega,300353.851648628
843,94954.58210088483,20807.863467458148,1254.94,Mega,250276.86202923808
844,41471.91388654904,14992.608315276007,1258.23,Micro,46773.974383364424
845,58804.28497363587,14873.555233018906,5973.43,Mega,176193.01670300716
846,14579.17090796684,9545.681413163802,487.39,Macro,88603.95763242475
847,53059.4041279534,35916.19919793456,8214.62,Mega,145700.48940762016
848,79186.09296652063,37996.23994797004,5525.36,Macro,359159.15383939457
849,80967.9401778844,22289.800950381054,8330.08,Nano,332544.9326750365
850,95743.43638750918,20495.96029869349,237.23,Mega,334178.924214441
851,30421.17390343268,-3618.0541750879274,233.59,Mega,68256.89275223673
852,87729.91439325902,34012.20740377689,4774.57,Micro,248012.47101095348
853,-2296.118993632659,16724.930055797227,2123.01,Nano,81698.01968685912
854,45071.243469322944,12250.098924106922,3448.79,Mega,175133.59318993567
855,40158.120734821685,14100.164689562507,2084.05,Micro,44671.58052353779
856,30164.079660457395,18033.574670050824,1608.33,Nano,123965.0429728347
857,41178.65832958654,18775.060644986672,4048.58,Micro,180134.24667724455
858,2712.869588173933,12575.334173240215,2922.55,Nano,60720.49128990705
859,1033.6431319631392,3180.723300801496,1785.86,Micro,81716.73647850202
860,90558.47420113954,24476.209333105682,7078.86,Micro,203893.57193323545
861,54741.55694290702,15504.70805878238,2529.49,Mega,78962.13770453725
862,38874.961050440375,12234.262572965275,3392.16,Mega,249577.94325220204
863,74188.70179391147,24886.505031326993,4234.53,Mega,227787.87571836138
864,104697.89919864025,18333.613163096117,2399.58,Micro,271678.94840502576
865,66156.08554375509,29846.884557202105,4339.36,Macro,297117.28904238826
866,105750.41619123767,10501.395807026853,2351.62,Nano,328825.31995126087
867,89322.68404388518,17974.926576970207,5522.95,Nano,269791.9710451724
868,65189.358524993106,20604.167684200733,3421.47,Macro,221528.93746644957
869,107890.1733996156,30848.366407882568,4960.87,Mega,280249.5827092148
870,101068.07918627658,39777.83410846042,3515.73,Micro,364912.8862494083
871,29803.921453587172,2971.4050132557472,1415.73,Micro,94924.93237887383
872,28939.64522231866,7430.11490268417,627.23,Micro,133368.81633481145
873,82325.15942729065,17983.04149511288,3424.06,Nano,112236.39359733263
874,38730.92955031841,8555.464634492466,5767.49,Micro,52271.79000616576
875,30232.673241132474,15684.417527720443,5248.4,Micro,227395.9407803438
876,-4970.972724211844,11827.89565745763,653.01,Nano,63773.28779525616
877,85156.25368696534,33774.18944744935,3568.0,Nano,336715.0399247586
878,64145.64917258706,27386.593342250653,5124.38,Micro,322866.46012313303
879,29257.556290696706,14595.321708283947,5092.25,Mega,168714.0390249697
880,18547.448587386036,17351.653847200665,919.03,Nano,116903.56404145385
881,41996.261489708195,15983.97703648757,2851.75,Micro,142268.7603965193
882,89809.08290570482,30965.822672762053,4893.1,Mega,366206.6245423141
883,53420.95695779134,21056.03512193544,6264.96,Micro,235666.0230887356
884,39288.95383561869,10829.009672352915,272.96,Macro,80381.01816212272
886,51517.64598270229,24556.41704838079,4586.28,Mega,259840.44775306433
887,-5299.489648465162,15331.015703510662,2481.03,Macro,69241.63711829048
888,21066.326361300125,14949.206074454527,2597.3,Macro,94049.25520244971
889,49886.86899930206,12024.282665404613,1555.01,Micro,204747.1948483117
890,67035.32505906423,27200.853151458577,5319.16,Macro,324515.09515837306
891,16527.642381836384,2588.5699688784252,1388.21,Macro,69656.10121023591
892,26688.8744729438,10124.241230081292,386.66,Mega,145401.9903344548
893,10844.432235327406,-2850.755682380961,3243.77,Macro,147006.79475678504
894,44029.12833220392,25418.49955505601,4882.77,Mega,242725.56271435626
895,66422.68739634247,21564.15555055614,500.86,Macro,231615.93548246555
896,82149.27337407554,12467.188504686916,1662.43,Micro,254274.55740409007
897,8988.626596927064,949.2972478591267,111.19,Nano,65934.39114003499
898,92270.55922922198,25445.544427810706,8791.08,Mega,415573.6727351097
899,116122.44391653658,22339.167523186425,4923.82,Mega,353324.8475705406
900,30350.009959810985,28808.21574021314,2570.98,Macro,175215.48302279686
901,86460.09888557247,32210.851281524498,5100.24,Micro,344641.5905994962
902,44423.120029879574,26782.258233915465,6894.24,Macro,290727.2943081916
903,47519.881751612214,-1861.2334178014198,2654.88,Micro,85521.40570673917
904,18054.59259030174,-510.91478511999276,1361.97,Mega,134504.04210301614
905,70747.11895617905,36416.158584170946,6844.19,Micro,286434.73372474517
906,40724.6545593728,16081.734840032539,2324.65,Mega,159116.6653647601
907,37760.379947697045,17469.070670455123,3849.38,Mega,162300.31560956142
908,108446.30821326165,20928.56408671185,3848.63,Micro,330342.344627733
909,32408.899037085906,22784.0529449855,3539.86,Micro,100982.13941232953
910,51171.567334086314,16716.499873755434,5999.43,Mega,165259.54647904396
911,52710.24608242616,10522.161537759199,840.08,Nano,187958.26975681703
912,87666.97925542152,21805.28581673376,4359.48,Nano,257791.31020166574
913,57637.1274933208,29621.25058224197,6471.1,Mega,191763.73132950236
914,-4923.389805505782,5892.534924717341,3287.14,Nano,10524.961980815162
915,60623.09382970949,19465.625209520957,8140.87,Mega,114718.91328570498
916,51775.901385184785,17791.87032498054,4073.5,Nano,129646.2800950188
917,-11033.67660765314,5770.847921414612,3609.16,Nano,-10362.684161541576
918,25807.423164763473,10026.255075776888,956.6,Macro,70019.03644211852
919,56650.57382979859,13525.601565434054,4072.74,Mega,181551.32507694542
920,42142.65868493353,9873.23788854591,2412.97,Micro,193679.21516877995
921,74739.54830105897,10789.51863578544,2756.64,Mega,254664.11631869274
922,75639.13922149778,35000.08023256945,5461.51,Micro,357867.816492707
923,102911.7298289209,20872.707209627973,1948.67,Micro,243705.89861336187
924,114116.99835549599,31502.7112328837,5361.41,Micro,293832.29814994184
925,40215.65650908467,22147.011463826635,5880.67,Nano,270169.8003764333
926,104381.94523424955,25744.755318389813,3425.63,Macro,312037.90206136415
927,55617.892974757095,5195.842937212803,2056.04,Nano,198943.27888052404
928,58092.49236808536,16492.828145198597,2798.56,Nano,254613.5259881284
929,80592.74733049098,40539.36153963402,6192.08,Micro,249791.23314651515
930,35329.79996826819,24049.579355044458,6190.34,Mega,119977.43368028259
931,52615.456298008074,16743.546355022867,3658.66,Macro,225688.53316593598
932,48324.690545286314,14350.621568102433,1862.29,Micro,126367.19516242474
933,15954.24297927327,8375.934677048237,4016.22,Mega,48257.54961477661
934,90902.22207672772,30714.89075561119,1123.16,Mega,316399.1627988062
935,68463.60878732588,25704.9853797656,2260.04,Mega,159270.8023414573
936,93581.44406784796,32068.070293314246,7203.81,Mega,242576.0221390248
937,37176.65432189602,16411.354943096132,2781.97,Micro,188566.2603061081
938,38740.31531140457,14175.675165046565,6720.74,Macro,177502.8805531355
939,61023.05519698941,12533.217735561242,1639.61,Mega,122044.77078307173
940,53250.00403921571,28191.46224095226,5035.55,Nano,136301.70660456578
941,29401.993818140538,27101.820189996666,3440.34,Micro,68130.07773372813
942,38907.95010101059,11185.722200651526,763.28,Macro,102259.7296414362
943,9879.575610184675,10405.147303035712,1271.97,Macro,131825.9069580463
944,-1839.946645063511,1954.7921836085957,150.64,Nano,68582.88090742967
945,15286.570308335242,9982.360080458533,2235.48,Nano,62732.51480042802
946,97748.67993429104,22225.286298160558,5191.62,Macro,289022.45562774735
947,20776.710018621845,6190.449361224344,3055.32,Mega,52990.72597242723
948,-3027.096899341035,18460.673107480336,1415.37,Macro,20852.97420588146
949,88970.90729143226,34539.56412168794,7606.63,Micro,176014.27907884968
950,90612.48564822634,21698.783003327535,7836.5,Mega,374957.6136206309
951,79106.99366513966,8835.069148248667,483.53,Micro,302293.89646344894
952,36982.871050130845,21529.85775386147,1900.72,Mega,168151.46944193717
953,35702.383563413474,16531.593958943005,879.22,Mega,198545.9857796944
954,20675.082929213055,7500.412143746454,3761.23,Nano,110987.74283981879
955,28665.369825421563,5197.3848785491555,6921.29,Nano,100187.25473217436
956,97080.44244205928,22817.219954483302,2925.12,Nano,323216.8915203008
957,65778.76569597784,11562.644616383663,3494.95,Mega,56659.69208884817
958,41650.89166454616,12966.125477979853,1221.52,Macro,105556.31160452639
959,24180.96852185467,14970.027867594128,1622.75,Macro,205471.20269024756
960,57513.50412661955,16917.801633758245,5541.44,Micro,242337.83697285995
961,84105.52286068356,17776.69034226201,5012.81,Macro,203812.87815280454
962,106663.17103907022,21848.658310552626,4213.17,Nano,327901.6502242682
963,148874.74010459217,28583.168434942156,5630.37,Mega,380759.83861916367
964,88955.67988472577,36857.44942007845,7638.37,Micro,359855.09724769375
965,57343.87009068464,15232.426849544405,819.96,Macro,254704.2178379635
966,38529.209941458204,20571.223612268856,4302.8,Macro,184015.39114209847
967,93062.3400375339,26630.300402093253,9267.8,Micro,236037.53449857363
968,57392.101074235376,41721.95276847518,8933.15,Micro,392495.2877353154
969,63738.18187735525,39335.53874491165,4530.12,Macro,262711.86580641277
970,14097.918356653448,9502.28663623726,2638.57,Nano,113953.63088660526
971,81477.61905502259,26570.86143636353,6319.06,Macro,265829.2906969643
972,98921.43181561455,25580.55967632798,5177.04,Macro,306759.6967629081
973,59979.87851147157,35309.76442903327,4715.78,Micro,251379.55413124315
974,7378.243860591512,-2014.0814720724477,1445.95,Macro,145782.08969403498
975,48816.73422053328,23104.00748477521,4980.15,Mega,180334.6554178323
976,26057.15337052857,12838.074292282476,3181.06,Mega,19669.048794163038
977,64278.398019700675,17765.699627556074,4385.04,Macro,209893.29707977452
978,83013.82231312933,34240.522398564746,8219.31,Micro,309321.2041257258
979,32267.691912046426,19506.889577049107,2117.29,Macro,132723.9781031453
980,119145.31894621174,33254.749022198186,5891.36,Nano,368692.38168445346
981,59873.74451979402,2886.2227984654237,2224.66,Mega,141552.3111798338
982,65775.7538173754,23514.397904662732,4802.36,Mega,252678.96122438821
983,47503.78221576275,16682.2281416233,3852.18,Micro,29787.980359565536
984,76233.26568763549,30558.141148175106,4912.13,Mega,216389.1976675357
985,67772.10391127174,15810.631347871562,7332.93,Mega,288893.1873733695
986,68442.46286045,26286.59097233721,4608.97,Mega,342684.0286095084
987,97435.00791086117,22960.206750654244,3514.42,Mega,286675.0819636108
988,50510.259799100895,27524.012804464604,3972.95,Micro,247243.36753687935
989,50201.942894090134,17052.50980905907,3531.38,Mega,219713.21985531485
990,21377.0600984363,5992.438949525312,1511.99,Nano,50066.61287120596
991,60395.16197579939,34409.680557025764,3224.93,Micro,257098.8803061748
992,115467.84935952723,33298.72141199269,7089.47,Macro,355969.16039782844
993,115781.89216205894,38417.8703100075,3652.06,Nano,382439.74697168515
994,41877.31113772202,8177.586083974891,1800.42,Mega,119898.03831856248
995,74602.25614190531,28007.10809113699,1843.73,Micro,323753.46955962956
996,88161.26958578533,28072.08315311997,2807.86,Micro,265893.71232327854
997,51413.730524592684,25633.692311004426,5611.98,Macro,294518.55398399866
999,7618.475040572741,4295.7459563370085,2496.8,Macro,-9767.038853698563
1000,81385.55290643446,16617.34782854271,4732.21,Mega,294152.6079906494
1001,103226.57930187664,14201.068892918152,3305.11,Nano,284902.77688347874
1002,56927.44618789557,21265.76623601123,5045.61,Macro,201215.72017233446
1003,33734.312722564355,16406.014928639772,2801.24,Mega,324963.49385551544
1004,59568.68606167928,26042.273918002244,7069.54,Mega,209366.14957077077
1005,16673.10291234905,4525.0102144340535,3840.35,Macro,81463.69697219427
1006,24736.007401449187,4063.3314225334075,1921.88,Nano,76375.4921626435
1007,32474.569315096058,19829.640808523105,2345.69,Micro,185291.41713236982
1008,113006.11940841742,37025.68697108458,3930.69,Macro,278892.7945830071
1009,48040.42660602303,15621.694295290334,58.39,Macro,93278.1186464267
1010,79840.47549078282,10152.156703217612,2698.18,Nano,257791.22854164446
1011,81637.46561668957,21097.591676592285,1183.16,Macro,312625.97111946234
1012,48223.32249061986,4416.536258134414,4232.25,Macro,49944.692704543835
1013,33147.7281042729,12570.328156971056,5079.57,Micro,108862.75392923519
1014,31975.85530762663,17545.9506548388,1188.06,Micro,181014.8461583213
1015,107185.39188380363,27717.593798660826,5478.69,Mega,325430.10272175877
1016,34899.31969620354,2750.6561400496903,2037.29,Micro,184040.14955359284
1017,81092.81750657358,15091.117557747919,1989.41,Nano,357253.52898473694
1018,28810.485075449044,16830.430136542484,2975.99,Mega,112210.69329532467
1019,27871.963691801575,6987.7558726005345,1392.12,Mega,22776.886531154618
1020,87467.16112163445,38630.96810708736,5011.83,Mega,325507.690795097
1021,56288.485893610734,27713.240573839354,5714.89,Macro,325892.6288292228
1022,64282.4414940358,23692.49187043685,5133.8,Micro,280140.42642624764
1023,98415.8849055907,29608.796457771183,4477.03,Mega,339720.94247285795
1024,30518.982896867896,12754.22453257877,3023.61,Nano,192044.65575762902
1025,81421.48796260427,17330.632949126037,4721.14,Micro,255890.5484351051
1026,104940.62596006773,38842.76556313499,6437.84,Mega,388246.2143887732
1027,57541.80207204343,20547.55570420421,1951.88,Nano,280918.04064213956
1028,85094.46726469057,20325.004560888356,4375.1,Nano,341111.6339499057
1029,71498.97737659197,24974.649754169666,8387.59,Macro,301132.6669169349
1030,48371.81277182385,-1142.0683867455161,1904.98,Macro,104713.87828200485
1031,59505.414301116136,20081.456534708013,6281.66,Nano,205152.2629244217
1032,22806.887046395834,15015.392960790996,1943.86,Nano,119866.04858932015
1033,111819.63576522982,33130.1259447475,7847.44,Micro,341455.91970350285
1034,16852.741308672583,-1260.8143777148052,1783.29,Nano,72938.466656357
1035,33272.20141469451,4953.787350106942,3371.9,Mega,186044.95156226202
1036,87748.19020181964,17765.368374141686,4585.3,Micro,291568.57102268084
1037,81157.5908685945,35061.64649520334,7527.31,Nano,242393.05136637975
1038,8717.81491779993,10940.313495627648,1140.11,Mega,139826.81868421237
1039,17929.906770389985,11383.812059987524,147.56,Micro,149849.30500907035
1040,53878.631542850184,17114.876469596307,3352.91,Macro,213094.84362277912
1041,19698.019397803593,17183.462620117338,2059.28,Macro,8724.667053581245
1042,27022.843363670516,7306.33642393034,1284.59,Macro,128466.08774674706
1043,31338.385830900876,14624.986328915613,2819.39,Macro,106146.74007972167
1044,43038.541179636566,28369.6408852986,3483.94,Macro,220192.42157273725
1045,81657.69698956658,40552.86542259262,4584.25,Mega,263836.508642531
1046,34161.11023418039,23402.57926593977,6276.64,Micro,107123.25206073475
1047,66734.11830238157,41555.55427832986,5853.24,Micro,402772.7967364965
1048,18541.319242185768,416.46906815108696,1071.3,Mega,59758.360842331436
1049,71526.37513846642,12390.912585265047,6384.88,Macro,325238.55295295734
1050,66504.07566912325,24935.924895961976,5626.38,Micro,328974.33198120113
1051,80448.5816639726,23725.023661615316,3961.23,Micro,229808.05226694283
1052,73085.209983795,9018.609750879474,5818.7,Nano,182068.53702314687
1053,84238.7388196736,23487.76043311724,4752.51,Macro,268733.83383055055
1054,916.5534613119453,11559.347715101558,2055.38,Macro,15641.365087705402
1055,46052.26238549071,17075.708164180433,774.72,Micro,100574.11467434294
1056,30752.446379205656,17346.328455864077,278.44,Macro,193940.17072899028
1057,9329.496132292294,10055.547350167135,26.54,Micro,113234.40125068651
1058,46490.57201174123,20896.369853945293,6440.22,Micro,122726.68946920373
1059,118832.98808266841,26704.736245373966,6909.88,Micro,390243.49035458866
1060,16390.477073576618,20368.972019856934,1019.28,Mega,155021.3860033633
1061,38397.50223037875,3238.902358022766,236.86,Nano,21849.91858331897
1062,100596.29545913615,26115.702164845025,6458.13,Macro,256084.06007812452
1063,51057.7309829703,6797.201789948812,928.59,Nano,106154.24441353577
1064,82616.22519734212,16321.636550121912,6395.81,Macro,263065.48526893463
1065,25657.83786600949,-525.8439653924406,880.54,Nano,55986.49926476827
1066,55607.02247979051,16139.000504170897,1731.77,Macro,153778.47186775607
1067,48778.88782903671,6457.873635609687,2257.49,Nano,289297.9551926399
1068,45856.33714118008,31357.595417809316,5927.94,Nano,206852.9578458904
1069,71430.49677961596,31281.35840984752,5668.19,Mega,303721.95441055787
1070,101030.73637558737,28883.361416559695,4599.57,Nano,361662.4502924313
1072,82578.27484402612,24075.68011482723,5019.69,Nano,186598.52461859887
1073,16727.662881909106,7541.056444641959,3561.28,Nano,119648.5256751476
1074,37157.97092275554,16395.181551602487,4853.31,Micro,284875.3987248834
1075,62252.01055264059,28134.249335857134,4735.4,Mega,205960.7392435292
1076,56745.00745726614,4555.683787328886,25.41,Mega,150880.04596356343
1077,60676.52395867469,8382.268598625007,170.0,Macro,212790.9355332437
1078,-7380.5392001485125,436.566819974458,1486.7,Mega,126608.0277732975
1079,87166.2238979816,22650.96500933339,1939.18,Macro,181577.73134892609
1080,26098.59381841156,13159.973610532408,2233.25,Nano,133955.91386706897
1081,88113.78595926831,22582.422550017203,3088.35,Mega,248834.58932870257
1082,74699.15030546751,24741.0752932124,6444.05,Micro,198812.07236395264
1083,77789.88583464747,24205.792586341617,5572.24,Nano,271060.6196051272
1084,4129.702397084706,7573.478978453972,4751.06,Nano,-10607.82931518933
1085,-27.661457562046053,15826.966698294118,3394.48,Nano,52692.53382956855
1086,82934.11140572188,17287.773336495193,4608.83,Nano,348630.58619967574
1087,118464.87478399329,20624.490501730295,3544.25,Macro,283135.67193304637
1088,105093.05088995812,32157.549846022124,6190.65,Macro,270714.6358084603
1089,101771.77105150174,27866.846090520234,6171.06,Micro,319742.1938447435
1090,54903.59203254158,11888.612144372597,2349.05,Nano,227764.11646618397
1091,65139.688034651204,22526.383426185224,2738.88,Mega,315620.5372499402
1092,33423.18414924422,12537.541817123492,169.79,Macro,133374.76486702845
1093,12033.027572175622,4825.543125847012,151.22,Nano,5508.240425286494
1094,49645.928327058,18738.784452863732,1303.21,Micro,126283.0011643334
1095,1251.1547175856858,7261.904786638903,2428.5,Micro,76180.5719211855
1096,17112.078227944374,13513.370281772288,2816.42,Macro,221208.99142994866
1097,38968.037561161196,1108.4356897368207,899.46,Mega,142807.01448451378
1098,28562.72873208516,19714.545698564514,2827.45,Mega,144516.78996537332
1099,27149.188503907266,26636.611448016643,4378.78,Micro,172567.99431554624
1100,43849.93091625693,17949.527876295637,1168.95,Micro,195652.00419011715
1101,58578.15217142897,16076.007960860332,4219.2,Micro,194968.7725524449
1102,100012.7096266606,37276.455499295065,7224.47,Mega,354682.3243692249
1103,66970.45964939754,29079.366669587533,3636.62,Micro,231703.57089214746
1104,74169.82027972375,18074.900891689787,3394.68,Micro,173595.4582829471
1105,57835.038323467474,12027.837579324756,2392.24,Mega,274609.36416438076
1106,39159.23049330869,14385.750507885356,1935.1,Macro,144819.89619284475
1107,65745.35426635147,24206.980157558828,3654.61,Mega,251464.7654967247
1108,17564.310516802125,1009.4476394529747,3911.82,Nano,41339.842742828885
1109,77548.15702018792,14780.983104489836,6059.81,Micro,249784.87953750102
1110,70307.86109130536,9974.118409180375,1086.84,Mega,183398.01534235186
1111,79360.65485948608,27041.40208390388,2281.38,Nano,209085.08955720623
1112,70626.80523094253,24075.099498820542,3431.27,Mega,147507.33636631462
1113,12705.692672037716,-121.56685859488698,2938.54,Macro,66225.38271183048
1114,113471.68863425852,21088.065361724468,7765.01,Micro,359291.24057900487
1115,48548.827654929395,11657.50772594742,6078.84,Nano,158751.04763760988
1116,43213.106643116356,24204.554919183105,4956.79,Micro,151564.18054920257
1117,70914.38149868051,9317.91550690536,150.05,Nano,164126.25641409587
1118,130895.44326832876,36545.816051355374,6137.64,Macro,308786.735479126
1119,70695.5827529947,33133.455708382884,9072.55,Mega,206586.4299606
1120,31949.653441827715,14545.153113098071,847.6,Macro,136646.1809495453
1121,82991.34681113694,13235.282003202577,3181.66,Macro,350116.28311597474
1122,31318.018370770165,6359.545359914556,1154.43,Nano,70341.18713357761
1123,48244.379494617606,5722.636410896355,1886.43,Micro,109220.06456676278
1124,-1704.4784245459778,16418.53321170059,90.81,Micro,160965.1103178686
1125,45129.589342637286,17397.042621761484,1005.7,Macro,179376.7017919433
1126,75225.45149450771,19036.50792864892,3123.58,Nano,201566.7019674281
1127,89553.01117102151,26572.85022280852,5916.65,Nano,269969.9626651425
1128,76829.37576352344,34755.932338368024,7753.12,Micro,355214.52681276354
1129,61365.657927594955,22091.784717657327,4020.77,Macro,267733.80863770633
1130,-3152.990078296052,320.6983949294354,1394.33,Nano,-6565.6933515463315
1131,24056.47198149308,13827.464872749857,3792.19,Nano,92346.75988615707
1132,16975.661378309615,2253.3608200189055,704.36,Mega,-15593.408337462482
1133,87081.2901104516,32540.948806041277,3938.1,Nano,330178.4301885037
1134,44438.55534585956,18593.878755617505,241.24,Macro,206159.62659908
1135,27238.81684326813,21817.49102914962,6280.74,Micro,218732.33351466258
1136,66794.08097248105,9681.663243341884,5210.83,Micro,173554.86761672975
1137,68039.09173301644,22866.52538457379,918.58,Micro,134254.55842367205
1138,25006.27521080445,16301.530531063432,2585.25,Micro,270595.24643295456
1139,80851.17808152873,10265.988127013281,1626.54,Macro,179566.44176451143
1140,40116.42817056227,15723.467159732561,3769.63,Mega,107628.65504761487
1142,21423.38058452171,230.27234192705288,787.33,Micro,119869.99910042758
1143,102983.48205705156,25357.3906517635,5435.4,Micro,310790.2446469104
1144,25029.51090440143,3131.743384724339,1528.47,Nano,-25904.89697567314
1145,52140.03923623582,14815.18960960539,6146.32,Macro,251987.06383083976
1146,43530.52066579692,19055.183849953464,471.0,Nano,181838.06056871873
1147,53566.7531904524,12115.791011365382,4694.88,Macro,117862.64009202096
1148,40813.495497677664,15018.193028090633,1626.38,Mega,146507.35724277914
1149,95727.06546286296,20775.658159226095,7680.73,Macro,210285.03103647687
1150,42256.03220998571,9463.55158229219,4068.03,Macro,171250.20796164975
1151,52670.509653008725,29107.333971032196,3577.57,Micro,279291.58056482824
1152,62916.265053253504,3703.9189669210627,4305.74,Mega,203907.09286969987
1153,-2513.2483602331995,11932.53048500926,4880.31,Mega,75435.74885507484
1154,26159.916097855265,12115.342451406692,4527.24,Micro,119581.22144323924
1155,100730.59123044452,18094.32341266165,2867.55,Macro,286035.32285939215
1156,108752.60414301968,34159.47686648659,4474.84,Mega,310992.4845535543
1157,22619.145657042274,-4055.4159623175,2209.7,Mega,112300.73162205787
1158,46483.73970555827,10953.231333798973,1413.94,Micro,35613.11655551519
1159,19381.70295009025,4525.0301145852445,1435.04,Micro,43439.77132705468
1160,17601.473352544595,17580.423392504665,1448.22,Mega,65051.53498381768
1161,21906.751478363996,11967.544016743273,5086.1,Micro,116536.58949645972
1162,101206.3800517904,25672.841111839243,3893.3,Nano,201471.1027804794
1163,23636.132134792617,5822.072606696592,748.77,Micro,27846.415276795422
1164,88016.54027306753,39739.92609112353,6795.15,Mega,397108.1050080113
1165,91186.0125858722,23266.962804321844,5894.17,Micro,203863.07785201553
1166,83609.62547437161,34040.83702334058,1256.19,Nano,291403.21834645164
1167,-685.0402858909038,10759.044198553136,3579.15,Mega,139223.51686827885
1168,11322.881187862778,-4522.176410948302,1592.57,Nano,15082.876170029747
1169,61311.48923306212,17465.642654159292,1769.48,Nano,237413.0396991317
1170,35886.884742886905,8136.432856728961,2202.96,Micro,170837.84799416488
1171,60231.685447973316,18502.418460144076,3817.06,Micro,168304.5593633054
1172,47075.26566641255,23952.457282653893,4427.63,Macro,90680.13812437197
1173,31486.072631223382,4396.75122097018,1024.99,Micro,84348.93969723671
1174,86241.73679602264,24208.416957412497,2284.9,Mega,214350.46337431794
1175,48166.533314369895,16310.606973360298,2141.65,Nano,52497.3075630674
1176,-1581.42083312573,9429.451208842593,82.93,Mega,114810.71622318157
1177,92445.40235093175,33331.565186139036,4859.32,Micro,277868.30549839995
1178,27966.34634744235,4006.9542554947593,1455.54,Mega,110711.70987205787
1179,51422.22294715194,8589.97297379529,2009.78,Micro,115506.35087954668
1181,69058.06584707499,26393.832157358836,5181.13,Mega,267710.081842492
1182,101822.21326524563,36336.12053594248,4999.09,Mega,322221.63681507943
1183,-1692.256368932125,15074.777091991804,1452.69,Nano,43857.78609978889
1184,59989.648346378846,22863.834690033753,3618.13,Micro,222096.59732961524
1185,15817.190911615438,14382.692306945526,4491.04,Nano,203884.22217662015
1186,14644.142626612469,8934.560023258164,5127.57,Nano,23738.68063689275
1187,24705.63231691857,12384.0912539541,3008.45,Macro,-5886.986906653139
1188,90046.28722672169,21821.482771219882,1952.5,Mega,209195.93125117128
1189,85370.97391143312,30713.059858882552,7488.03,Mega,299742.9536465723
1190,23964.007112782696,14906.948783391883,1240.4,Micro,113324.60667350245
1191,69287.43325134496,9978.728152030113,4823.87,Mega,217077.23767515577
1192,48825.50002065618,12907.685254868185,1595.73,Mega,91494.94756610136
1193,85869.64807472509,14505.837376683216,5286.1,Mega,187138.2320949459
1194,34551.72464924925,8402.851041663833,1453.64,Mega,129010.37499133019
1195,104377.48552296642,28164.762146145003,3600.53,Mega,371244.62255214166
1196,89752.17885674811,24903.554188523693,5371.99,Micro,249433.4632280448
1197,69236.02348752432,16597.574456684397,2756.14,Macro,293611.645419828
1198,35006.20975607538,5093.791196405868,1593.69,Macro,121414.33069472027
1199,33576.055377091354,4513.849088980171,3618.96,Mega,116199.64324875106
1200,40219.948199572216,22106.29351171461,3593.25,Nano,193774.09723617058
1201,92695.63865987456,24511.241276108944,4050.4,Macro,315516.10279888223
1202,42410.839112374066,10808.807348320413,646.9,Nano,100277.54759358076
1203,27114.904830752756,18669.717223644755,3662.35,Mega,211639.38521404352
1204,64611.49285848213,17813.7337111047,3746.01,Mega,255998.69833593754
1205,13660.210569046922,22139.02229578464,3802.23,Nano,156349.85339413147
1206,86528.38385029415,14458.038874347514,2125.62,Mega,338400.03255145386
1207,17331.75686974557,7579.490132742722,5056.45,Mega,110055.34207049682
1208,92924.83628211937,30623.26997606726,5944.54,Micro,272148.412047621
1209,112431.0122391166,38228.76600097533,10420.85,Mega,406491.6365502968
1210,102639.49795298999,23481.590632506293,2466.93,Nano,321413.5318031254
1211,7975.758936013116,5858.212043424464,2435.48,Mega,24988.343518421836
1212,29422.598179016473,13729.615555609931,975.86,Micro,148471.46377494518
1213,26197.295601076505,8589.737975011461,3183.2,Micro,123829.6862091029
1214,117113.9974531578,36008.03512867335,3918.18,Mega,340207.9847457652
1215,15844.00255899073,25928.152365043952,2302.99,Mega,116431.33723565744
1216,36761.867945957616,30102.433922374938,3314.48,Mega,232468.72070533715
1217,63767.64483518123,8898.014664258986,1755.86,Mega,238672.79533325712
1218,34613.03204096824,14591.139490192185,6033.39,Nano,116382.78447956452
1219,29858.600097890467,22417.643794134598,4621.47,Micro,78606.38158738709
1220,38045.99079300876,-1946.1280434973232,3007.19,Micro,34260.248517628475
1221,95756.7809685448,32645.267670119698,4802.68,Mega,346890.7998933471
1222,46212.269512623396,15278.326074692468,2374.45,Nano,161140.7120722428
1223,81347.39661744589,17473.39480590046,3183.22,Mega,136545.06639243063
1224,24530.751854465132,20326.82495144666,2893.22,Nano,117042.65343145576
1225,46140.379472940134,19067.4435380633,1857.78,Macro,152056.8429299157
1226,102441.7270633402,34807.21643856733,6041.62,Macro,404117.04235085496
1227,16716.081894250055,5305.239354455613,3241.75,Macro,70800.82553274134
1228,41394.78562530442,24111.66312654786,7122.48,Nano,200625.0175736676
1229,23487.799354254377,20433.89109719522,2260.93,Nano,82884.27965430339
1230,60143.41806289206,7166.545296045987,3863.59,Mega,145580.8529933362
1231,11759.966944482829,-2029.5549108160367,584.8,Micro,59750.69564072936
1232,39058.7647801877,12509.408903388381,851.56,Macro,146902.86745751457
1233,86553.69220857858,20865.56200041298,3450.91,Macro,233990.69471217878
1234,11669.031376500718,11015.505682850706,5391.6,Macro,159257.43540363543
1235,66656.94436567837,25881.199443664966,5046.78,Macro,295674.57927967724
1236,-733.1287731895609,9295.864209295032,3017.01,Nano,80669.00052345298
1237,62438.1908231362,30126.241607925513,3295.65,Nano,304280.2678491285
1238,10141.64689981961,15420.499626954637,3212.55,Macro,170576.30286683512
1239,83888.50030696939,29172.16551787647,3950.37,Macro,329986.8468965354
1240,36663.91672792352,29606.47283045487,3306.95,Micro,241934.9544296655
1241,41993.22351004598,20999.228453409516,2309.44,Mega,275680.53678595944
1242,93433.07794862549,40379.68463180677,5238.63,Nano,309551.5783646334
1243,96356.61235858931,40491.76021155922,7955.18,Macro,321444.4962954163
1244,41963.88463135035,31693.358233295003,5257.85,Micro,178048.55020617353
1245,50990.98202457585,18654.812846118417,4136.1,Macro,134665.24853647352
1246,91017.34086242502,20413.892630168,3351.42,Micro,297882.77555764775
1247,73805.89250821753,25968.678309438917,6731.95,Mega,384237.19625713205
1249,45032.25797696288,19823.131779751162,7209.66,Mega,184729.61182492445
1250,50236.36974138392,22690.935740630815,7016.31,Nano,191969.5926298892
1251,33170.37257991927,5521.279398058608,742.4,Nano,80417.4528863322
1252,87605.20300245064,21511.964544365597,4241.66,Macro,157594.12120017488
1253,66212.63263172112,22743.14754176246,3804.18,Micro,165146.54629235747
1254,81482.98401534848,12944.57619211675,1659.74,Micro,192736.27242714894
1255,34793.04596801009,-366.8906649615428,875.16,Mega,162328.5045223892
1256,61520.27972228238,7847.156390494169,3642.78,Micro,204507.3836178731
1257,19905.701964144435,9577.704486893039,246.28,Macro,188422.56942631325
1258,44702.36732171233,17628.47694166707,2890.44,Micro,51198.688443670384
1259,48406.23720671818,18415.187620107194,2688.17,Nano,41605.76649141292
1260,103107.47228671945,24893.58556593093,550.21,Macro,344871.93938641547
1261,86460.70268915547,25617.250583264795,5372.98,Macro,149262.06973201674
1262,46470.1285731561,4869.155852590116,3068.65,Micro,87008.7801143035
1263,97911.47356789443,33214.11584556234,7241.43,Macro,238434.085085065
1264,11215.675793783961,1377.6868036121998,753.24,Mega,17088.7359717935
1265,109852.23599256983,23784.481245409348,1032.77,Nano,350684.39348610915
1266,30285.54993020045,2019.530500458166,1505.06,Micro,24659.52685808031
1267,103094.94486964478,30804.108601746655,5820.74,Micro,308885.0405260686
1268,70765.67422375466,28239.989371138807,3111.01,Micro,299229.1434124577
1269,20504.84414681165,5025.475535697833,56.05,Macro,134270.10496727866
1270,19155.411776404708,8472.930136770476,1406.56,Micro,72274.06622032492
1271,54462.73610817097,14356.771544466348,2469.89,Mega,237367.85524449637
1272,11614.716239134921,-408.91885776947254,409.36,Nano,55654.968016481296
1273,81578.5273683451,25070.939431864852,5388.4,Micro,204790.39148382208
1274,10579.51048505562,18591.296185200015,3584.62,Nano,32382.861145288218
1275,88920.30144112559,25633.732758301358,3607.06,Mega,194782.1553790516
1276,16171.15878308198,10761.608827325734,2690.66,Macro,124943.36612890096
1277,58699.37658150824,11650.22600410382,1638.3,Macro,152580.33147454658
1278,71368.36948427475,23202.651739174828,6081.97,Mega,225751.2864319207
1279,35909.080825057594,28016.422346589246,6002.45,Nano,266155.0332830144
1280,38868.02668003161,251.09049836811664,1846.25,Macro,120117.54167311532
1281,43301.470939523126,10266.219502115324,742.94,Mega,97852.70698104257
1282,76001.8502317378,43287.28255776961,7889.35,Micro,318166.5757245711
1283,57968.19465933268,15183.609523081266,1135.95,Micro,208030.22567294905
1284,47862.613989448066,16918.524656689024,1569.72,Macro,203565.42416775442
1285,36461.364287149714,14437.030085937353,2142.0,Mega,69016.3011260897
1286,30534.515557940955,5404.313912514756,3232.47,Nano,218886.68501721928
1287,52456.49494117489,17872.74719843285,1373.29,Micro,159509.39047795022
1288,55720.37159274447,25946.415425393487,3380.97,Mega,214807.3842239004
1289,22712.166478312014,12460.3874665979,760.33,Macro,174016.9254382688
1290,-11959.912198301754,19533.896574286267,144.12,Mega,34051.14751533182
1291,74549.66979807672,12002.534941714064,4040.01,Mega,116608.20944541393
1292,80362.8711749293,22395.093193463203,171.15,Nano,271855.367912619
1293,100402.09874821283,35145.34150870134,6500.13,Macro,339393.4964724131
1294,-4743.2600911339,11472.680653221876,1307.75,Micro,63717.03173526625
1295,45155.25965673324,3962.548219471669,5557.08,Nano,64994.02379686173
1296,77973.929898034,16995.42970252752,4326.34,Macro,235533.46765774686
1297,104092.740989339,37345.16983166345,5408.0,Macro,372075.42946612847
1298,72112.25944024096,28570.761475490868,2832.26,Nano,175611.13879501997
1299,82821.16101087802,40291.768875967755,5062.06,Micro,311897.840256018
1300,32220.5223854031,5013.847963377342,3540.82,Micro,56625.454629828266
1301,23362.557651670526,5549.28324207092,3368.53,Mega,111447.57265113154
1302,1718.1291355779686,9973.628957867286,1051.24,Micro,88430.99201104994
1303,79680.40021563432,39252.5085390632,6982.95,Micro,352046.369401412
1304,37936.9462513498,11889.09144592265,2619.11,Macro,126482.14795492809
1305,-25620.630041357286,13752.688253994656,4828.72,Mega,122979.3456261685
1306,86936.05705608653,42801.81035929718,4316.6,Macro,345415.2727796462
1307,88476.94787615522,29144.91375699695,5585.1,Macro,388175.5358238832
1308,18861.109711910853,19342.418646562623,4547.85,Micro,83971.36107191691
1309,56273.36811988351,15541.249215730028,6545.39,Micro,136386.34977953776
1310,65164.55981754244,23217.353853697587,2197.68,Macro,235928.5102095661
1311,56399.21880155188,12375.177457197351,3006.7,Micro,178433.930414699
1312,58288.20965172473,8624.584288624063,1992.38,Mega,101702.93669969183
1313,86563.99611542349,34917.876738049876,7194.4,Macro,307334.2022048574
1314,36418.63464061373,10600.998975453878,1834.64,Micro,58407.681815328426
1315,96254.44515251915,29527.87859349918,9316.56,Nano,380009.97680463135
1316,91997.0341514498,32995.49573363573,2332.44,Macro,294713.51999339263
1317,19710.100486765223,7744.375820686643,4838.87,Nano,74141.37457859408
1319,54655.778459576635,15685.195260979483,3800.92,Nano,236977.42488232852
1320,17716.328064927773,13131.096508188024,1012.18,Nano,116279.9434985227
1321,68621.07947643564,18493.895980113528,114.19,Macro,228751.62172140446
1323,54340.647114931875,18366.83350889038,1497.13,Macro,127867.0243689792
1324,118011.81876564262,37830.51684849402,5114.3,Macro,304986.9371074807
1325,-18724.752147941188,-2391.1955916627053,765.88,Micro,107807.30923178639
1326,56708.497283119286,26324.27284350375,4291.87,Micro,194017.74130564783
1327,18002.91188580745,16472.529255953752,2370.88,Macro,64459.3553944832
1328,84265.98615491895,21594.055674881227,4940.35,Micro,173220.65118860206
1329,-17526.225370259737,12618.629527340305,260.75,Mega,17261.100687754544
1330,28856.98337331057,7801.460808607774,1051.65,Micro,72161.66582000784
1331,23892.612548700297,5569.84492583762,427.11,Nano,142794.4152868206
1332,69598.74636011277,18833.49904501326,747.9,Macro,250711.02668806099
1333,73280.23624248727,18686.866747911405,5264.91,Micro,84102.73785957554
1334,31570.46995500313,7893.738779480109,3947.5,Mega,186032.89192120597
1335,6480.559385957514,18833.326421512793,342.02,Micro,65766.05286345625
1336,35091.349533421904,8531.93429928224,2216.6,Mega,100579.41928485055
1337,92521.76911091262,40429.10729216967,9883.18,Mega,358113.2195608474
1338,35137.68552568341,5050.190194716513,2024.29,Micro,161298.35623409422
1339,27294.860853922266,4332.089548108459,55.43,Nano,10702.563034186489
1340,13297.45875486172,4322.884058118339,2478.69,Micro,74092.77837015892
1341,71929.93596277048,20493.130112150917,5579.52,Nano,289596.8929241125
1342,72439.19475700878,26013.82231943415,3097.76,Micro,180743.7883186902
1343,95963.06966141045,29443.229050460177,2303.33,Micro,313920.6386175601
1344,45893.60918638593,29741.53322095561,2305.72,Micro,157317.97302179196
1345,-2028.116922579461,6066.524805542268,1008.13,Micro,-20353.718263317547
1346,52378.12550324708,22267.906701197746,5001.96,Mega,221987.1827044806
1347,66924.98707619082,30073.958681251064,5780.04,Micro,308082.7164552896
1348,86893.47373742744,20534.559718406534,3081.28,Macro,302550.8060939722
1349,97601.7591624371,31788.925974598515,3488.54,Macro,365370.1381027253
1350,61136.835948053,12987.015915373713,1348.3,Mega,142774.5561169043
1351,69360.66331471295,24254.00120304183,2458.07,Micro,181299.55389607648
1352,111498.89710593961,31934.369604842457,3848.93,Micro,299559.7890661842
1353,70046.98105839654,20452.72101969613,4512.39,Mega,269965.02529565577
1354,106087.76984660162,38010.98447571952,7630.97,Nano,370104.1228107737
1355,79884.14530156217,17842.649939460956,3407.46,Macro,246133.76355201053
1356,21144.567507525084,11626.358966603231,2389.34,Mega,109455.82683478238
1357,94292.19418407932,29670.26183132829,3575.56,Micro,331161.72828922834
1358,35497.41452035943,19711.16714215002,1344.45,Micro,233761.20874911308
1359,42071.28906309452,22528.507458292886,4116.82,Nano,169892.51919077509
1360,57288.94497740596,21577.627383645253,2663.3,Micro,148260.89747127015
1361,22516.43852352908,15689.482743968005,3793.81,Mega,159088.7035176264
1362,-8430.387246315486,9064.03088305032,1669.25,Micro,62440.54648849052
1363,17369.660847757852,8129.176456481882,1483.99,Macro,68457.37557725345
1364,50587.93340495901,5414.9298802475405,845.06,Nano,201428.16547237383
1365,17718.26769801565,2973.6932521396902,1081.62,Nano,128390.72696122363
1366,101543.17671258522,18169.052402307185,690.47,Mega,269694.95682271407
1367,30246.815423287313,10364.1252343905,423.79,Mega,122859.95449488044
1368,104919.03274069334,33653.25942608799,1939.97,Macro,305759.1951288635
1369,17464.14108120484,7004.075969795606,2058.52,Micro,17817.41510167563
1370,65833.84979104751,19244.886050525223,4820.07,Macro,169466.06257146885
1371,16235.57593279376,4909.654646440139,1785.03,Micro,182245.58754398348
1372,32103.909781399147,18310.83490319448,5060.16,Macro,178276.6867124174
1373,49355.44992824865,11964.26228446807,2310.88,Micro,119796.50763026539
1374,68840.07934534646,20797.948250313406,3213.25,Nano,268141.22010601906
1375,60785.07849222339,24865.104218247707,2607.54,Micro,284521.534912126
1376,60739.152244969744,22134.703177712185,6234.79,Mega,203606.60044908337
1377,57302.73052605105,20627.037284081624,5478.96,Nano,240819.580456348
1378,82958.37445247303,25078.783762496863,5703.03,Macro,160719.2256104099
1379,76115.8660947459,24477.2095293328,6217.75,Micro,287655.53734969074
1380,104738.60495951233,32541.938615493687,4184.2,Micro,257294.75489959202
1381,60298.704519456114,21332.520570417353,3431.36,Mega,153924.95214615407
1382,99581.02267278438,37348.50495378628,5773.97,Mega,409130.8720572082
1383,74317.02090658835,34281.339320413426,3203.46,Micro,205144.11948003218
1384,22028.355955295803,5169.440592803836,1340.01,Micro,33243.74063313914
1385,45062.80459587292,18576.09639417239,1918.56,Macro,261848.747695203
1386,81762.66214836267,29337.751351920346,11260.43,Macro,243979.1381482549
1387,33172.27712045635,12991.857775986096,1356.01,Micro,192102.82074120853
1388,60375.965469151466,36108.61901528298,5091.72,Macro,348740.3083341955
1389,76521.1026111483,33740.93414491728,6334.77,Mega,385843.3853938859
1390,84333.66247349778,14755.770177406963,1912.71,Nano,187851.98834088567
1391,88741.56914569045,10447.8088176179,3134.43,Macro,230504.3499351796
1392,56002.305405605126,21961.183660493094,2732.13,Mega,216857.94122870173
1393,20417.18353046839,15814.335998206498,104.24,Micro,86044.07669370595
1394,57896.95672360512,25861.10280768444,4009.27,Nano,281220.4703608655
1395,28722.007227232767,5785.190735644265,2409.35,Macro,131514.86763734327
1396,26621.894742158653,-16299.90341067962,1093.83,Nano,53277.53204948832
1397,87920.38014579855,19275.78803942862,1682.34,Macro,227222.2975867384
1398,71684.7112195064,13034.76461356901,3969.57,Micro,169645.1065372558
1399,34487.058465677874,7720.904561104035,147.17,Nano,97868.5711054474
1400,29531.670861879767,26944.474170801874,742.52,Nano,150804.51787022062
1401,98942.26905527606,33848.820455130495,7638.07,Macro,347683.2586776346
1402,52956.63139209928,27720.677726567763,6146.14,Micro,233456.0370588041
1403,59546.22769930162,21355.31128598213,2810.21,Mega,223297.82040783114
1404,29185.224573898053,11370.208259121497,1257.29,Mega,213558.0415411441
1405,93543.3297386638,17328.773721779413,2217.79,Nano,318166.69059576956
1406,51916.18345330198,18503.08095327294,3249.83,Nano,297831.2467433796
1407,-7171.190561499578,18593.885707247748,288.51,Mega,51868.42716267634
1408,39584.77027505409,20402.27698625775,3953.57,Nano,185711.77588735332
1409,69556.40476735495,5590.904514417101,1329.46,Macro,249650.2336224507
1410,81811.98120388246,26288.42138900361,6883.56,Nano,362602.09316256084
1411,63546.29218921481,28809.884395061028,4101.0,Macro,243577.15668384588
1412,13031.39126406773,14738.60511176363,3049.29,Micro,138185.11465316633
1413,38370.71325742727,12795.50717344796,3206.33,Nano,145989.46527581936
1414,63280.09171420349,36244.28706710064,6299.89,Nano,242885.77210953244
1415,19643.96057807957,21887.924540004875,629.93,Micro,160621.99826886834
1416,119666.29585225336,43223.57581795722,3593.9,Mega,392055.209124192
1417,14939.920928698615,18201.148372618125,4283.92,Mega,155472.38519499934
1418,77771.80055511689,14537.950666217119,76.06,Macro,178584.015956356
1419,68356.85859467412,37313.51753123782,1976.05,Nano,222757.7327729171
1420,109645.37730824525,32775.820973689675,3207.63,Micro,335720.4186382779
1421,83542.43492000019,22714.780175927935,2874.4,Nano,298633.8233862932
1422,53363.33918103596,9383.75984968834,4181.49,Mega,195362.61986236516
1423,62363.23516663731,12997.590359670427,3625.66,Micro,223548.1710810824
1424,47681.127379486425,18769.468746670143,1250.24,Mega,177846.49422629504
1425,56761.1180923714,20915.44295348431,3951.21,Mega,217056.49854802046
1426,19627.86252706572,8028.002098672344,2248.7,Mega,78952.92249997784
1427,55495.13969234366,14857.017651675802,2491.41,Mega,235625.72692161848
1428,12649.708954937647,13857.291678650561,776.76,Macro,55480.10189197227
1429,42089.73838994134,17124.92579398112,3906.48,Nano,259270.37062068388
1430,69434.44213645182,27180.048513854275,5084.56,Mega,240835.41780791903
1431,47872.799343623075,19706.320325902267,6875.92,Nano,293531.2316876986
1432,90809.99565204297,34881.04462067653,2621.42,Nano,321682.38978184114
1433,90856.30685554112,38072.487108312904,5942.15,Nano,341290.8536217224
1434,34153.62939058224,19217.949400134527,2138.83,Mega,182303.40507402297
1435,79960.45266418983,26210.39990567593,3027.27,Macro,323559.1419466546
1436,94972.6425058457,28610.141994868227,5332.79,Mega,383813.18211479526
1437,72328.47733739058,34011.92877797675,4332.06,Micro,294661.33143714524
1438,29717.26825482746,14742.993286910882,1609.82,Nano,23471.566864986955
1439,65381.75617132941,26660.340714734863,4499.5,Micro,250810.263397841
1440,95553.01929698868,31811.760641736902,3433.26,Nano,263842.3994480561
1441,9880.451194644666,3662.1309718665507,2557.92,Mega,91013.25781532102
1442,77066.93611620583,28431.53466238967,10243.73,Mega,280866.5070094115
1443,23882.104789444453,13042.28841836962,5103.53,Nano,1685.3908826899642
1444,31498.09676814463,10626.372967720165,1031.61,Nano,38988.02371424717
1445,106146.40643747193,35367.15155832883,6530.42,Macro,362803.25715149316
1446,74295.61032594889,22606.55021448202,4519.11,Micro,234012.26160665645
1447,86668.37455879539,36543.22470919275,3497.7,Nano,288280.3779220251
1448,67209.24670587917,25607.64327278249,5899.74,Nano,204205.38528588324
1449,48850.807479693925,11568.81441421167,4143.64,Macro,-24983.23447137751
1450,23445.4819053131,22122.720432640897,3588.29,Nano,19025.926812107224
1451,1391.192774734548,14521.985446566312,3802.58,Macro,20327.19748126898
1452,17186.903715177774,26416.824913673103,3928.35,Nano,170045.787287447
1453,94888.51439491405,30583.668584223953,5546.78,Micro,311247.160661374
1454,47421.07883225914,18002.561243946267,3449.24,Micro,211391.9905401795
1455,12147.427851314256,3468.003490304436,2573.89,Micro,10314.983555829953
1456,42033.75421417247,22431.18732045595,1461.14,Macro,184884.82026059565
1457,37112.91043955803,7736.82726863929,1381.99,Macro,120585.49998732253
1458,74645.52587117522,21333.848306189655,5846.6,Mega,278518.23611642525
1459,9702.559089555272,11251.363867881602,1908.13,Nano,54740.94868422903
1460,60267.355629664366,29438.107586425613,7150.09,Nano,287649.9186415314
1461,76942.18990152261,15849.768963562841,4741.69,Macro,185156.06153499117
1462,3747.6994232967845,-291.4752718588252,1729.92,Nano,169185.73623248865
1463,39566.420370771644,25619.178016332873,4686.64,Macro,112538.7047521664
1464,46049.37820693121,23995.29219911052,3598.79,Mega,132012.60715028897
1465,52898.531276772585,19594.405328653305,1145.52,Micro,194142.82500191004
1466,41972.16138315122,16913.776777056653,1258.52,Nano,122443.98286553654
1467,81269.26329189712,29812.90943563955,6639.29,Micro,327409.200754552
1468,101634.8874611979,28611.833450617247,4088.16,Nano,375873.17983261833
1469,50316.45168588383,2860.6198334937385,2762.13,Nano,170726.88342120423
1470,45970.161701943296,15221.36795417951,1161.45,Macro,155119.82573928148
1471,4407.480432383389,8952.481153107667,369.97,Mega,109433.88805431519
1472,63956.195513835344,20157.369160095182,3396.34,Macro,122679.09652787367
1473,85283.5172751149,27578.673811691104,4327.26,Nano,328658.26805573644
1474,65681.89668451756,21562.530003420557,3688.21,Nano,394447.02111676754
1475,89510.14582944976,38916.37955785801,5430.99,Micro,331024.5612931055
1476,-15403.815383529658,11916.547252645087,2156.24,Macro,24513.18723911507
1477,63635.8043805419,18144.689565172168,843.24,Macro,104335.24552459116
1478,64699.368426158624,18725.62278449502,3886.57,Micro,274613.0926725081
1479,78116.79678855743,19415.143473285738,3079.47,Nano,228213.94324282315
1480,43707.378770547024,3326.6620907789907,646.1,Nano,219946.11845326412
1481,78170.0130206245,462.8761124458506,32.59,Nano,87673.93388742341
1482,102565.87860657088,17774.93361936789,4007.21,Mega,250231.66010463235
1484,71061.00944539311,22707.444395527695,4286.28,Micro,271531.1153753729
1485,39402.25625204068,15959.464454956615,3854.73,Mega,161739.91977493823
1486,51486.868369347576,34199.760608187506,5363.19,Nano,315282.259409265
1487,78869.69043389862,31658.133523214256,1791.24,Nano,255963.70976475283
1488,91149.41581426728,25829.87673162491,3500.55,Nano,347111.4940967699
1489,63695.06621647192,23008.701672577296,4409.94,Nano,77253.10105454484
1490,70257.27861093862,23358.93758585217,3996.89,Mega,252600.00030733307
1491,46590.28338968815,3284.9311327217792,825.31,Macro,101644.04762070798
1492,9228.475906158901,1879.2232956882226,998.48,Mega,50896.45073085184
1493,71467.66703599948,21786.199508042217,5556.1,Macro,204193.35883524598
1494,59209.87895872314,20776.274378276754,2348.79,Micro,249497.74298095802
1495,27541.21252410721,21492.31688757984,4616.53,Micro,76426.46948807883
1496,48774.98830897614,18863.795610659414,5648.0,Mega,173512.90386900652
1497,62365.67061005374,27086.786832238995,4741.1,Nano,175046.25403248964
1498,50583.74229118159,13692.67674964609,5942.78,Nano,139910.5415070839
1499,80645.92742192728,30442.719174894683,2172.38,Mega,353671.077229678
1500,98295.07190500128,31000.38881147936,4872.16,Mega,280959.5416192869
1501,-8542.702480330048,16973.90786075555,2216.93,Macro,59610.26596802175
1502,35145.17922538181,15868.43663536301,2016.1,Macro,140589.77167787333
1503,66029.84058181869,27818.386008685906,5173.77,Micro,218834.64103546276
1504,64481.96011083099,19682.603597832913,2900.03,Mega,214727.80324698088
1506,18207.19564635524,6526.183176290891,1365.03,Mega,179889.87473612002
1507,108525.95968602467,32293.03703336204,4606.43,Mega,332689.16922243615
1508,49126.31402530366,29535.578107267353,2625.73,Micro,251992.33589389888
1509,19667.468436910694,2433.9573739741095,486.13,Macro,79035.43783203077
1510,95869.10413189937,30585.866787839863,5834.04,Mega,361145.9452880626
1511,50260.98971220941,15543.755635629343,4009.6,Macro,199078.6490281961
1512,84131.48457602586,20662.165021230416,3158.67,Macro,251426.78080066753
1513,87732.54299850573,30722.712535159706,3891.73,Micro,352019.7401045092
1514,25117.983444280682,7688.483577267439,1551.58,Micro,187494.9043972781
1515,29477.879025576047,6226.84048808657,4173.0,Macro,115773.7199990733
1516,71282.064566693,26513.95134353235,5222.38,Macro,229959.10109770726
1517,50553.77580313985,30728.309947305544,7389.87,Micro,246426.60657673818
1518,97117.66155961907,31999.359935625318,5331.9,Macro,335576.31104873045
1519,30421.244863907526,14789.44627631991,3138.41,Macro,31115.38790700925
1520,41014.60583614776,4460.0334808213065,2075.97,Micro,116774.16953853195
1521,66179.67871862842,6838.97899417223,2254.83,Nano,155703.211086598
1522,85858.6100517774,21395.370108692652,4321.57,Nano,262746.13141648134
1523,71163.46003567943,16451.453372149903,3404.12,Macro,267560.9625283101
1524,24540.66639437995,9686.236798181657,67.32,Mega,118597.54587114014
1525,106473.19309549475,17965.815828071987,5289.22,Micro,205062.5782027364
1526,69331.34908855788,17607.54987233111,2322.28,Mega,158047.948693268
1527,85307.99276004639,35531.49619249654,5583.02,Micro,191473.77457546451
1528,17156.737908981464,-2973.169602299993,2852.4,Macro,126280.34300349641
1529,48303.12103951391,19637.764939513843,928.13,Macro,210216.26131808592
1530,99510.24744950805,18331.571177134156,895.65,Nano,329119.8761011608
1531,66115.1771171211,26853.91772849266,4280.69,Micro,248361.63656891824
1532,92846.50863853972,20214.724233416928,2169.13,Nano,170197.00474249627
1533,66875.01216023942,8473.578724326238,3905.08,Nano,303262.5185161968
1534,95860.36142208778,30037.14783128649,5313.5,Mega,313275.9016153895
1535,76021.42954617794,24589.516250521832,6136.7,Macro,202188.30374052736
1537,73180.38981573471,22446.924165022054,4273.92,Mega,233562.8799082348
1538,60728.71150381201,16281.191415798226,2393.6,Micro,35972.89960596263
1539,87370.52218242653,27821.418090112955,6396.46,Mega,298581.583802032
1540,81854.6947544863,18990.70822253879,5848.91,Micro,201900.1482291471
1541,75730.09091462489,11006.157470737271,1874.67,Mega,279833.7999291136
1542,77565.94860641919,34871.68460923932,4952.88,Nano,303736.70176842605
1543,68020.41261370904,27499.133760403784,3915.79,Macro,341364.8777945108
1544,34042.07344325371,8535.280767624485,2900.44,Mega,55101.0086573928
1545,37911.23468529742,9607.74270588749,3056.31,Macro,113973.68416153354
1546,91169.68959912502,31481.323915639834,1581.85,Macro,400315.2381794958
1547,21699.89337089049,2682.5944928755507,4207.68,Nano,108599.11141972087
1548,38907.95053001039,4529.348297852843,2547.68,Macro,51071.703490604756
1549,41037.16569830458,15506.582085990727,1043.34,Mega,8966.724744599604
1550,38285.29264531249,-1894.5131386456178,861.04,Macro,16045.61200225506
1551,94046.53047236726,24542.8221774907,3566.56,Micro,265942.7181891004
1552,22783.148641316133,8657.268760440562,3143.85,Micro,224671.74292925093
1553,25295.749957500233,6803.739438905876,1832.89,Nano,41642.62863512919
1554,36996.96900843755,5792.066071987205,126.47,Micro,39324.36269428902
1555,8050.981967383956,18010.841682712467,2668.72,Micro,180477.49119727025
1556,53180.64005060831,18689.132282595758,1168.4,Mega,175569.56342005797
1557,53554.33524275507,12060.548353750479,2793.35,Macro,187877.43465285318
1558,2032.0712048250243,6285.643847633328,1888.2,Nano,-25382.80102850312
1559,37268.105756120545,14659.36255912693,3670.68,Mega,229301.59102444653
1560,32798.486231705785,21444.62564944283,1748.79,Micro,112156.14426914258
1561,99391.99932564035,19872.32520377027,3571.58,Nano,265827.29664148996
1562,62320.851261730946,18086.24921098113,509.43,Macro,254525.2215027535
1563,34318.40290116219,4315.34610896234,1758.76,Nano,58069.00355806107
1564,50177.36232979375,24216.441748736415,2504.47,Nano,237416.8460147257
1565,-5803.427474727174,9514.115873120856,283.13,Mega,31861.841015503756
1566,74174.40998155913,23255.65942106888,1487.85,Nano,225571.65215989779
1567,7415.369325281357,7828.436980025151,4867.66,Micro,175606.4627869488
1568,60586.46269927971,18872.263910710426,283.37,Mega,231733.14641892276
1569,21216.931553774335,9458.078075602412,881.84,Macro,115809.59477296838
1570,108701.30307936289,36146.14460551709,4942.82,Macro,375856.7348353789
1571,66769.17308234863,18447.15535802782,1614.35,Macro,142221.82620967703
1572,33980.12534647933,12953.376243520383,56.34,Micro,96798.19158891626
1573,37281.74987800818,19798.90039999858,3892.13,Micro,148766.9046909493
1574,47059.04211288267,24660.99988040956,3273.59,Mega,161144.94520476728
1575,58809.88776900128,12866.080620097022,2457.4,Micro,160794.9946140987
1576,34672.98861344777,3852.6391751459378,224.9,Micro,65671.03393111475
1577,49307.23892912207,12466.157759853833,2671.23,Micro,171324.21046805842
1578,-14684.76988260159,21185.83429963961,6501.07,Micro,48557.89233720876
1579,46496.54356476612,20158.442665958937,6713.2,Macro,82137.10652824109
1580,68488.25672100151,22440.273705773092,3691.37,Nano,242600.75594056753
1581,83118.52196682221,26369.357866272403,3520.46,Mega,222931.14335630625
1582,52265.97009365533,13007.671383384451,4247.45,Macro,203515.89825005864
1583,44057.03348223855,6522.797127465727,818.14,Macro,114609.6748516347
1584,32683.78650973006,11954.56645755379,15.18,Macro,178777.07931555802
1585,53655.98522821774,11532.19439409101,5537.22,Nano,87546.36723770967
1586,93908.4595920977,36368.0586955219,5365.26,Macro,292001.01145240414
1587,114692.288088459,25635.34485196632,569.87,Nano,311659.500769068
1588,88513.97154728229,14815.669175371948,4996.98,Macro,251435.74834381207
1589,85812.41456979475,28933.15864317488,4967.05,Micro,323182.2787908622
1590,28323.840516804736,18113.036691968002,910.27,Macro,71136.9996331132
1591,35963.18395490538,10800.922537793673,2240.24,Mega,173906.4968957062
1592,48516.11760035532,20802.064448789853,2785.14,Macro,192255.3201903704
1593,111155.54637597005,38594.96086441289,6750.89,Mega,386588.9026559783
1594,13066.302430354453,6482.447144620547,209.63,Macro,92407.33788064207
1595,-5060.000490701965,1096.2649762101541,1714.05,Micro,142865.9949695239
1596,84296.55143245128,19620.553184694116,6469.14,Mega,251774.58943565562
1597,45566.737433902694,15811.604982837063,4166.43,Nano,213497.4130740561
1598,31925.546298091027,12774.822209373833,784.94,Mega,159091.06823683443
1599,67877.54981982606,22399.91039987283,3462.78,Mega,333709.8522804042
1600,36621.555422822334,17312.8439184511,4325.96,Macro,155586.74980544223
1601,49817.00838596624,15431.745279778876,141.23,Micro,116034.86151189561
1602,38149.31633476348,9054.27945303863,1726.21,Micro,60934.22286388712
1603,39944.63490117531,14785.955972122561,671.22,Nano,157175.46918420808
1604,78251.85801925743,40900.87429421244,7394.59,Micro,217343.75923178994
1605,17799.713986653005,14354.716411743299,3449.97,Micro,112869.16450233957
1606,31997.408185769782,5607.480271385659,476.6,Mega,36459.95169838996
1607,119890.19076996094,39337.92954751798,4432.04,Macro,347274.0667300154
1608,36858.076498956216,18874.788562922193,489.08,Nano,221228.3352793152
1609,92561.98445485935,28562.91262283782,6874.9,Micro,318747.18436910765
1610,80943.1466874245,28294.758257966485,3363.13,Mega,336367.2866081202
1611,66330.40847278788,8689.206583943618,175.41,Nano,167304.81851126056
1612,44842.417591631034,19931.982528336423,2421.05,Micro,-15227.939827361966
1613,93016.93903044051,29676.14081547744,4954.59,Macro,233989.80625571302
1614,37165.61280103265,10254.178676544563,4127.05,Macro,120677.29604732539
1615,16216.835733778495,-265.3592721451705,4226.55,Mega,117900.95198578434
1616,36910.49751079208,23626.60952618396,2507.6,Micro,152183.4698509444
1618,83984.56799736315,21692.11232357094,1464.67,Macro,282556.5811333628
1619,22438.952921533648,10838.375716416174,4178.69,Nano,103446.16304216685
1620,72719.39634826659,13170.020446193743,563.44,Mega,200755.79450743736
1621,15150.282244244321,5142.794943728921,881.17,Nano,7249.525894025144
1622,16806.532324243875,9635.881803489629,1637.09,Nano,110178.6777870199
1623,93021.784619229,32750.024141236736,2847.94,Nano,264595.5788053423
1624,20902.648130792262,5422.7688568729445,316.36,Nano,107315.48881600387
1625,51493.068533577905,22167.270299741656,1831.14,Micro,245685.85509936427
1626,-3346.982766701847,16404.36011787715,4085.72,Mega,115648.81271265699
1627,-6577.14776657147,9026.456679518484,4637.68,Nano,-119595.06711711703
1628,85898.15059276155,47695.140069554735,3490.64,Micro,308350.2022769008
1629,88087.05356652793,19182.600458305682,4596.95,Micro,142689.67050032667
1630,101063.59118047092,23976.576436853735,2967.4,Micro,286880.9203217798
1631,23038.26097725911,8329.894572327761,471.87,Micro,83950.02969499647
1632,51626.829777269864,17923.306411968468,1464.24,Macro,214600.92923180774
1633,24799.54420858431,17219.109683384202,2424.12,Mega,82224.6668941771
1634,74468.58370334365,20286.426538240376,185.14,Micro,246536.28113837994
1635,101483.30301290243,44026.534512764396,6737.93,Macro,357375.8805815886
1636,-6392.494926092728,9447.330744950359,1380.87,Mega,146855.19453729634
1637,101650.81252592691,30831.71506975353,4849.64,Nano,374206.93342830555
1638,58376.98002804548,14358.76527192874,3345.83,Mega,206911.74668763808
1639,66590.12498837653,28962.970820750485,441.11,Mega,317375.4262759944
1640,65985.839863805,20169.89126377465,3579.89,Micro,255361.30178029134
1641,75177.26808935356,24465.203035939754,1777.65,Nano,263015.9282619689
1642,83580.7463022294,22026.106284609607,2097.02,Nano,226804.84447113704
1643,75352.19337179259,13060.663729270724,5397.88,Mega,217535.7542497072
1644,117472.84033454568,21544.082419024704,2375.62,Micro,311463.24233903503
1645,87273.67782986385,33661.9516919881,7786.33,Micro,280171.02700020815
1646,69324.19204621523,16480.173657270643,733.18,Mega,213798.11064480842
1647,65561.40223385279,21070.7466990074,3698.54,Micro,313499.1569016398
1648,81427.59856880727,17193.825669609578,3796.99,Nano,406211.5813921069
1649,24916.07660112942,15968.413250193651,1667.91,Macro,95655.52092296965
1650,58667.375756466805,10047.806059213837,3835.01,Micro,144691.00224095676
1651,24339.86617766812,26198.605509852183,5258.96,Macro,96732.1916063713
1652,100073.74293407543,29482.242454703937,3953.01,Macro,346256.0182949724
1653,81151.42564545164,27297.369005956138,7882.76,Nano,302639.0763540887
1654,31622.135334330134,22425.51358830021,3976.83,Micro,179076.57772122655
1655,63789.75406661082,10345.308829795646,2722.71,Micro,271769.8282103042
1656,54443.32485582324,32835.04461397481,6307.49,Nano,292281.86203249235
1657,134347.73492425517,32302.908741506508,4297.27,Mega,384602.06605701236
1658,18080.549753753698,11980.943126996151,5166.03,Nano,92957.80552518833
1659,29611.352680276716,30368.67113537738,2821.39,Nano,148160.90176574857
1660,18778.17872811058,11045.614158749117,1711.64,Mega,123302.79382177278
1661,35126.5050467083,11068.051120270185,56.52,Nano,147564.32776516312
1662,10990.943573054697,15102.31755273235,222.56,Macro,138381.1900304068
1663,34804.216517495486,29853.96274415024,6362.99,Nano,126864.8664165868
1664,77285.86361195051,38470.13378376196,5700.07,Micro,387023.0226058972
1665,20785.257154202267,4636.080170779147,419.26,Nano,134811.82533364333
1666,31155.512392355846,10077.549705135587,1906.42,Mega,145539.12020224024
1667,66464.57180198895,29672.990090790543,7566.09,Macro,239150.78402491362
1668,58581.41411075226,12294.220980969898,4300.45,Mega,65953.09482427471
1669,54914.05497839482,22134.5969725482,1164.41,Nano,167344.17968854122
1670,-3656.439623177782,140.93808260247306,1150.82,Macro,82714.6113213166
1671,85978.25564107165,25218.032781567425,3527.46,Mega,301665.79227794847
1672,112721.3245121995,7138.025191832766,4950.84,Nano,364332.01710679336
1673,47896.61081705756,15026.395401124795,1932.4,Nano,165029.86266622902
1674,8438.550035459193,10747.300821554774,613.99,Macro,32267.66231888828
1675,46075.6886198355,9284.06662258191,2211.28,Micro,127526.20305300535
1676,100505.46603613508,29759.20027356892,1325.99,Micro,315834.81319629174
1677,18909.127602110784,18540.370324376763,6259.99,Macro,21908.44724777683
1678,72487.71384076413,17781.67493459012,2823.4,Macro,230648.24701209733
1679,88910.07913455172,32294.948800534967,2762.63,Macro,328010.6901946609
1680,61070.47916190646,19115.323020152184,4419.48,Mega,253330.51342274284
1681,-7786.698216326848,12026.404503491442,1856.52,Nano,198060.55546125147
1682,21744.553660782967,10787.080097227652,2088.64,Nano,126754.46748737353
1683,24188.691062525657,4583.446851560991,2182.92,Mega,116868.66262783135
1684,72025.90425101444,23351.505059407253,7445.37,Macro,311031.23025675904
1685,43427.6436540882,11552.207086369861,4223.89,Nano,145766.93252586992
1686,116626.40661962103,38565.658958545835,5531.73,Micro,286808.9242648525
1687,24437.44113594527,-6106.362734619716,1791.09,Micro,122578.29472085729
1688,68942.84375903234,34113.69460715714,5451.93,Mega,347851.48580280185
1689,41754.33883163586,20307.872058412046,3911.59,Mega,242667.91092067288
1690,48000.63346449146,24361.031004123128,274.85,Micro,271039.3542586488
1691,115149.865544386,29843.342604775768,2054.14,Mega,350165.1243893694
1692,27217.811054118232,3207.862665834857,817.35,Micro,5890.591145613122
1693,73780.37345930697,32187.991806907427,2390.36,Mega,271422.78069963714
1694,65159.02468494005,12014.456151959852,1307.51,Micro,226039.67739727732
1695,47365.76163045471,19128.12995255078,3567.09,Micro,136600.3396060543
1696,58390.543428254736,20609.872258312527,2519.34,Nano,216482.00226491957
1697,26878.89656351118,13388.927903728365,2761.08,Nano,206181.82203861995
1698,63326.82340677469,35018.764910813574,7517.23,Mega,310102.12938322825
1699,104574.71495409322,26920.597221605283,558.26,Mega,318796.37370644195
1700,32782.12811126406,17702.56330100754,1018.86,Macro,204686.2582252876
1701,42771.45067934895,20173.18908991566,570.01,Mega,218793.56955281727
1702,78833.87823769829,26801.28754957304,5748.86,Micro,290829.48967066227
1703,66730.52207485998,30397.262977151382,5296.02,Macro,137911.93705208748
1704,85252.80799332916,29770.102789529865,6592.4,Macro,390290.5144250856
1705,7398.409397694657,8195.682392558725,1864.73,Macro,119249.86865353299
1706,98692.6215944962,20013.426209944002,3853.4,Macro,291199.3607007582
1707,21869.03342808073,7379.914986602212,2760.25,Mega,95361.05441940117
1708,79006.63945061484,13924.168468623306,7152.38,Macro,281690.0833567539
1709,61827.68439671993,24988.36475994205,6982.2,Micro,322402.23221029795
1710,78446.28308949676,15981.644557789008,1117.54,Nano,247844.4970741432
1711,-20830.030405120015,5133.087194091498,3679.59,Nano,-11449.244028969937
1712,62147.643125447285,21329.630751333498,1226.27,Micro,282631.92251331266
1713,42704.94248202068,12623.725973326742,403.18,Macro,135262.38419642605
1714,47493.74262303306,13987.140689153288,804.73,Mega,188028.45898690025
1715,78154.27026607246,21055.133869325004,7885.15,Micro,365371.1170044105
1716,67960.31394209142,30630.968303898124,7156.2,Mega,219390.50213513477
1717,34707.12771397831,14740.837902362273,2608.25,Nano,218770.94439132308
1718,63129.939570867806,17480.334813854235,760.14,Macro,157305.3893657648
1719,46069.65755042827,23986.238735491243,5018.55,Mega,153167.43453540804
1720,26616.924152944375,13664.804100312342,4085.5,Micro,100684.22955584088
1721,59690.588370411264,20240.49126900402,3367.69,Nano,242886.4645767914
1722,56911.776296674674,13593.945462560208,1951.96,Mega,41787.57979903526
1723,67736.66070425283,12495.16131329284,2600.84,Macro,228560.84043782463
1724,86698.77838052768,31007.863559751535,4558.25,Micro,429427.6066838994
1725,127635.47832398108,31469.026723051364,3030.02,Micro,307208.84554678726
1726,85603.41104694651,25652.64349542783,5473.67,Nano,396466.10377299343
1727,75455.27111889687,27350.161853338464,8113.0,Macro,357734.55112835235
1728,86944.38010610272,26409.60977356445,28.58,Micro,215115.39346039743
1729,91262.6265534457,24095.033931550457,4477.79,Mega,352576.5956744326
1730,34773.08659666499,12627.265907607289,415.37,Mega,157966.6194723206
1731,79010.65375375327,24491.227092053537,2676.06,Nano,125060.938218614
1732,87909.48058908118,27223.17593154963,6439.21,Micro,239656.23031945794
1733,43755.103020681374,4704.856762352956,2392.67,Nano,111200.70333124575
1734,56393.5689698292,33524.649916267634,4795.85,Macro,296488.94982705807
1735,44952.09870360488,10931.858670429036,3245.54,Mega,204983.71909825696
1736,18002.87069687085,4921.360624819729,1465.69,Mega,111314.8097419496
1737,3236.6307532855244,8641.921702561884,5189.19,Macro,136012.77559956
1738,68192.0916601506,17791.460793974788,4527.34,Macro,165433.84650258307
1739,29392.38262351584,-2428.280788711715,865.26,Macro,100861.69163761304
1740,-3663.1489574841926,22876.29660134633,1185.98,Macro,64210.8194589987
1741,54322.07060360155,9913.18007052001,1535.04,Micro,134940.00333809265
1742,94898.95674377265,29185.7385374363,7176.76,Mega,236430.15443545557
1744,11449.029061335368,5441.4101230923425,1895.34,Macro,108965.86590988626
1745,69682.08029719125,21501.332637222433,4313.29,Micro,292697.9041870214
1746,11212.10320697284,10805.445721602742,424.48,Micro,91340.2135775155
1747,111823.00095985833,23058.195120469893,2769.19,Macro,295300.90946965746
1748,74098.55358733043,11045.675126753162,5080.54,Micro,209664.80426144536
1749,11594.448285668335,4060.8263626208804,2625.23,Mega,105299.54673621774
1750,81254.07919847484,16619.107070032413,4161.09,Mega,195685.32659910535
1751,102335.04896826894,26164.265464485215,4200.58,Macro,338560.1168039543
1752,41617.50249927509,12539.686175508432,635.69,Micro,123898.28276817565
1753,73645.50981105036,25535.38411694389,8327.31,Micro,288874.0869401867
1754,90983.1879061577,17949.597445297542,4934.91,Nano,349810.8312209062
1755,100791.35684467199,14076.5992902208,759.75,Micro,334651.2478563463
1756,27329.17933350893,-2413.4147247224164,4797.78,Micro,107545.31936051016
1757,45865.11523311994,15936.272566867603,3407.15,Mega,140850.242213918
1758,73089.78372874396,4820.2919865893,2568.93,Macro,133837.39254058973
1759,72893.42999113312,36839.34013441314,5322.76,Macro,206091.4291805692
1760,69191.87833237855,18920.245989535913,2684.25,Micro,245705.95500422036
1761,93027.08229784708,26847.752713892063,6011.35,Macro,321271.850984388
1762,-1902.0033608273516,21766.207150222363,539.19,Micro,94558.87985411522
1763,85829.47784051605,24069.819461866748,7201.35,Nano,393021.4021247533
1764,30577.48737390289,19012.485488467908,3780.1,Mega,190204.0261598282
1765,25865.099459244822,7417.132873811965,1803.38,Micro,17264.813463958926
1766,48502.09664180533,20785.42132263382,2861.96,Mega,142761.33392059346
1767,83274.2807697591,13052.992108624367,825.06,Mega,315720.0798639188
1768,36938.6589036049,16844.26328669722,3113.93,Mega,148175.2569909648
1769,58160.813863341245,23644.159927223023,3248.47,Nano,244849.04623577555
1770,61324.28346575193,29992.14356437564,7824.97,Micro,299438.5062582935
1771,72680.45741550233,33466.27743700446,6182.3,Macro,423248.7529737403
1772,4131.1593190591575,-3255.2573880648474,1299.32,Micro,65765.46240563945
1773,22087.178286029473,10834.247989102618,0.03,Mega,83813.27808220549
1774,102458.2390043187,25938.681221466668,3456.43,Micro,221089.69265221048
1775,34571.002473237146,21832.467668965364,962.85,Macro,232511.1866757602
1776,68581.06238939104,14368.99667155214,5763.51,Macro,239531.42181638035
1777,34702.49629909884,11224.969097782265,2609.82,Macro,-4097.204119002745
1778,73895.71072557017,11615.658352321032,2954.98,Micro,243854.79695569296
1779,-9842.229131528966,10434.587457730446,1600.79,Micro,55395.49426411433
1780,67096.36764973214,24854.754122051654,3706.08,Micro,186842.87387311432
1781,83975.90501374823,12602.595525033079,305.11,Nano,251458.518467495
1783,32426.116351084645,8306.166247240842,1144.93,Micro,122122.53486628857
1784,44158.1223868385,12186.281841826625,5766.92,Mega,152668.10480199347
1785,26320.40970509732,17638.88449649814,673.03,Mega,114916.3987026009
1786,59714.94382878563,18364.595986004446,2288.93,Nano,234604.80728136026
1788,98408.07772900506,37683.85245115652,7608.35,Nano,325785.3135501846
1789,28811.91953046067,5949.692990748514,3530.21,Nano,127670.9364375609
1790,59381.48957443566,11328.711261672732,826.27,Nano,156935.55911451395
1791,60050.47162466553,7931.227457598656,1350.74,Mega,106823.7349015427
1792,85214.71128490093,44532.06478934653,5145.98,Nano,270755.6030586985
1793,73073.09125427436,14767.766870657779,2552.07,Micro,226485.5029074413
1794,32993.19200542495,2905.691497668492,1433.14,Macro,203317.86659080733
1796,62020.55163982915,14055.042480456446,274.45,Macro,124639.80949312063
1797,82780.20437894347,37638.19308567733,4742.0,Micro,205767.8456699009
1798,79444.46931087496,30279.33702021605,4894.24,Nano,353047.68555659964
1799,13810.380471926896,-3910.733980897878,1877.71,Macro,101685.47514418882
1801,76357.35548475994,45559.30030900456,6313.93,Macro,330996.692127404
1802,67151.6093263512,37592.062918584415,7523.61,Mega,353748.4253732281
1803,5422.1844981324375,-39.74447469225652,2464.86,Mega,14889.384819849376
1804,72409.05969030273,24426.326383948395,4530.97,Micro,272907.6041377528
1805,60728.039845238636,34164.80128835553,2464.13,Micro,199048.7071332307
1806,105854.37230252144,21218.13955085292,8473.49,Nano,378357.2595573552
1807,53272.21540203428,19224.72001461898,3545.5,Macro,132452.2884059308
1808,55316.829868702895,8206.873140060225,3339.47,Mega,204470.32362278228
1809,-5418.8114300425805,7427.829109623082,1025.9,Nano,49550.903156764514
1810,75492.92209505984,25637.250670289883,4539.2,Macro,321342.2366622741
1811,43078.27174671763,13311.772946060515,4098.49,Mega,127145.16342705507
1812,55701.95997960812,25324.097275321878,3220.82,Mega,270299.1500305913
1813,33280.741284504584,-301.09581455538773,1016.9,Micro,105965.04178969377
1814,53967.90696000866,20261.353329351303,4255.42,Micro,188000.64052518437
1815,43565.301720053416,13398.644744032068,2074.41,Nano,204518.74167915637
1816,86704.40946119084,24709.447844935443,2517.85,Mega,225295.8995301429
1817,68669.96853312728,8534.01638987307,1217.33,Macro,199058.7997034653
1818,67088.04139102703,21314.719052899825,6450.37,Mega,134748.4053556685
1819,53879.013471401035,27025.35186412641,4351.76,Mega,375029.72860482533
1820,18369.67040358988,15436.50680988966,1471.28,Micro,202376.55507196108
1821,52007.330738295044,13128.33196428688,3903.54,Nano,206125.17348511962
1822,25013.427036872523,2728.319997031215,1223.21,Nano,81861.43212491558
1823,2991.5644929731006,4493.550762067119,51.44,Macro,93636.71427991195
1824,36332.40462193666,14580.922328398774,545.07,Micro,109163.03264972962
1825,26517.478204068146,12168.154426412235,2473.26,Macro,95627.90912732111
1826,28792.588199046113,8056.337486625092,1063.32,Nano,72498.39248571679
1827,65839.63105686978,13387.094107873783,2157.72,Micro,196683.50508822597
1828,50364.8916668968,36726.210328475405,5816.14,Micro,184957.28411890994
1829,8644.997622566587,-86.23579562078245,2792.11,Micro,48819.0426093836
1830,45669.33340561874,16039.3860052221,2656.33,Nano,117523.16344741976
1831,40293.28609142052,10258.25644123094,1463.72,Micro,124399.27083954429
1832,83380.145951157,47113.52879538195,5440.59,Macro,356638.22253688955
1833,34107.35541817659,6829.093815871536,4905.05,Macro,49318.60215327605
1834,83212.38543568017,37415.410843073434,8062.58,Mega,250393.2859421577
1835,19476.438856476816,13405.146868243364,899.13,Macro,109713.37509630597
1836,116084.44538483789,35963.99020266333,7862.94,Micro,323810.00678852404
1837,71952.0541730732,19509.766452958378,3740.16,Mega,251022.59793843367
1838,112390.79670219745,19438.032022993222,3989.55,Nano,328331.72679601744
1839,46751.41318411958,30181.45746986195,2140.57,Micro,282061.8225059591
1840,64414.8110725919,15740.672190109914,2480.59,Nano,267003.18245803966
1841,10533.313018399014,11459.027716065424,1840.26,Macro,110531.79148302032
1842,10440.264529421875,5729.319037553164,1986.07,Mega,146521.89130875003
1843,30126.787760291027,13868.532351599324,773.33,Nano,80191.85306565356
1844,45002.586096425104,27615.50707517152,5902.6,Mega,263456.9848723992
1845,98664.14614114052,32337.1505846283,3431.08,Macro,280046.2963346205
1846,109472.87395655528,37571.91438118979,10063.75,Macro,264187.63403593865
1847,41909.45634598215,33968.82258173728,3405.06,Nano,235266.06138433595
1848,25018.399098958616,12518.934177547853,3798.21,Nano,91150.53654584716
1849,41970.51522588523,8564.90684856922,6145.54,Macro,137782.6346497541
1850,57572.06425431043,27359.059652586428,6066.84,Macro,276528.8982903975
1851,32121.46717558666,12347.555223256088,3716.74,Macro,95163.91702419618
1852,18585.583622519614,9437.805908300315,826.28,Micro,104694.09891742376
1853,22506.132811110503,8605.720928791183,2206.64,Mega,22947.969332758323
1854,76332.39317984179,24706.122964714705,4354.45,Macro,326197.6797140388
1855,87282.62549873731,33433.79542247236,5708.52,Mega,354426.8504021673
1856,40816.450589713415,13703.573517597943,3222.88,Nano,194799.84629857048
1857,19006.57471635814,6936.4617991309,3690.52,Mega,112417.29799698632
1858,45755.0792361328,20386.583785518265,1629.66,Micro,174674.76350206873
1859,91690.08642903068,12483.057388936164,16.12,Nano,334239.5363647505
1860,26767.06536839713,11069.060642747063,409.9,Macro,139930.42793174097
1861,67264.46900341818,31702.13366621429,6804.49,Mega,301510.61726509867
1862,99631.45169969462,50978.66141852698,4511.63,Mega,325147.35004753305
1863,107905.72730898851,21224.355003848163,3440.19,Nano,316366.2956224102
1864,43687.816449882885,16031.399857266199,3196.67,Nano,19583.425411352
1865,104728.51345785563,29716.8629861923,7869.19,Nano,313708.856671632
1866,18605.371653645743,5009.9995544806425,236.66,Micro,69508.35091447331
1867,28135.51416302399,11053.921808825979,1302.07,Macro,94310.29528276686
1868,78140.49228847807,24405.119600507638,3152.45,Micro,285649.37335658324
1869,106718.98814794024,33513.014903836345,7639.6,Mega,273672.27590424963
1870,38439.614497375165,8522.483836533742,3061.27,Micro,152945.29690643513
1871,89106.16550789545,35968.455513174056,8476.18,Mega,270700.55756104074
1872,1095.6827616594219,1820.1296845576253,3343.8,Macro,95101.56125836147
1873,61509.19897966207,25519.618070122546,842.8,Mega,226734.19412118586
1874,56488.997656786756,27080.946923736854,3668.13,Micro,254295.05670209046
1875,69615.49946878944,28534.59870415552,7940.11,Macro,214321.03663803914
1876,38641.21018922338,9528.041309680259,3113.77,Mega,66361.93506402051
1877,79752.0267043721,43993.96844281478,6574.38,Mega,297369.4515920241
1878,103800.41034081121,41400.76034644505,3965.11,Micro,305589.97870167735
1879,35184.71614825427,8691.55092871437,2329.49,Micro,105279.73348649986
1880,18831.780589890084,7577.626352322783,4328.05,Macro,82719.31065098019
1881,66815.78994667997,22847.38222681991,6062.59,Macro,343210.92116299015
1882,15624.138955046026,7154.5038248713645,4071.01,Mega,76986.56893658306
1883,129230.95070214347,31629.21967477257,539.46,Micro,358113.25581116474
1884,39992.861609644024,25141.891827104377,4037.23,Micro,135510.2359643968
1885,35284.99385003309,27607.30107386094,5370.52,Micro,204952.9251496048
1886,87396.46722254872,33846.64843295191,2333.16,Nano,262604.0560513546
1887,39569.92456763709,13870.461210654323,651.58,Mega,106097.73067088996
1888,52883.07678364809,20450.666151615,3342.23,Nano,164022.6465174401
1889,37887.64824902894,8603.575404037729,75.24,Mega,27511.004983945706
1890,82671.09878712338,25298.32847926729,6322.65,Nano,325835.7191862911
1891,50162.694203249,13025.826736239525,531.27,Macro,118881.38738698485
1892,54372.074620119216,15093.811248630773,2728.37,Mega,253102.66802789373
1893,14142.493587590241,10978.83166797774,3063.81,Mega,73883.43020581648
1894,65340.64586357183,31930.829073315977,4632.18,Mega,346663.44537417253
1895,45336.72979747841,23060.58464529929,5769.45,Nano,4240.9923292616295
1896,14525.876723415307,11015.772002149772,2855.99,Micro,124229.31414664135
1897,27060.77304838298,8119.304365648429,1674.2,Micro,115501.1328976961
1898,62426.982998754764,28205.74791834679,2734.05,Micro,340787.355554095
1899,93714.53711601341,44603.13422339813,8977.12,Mega,413564.347768052
1900,88689.44978970544,37256.17121838702,3979.36,Micro,290992.77920083026
1901,-3690.947913420505,1781.4528579735033,2080.46,Nano,72786.29429573943
1902,3603.8749039464637,5646.448124851624,885.96,Micro,104332.57086511134
1903,62991.473339930024,29793.268610197192,10260.19,Mega,242488.40084880593
1904,39521.48932909397,11419.163250241567,2576.95,Nano,74204.61261438463
1905,83242.55802764135,22770.614426582903,3413.11,Micro,126317.14790468627
1906,22160.941110196618,-355.8992863122785,2501.84,Micro,135216.5883440806
1907,86191.8755032424,33262.58737598533,6412.86,Nano,251034.27567415216
1908,107681.20890332972,30957.688550490366,5675.42,Micro,319386.5969213281
1909,59652.380184836955,27845.431417122138,5295.9,Mega,220065.07680342818
1910,28380.98715220378,15344.7801634403,905.75,Micro,180671.28037245962
1911,63701.12173607974,26201.229952540492,6105.71,Nano,157824.97945709404
1912,99141.8902883965,26391.642837065356,5125.01,Mega,353475.1710504474
1913,93367.22565055819,21119.500298383926,7024.13,Macro,232593.1345459032
1914,93372.94172992185,17394.39272479052,1825.44,Micro,232788.1999570859
1915,93014.13247581385,21389.80777421169,5419.79,Micro,329584.15482040215
1916,68379.1867042071,27539.044566207005,3371.31,Mega,136058.81464639195
1917,77758.45928687317,37474.056407002194,5137.85,Mega,281400.2449343874
1918,69566.98214407684,29798.98311439228,7099.47,Nano,268350.3133865008
1919,49453.42603128916,6116.44662048626,2432.54,Micro,64359.47008335395
1920,56780.53827716266,18454.724771512614,1154.49,Nano,241677.49840473066
1921,34035.72734271702,-1985.6709233575584,1674.71,Micro,30522.92015064621
1922,61735.24513722448,3568.7481994907403,1329.47,Macro,15125.628669158818
1923,55061.795863091604,4262.984498627953,3969.1,Mega,181575.25169251394
1924,49358.626121245106,26723.539704414754,1198.69,Micro,249731.77750771272
1925,73430.5900484068,26625.071050849787,2404.0,Mega,224279.14197073804
1926,9667.855495063759,7139.085138991446,210.62,Nano,-4407.292098659738
1927,89520.70189047912,32134.20529414054,3828.85,Nano,303941.45397366415
1928,74400.23483576394,28670.616024658226,6045.62,Nano,350744.600779052
1929,6643.258743866125,9533.199503690137,2357.57,Nano,157547.1653163709
1930,15850.230312521415,11387.724055923902,2175.76,Micro,125568.7649891951
1931,4879.968885079903,12222.55543244783,4003.3,Micro,45904.22451381251
1932,9713.69827816667,24605.32411239848,4157.36,Micro,66711.37285737041
1933,114389.0046129004,32183.654133115226,5997.37,Mega,335653.28197376087
1934,84532.35795021232,29637.769835971514,2025.28,Mega,323381.3069422841
1935,34049.275795877096,3953.6446625020776,1434.94,Macro,86710.46436068334
1936,19583.749981978166,7685.355312323013,779.48,Nano,98519.1632609971
1937,22870.545065297043,28516.04355767342,3211.6,Mega,313818.42041180655
1938,38755.14259333661,17502.284105600935,1401.19,Macro,83175.1293413425
1939,77872.39973645253,33720.7654592849,7917.32,Nano,356390.94946410926
1940,15461.526818963352,17776.26448678443,2751.87,Macro,26345.628427249652
1941,2226.490774224414,13131.798400037327,3805.07,Micro,204241.5227428435
1942,66695.35796942018,19028.803902216092,1625.68,Micro,232201.90703410047
1943,46550.13365646871,11038.399485822585,5915.24,Mega,318040.5269249291
1944,29104.91285325775,24393.346971742234,357.14,Macro,166399.63376972146
1945,30814.08709358002,-60.11088313882374,588.16,Micro,182217.42648123903
1946,90199.60989467098,41738.241019458874,6955.77,Micro,355481.8137139718
1947,30379.907964752423,16763.275665638663,4551.27,Mega,108692.844882754
1948,58609.296638153945,21961.100420070376,1603.3,Micro,91109.0436436421
1949,12015.219891864688,6402.193035790837,1595.52,Micro,-11505.609979505163
1950,96274.31155808487,21199.52960019843,4807.66,Mega,201598.96777725464
1951,61158.24066360002,27810.81566502186,7395.6,Mega,300462.7719418397
1952,45767.26706050715,28151.28891898908,5483.11,Macro,138874.59305987938
1953,22122.192920667552,4877.772385699338,280.33,Nano,157241.9004410699
1954,48770.66008539095,15244.157488209781,3351.64,Mega,234188.85738949815
1955,35040.76981276337,21432.890665727315,1225.19,Macro,152944.94778630158
1956,70934.68201037566,18015.221669152208,6276.92,Mega,190667.5467169051
1957,31686.85990623358,8307.21550754577,850.27,Nano,124085.30202700704
1958,52815.05570274633,15281.963438728113,6549.28,Nano,162189.9643674934
1959,66622.50747959758,28960.919756927164,6866.25,Nano,288420.74317862245
1960,93747.99463150857,29567.31578358735,6521.06,Nano,312879.3905739165
1961,31629.710967974905,15762.083472311946,1738.2,Micro,152635.18161642874
1962,73498.06816087365,13479.166766843835,711.76,Nano,238875.02777767635
1963,79786.77040538818,16207.378782578115,2336.08,Micro,195363.40488656843
1964,-10425.717063256845,3246.50340270566,1633.27,Nano,91683.40652420884
1965,106182.3632662734,33228.635631740326,3017.41,Nano,328459.69454374164
1966,1119.9451696321248,15558.755994685085,684.88,Macro,146915.52706070375
1967,39593.12123915057,20633.219754936712,2038.08,Micro,188462.71725335487
1968,57736.24382658714,16299.125945907022,3573.21,Mega,111801.3780597269
1969,46824.70005300638,27556.82687466474,2998.56,Micro,156114.30584654523
1970,48556.94153899557,13288.638097671308,4583.14,Micro,188435.65887846798
1971,51278.064177742235,14159.65237623292,4180.98,Mega,164101.32011226856
1972,91088.09160786652,33567.226498512944,4849.59,Micro,201728.8356774319
1973,92581.24766742834,24794.626738439016,3763.22,Micro,281645.5711264483
1974,66825.60913433274,28166.970944398625,2858.84,Mega,392354.70787154505
1975,37054.9035171522,10835.624423837517,2728.57,Micro,194588.42051295415
1976,93624.62643127289,31976.363817031288,8930.53,Micro,332573.2760797598
1977,3745.9000817215147,4510.167973007589,3416.42,Macro,100986.01766557326
1978,39993.75804700239,1950.1734757407085,1109.3,Macro,137973.21345573006
1979,52107.606555305625,28357.330135751086,3969.11,Micro,321415.4836657024
1980,45728.951218646565,14765.052330270833,383.87,Mega,158916.81266061455
1981,-5283.19012368242,20343.18044367491,3254.18,Micro,173927.1318013672
1982,76225.88612408414,24260.097061466007,6347.88,Nano,195583.98484143446
1983,97208.06872616279,27279.25739471999,3125.86,Micro,222337.7464527793
1984,39202.61221183824,28372.96912554039,6615.75,Macro,179167.1240492123
1985,25257.90023158499,13603.087073911223,986.71,Mega,60959.214154803245
1986,71466.24212717365,25794.44398620035,5704.48,Micro,273609.5324773134
1987,75620.87418664618,23241.004324472928,1841.07,Micro,254562.1002598156
1988,42043.80688387112,12662.25785797748,2458.46,Nano,158762.05924506954
1989,39107.982798008175,5962.900653362564,958.29,Micro,25986.46321633365
1990,99066.58319958413,28071.546139015158,3185.6,Micro,306572.48238423717
1991,41738.3284526043,17303.758942627213,3522.06,Macro,229626.42589378558
1992,63478.276895959105,28843.408531012086,5230.13,Nano,252639.16503643055
1993,-7051.8460286364425,4486.915388629325,337.16,Nano,99017.20316981431
1994,52124.76856768718,21012.730711126413,5788.04,Nano,160009.04724881888
1995,98664.50369528338,6669.164183388579,497.25,Micro,263781.5090692624
1996,50907.453383853375,24448.9237971378,4214.67,Nano,202383.48474612975
1997,40494.65678320388,25574.027663370856,5075.48,Macro,191177.78611500352
1999,87034.19857406257,25541.06412805476,5912.09,Nano,330371.55372437
2000,39499.71582191686,8101.0469424935745,1584.29,Micro,94112.37921058228
2001,99509.32752351876,26838.30414519861,5653.7,Macro,300217.66180391907
2002,24063.505777576545,3212.9484739932705,2383.63,Macro,53224.324997627155
2003,70846.07341293033,21128.982601427215,877.58,Micro,300666.1433742891
2004,38635.10695195108,24231.628276712727,352.86,Nano,134594.60717787454
2005,72585.51365457822,38673.40011097954,6365.58,Micro,241812.8615414027
2006,97177.90217253548,33593.35517613624,3862.18,Mega,237022.52978213347
2007,98104.96476524611,37596.97025901323,4851.67,Micro,385361.13788117166
2008,86289.37975633342,25387.33311255058,4066.66,Mega,240252.2745174698
2009,42650.014286442114,13027.037743489309,1228.18,Mega,220950.6140133659
2010,107568.74979614404,25306.06097304878,2603.67,Nano,324397.13193077303
2011,-910.3537213420277,-4327.5750860062835,346.49,Nano,13313.42459655492
2012,92698.19608366124,27215.883614333343,5193.28,Macro,211599.01895955115
2013,63018.69323466325,41295.75539499564,4153.7,Nano,150940.87274581054
2014,44210.93078399829,14844.630438178192,5254.91,Micro,183319.80876766576
2015,70800.43109082858,27535.932427862725,2488.18,Mega,259565.3256769296
2016,47630.81399658564,9711.983801098235,5253.65,Nano,170847.40866707673
2017,58174.013584355474,10545.171982551914,1805.61,Macro,232524.47592911334
2018,91990.02700721376,30419.5074418748,8352.36,Micro,333096.4890951041
2019,10186.548644482315,6273.430863680214,1703.12,Mega,57252.104182528165
2020,28960.290838298693,25581.282315441127,325.43,Micro,194651.63484257073
2021,45695.19382773213,7474.9473808625835,5478.28,Micro,116783.99801373141
2022,67503.33279694032,25327.33294562718,3384.71,Mega,268281.11813002767
2023,23957.163718985663,5725.400955967287,4642.79,Nano,146047.05411374857
2024,92937.72795592355,37601.434923601395,10337.98,Micro,339911.33235904813
2025,43133.65557297895,10892.218325129497,6045.6,Micro,140515.65098702835
2026,45374.87525682176,16811.186270096066,4645.83,Mega,134851.27788165002
2028,15720.733816015016,13889.604260778277,4055.06,Mega,103816.96729836716
2029,68223.68666556758,17312.703366497983,4212.71,Macro,296029.98497847666
2030,27730.940851115713,20103.24242230546,1295.93,Nano,66093.60513581526
2031,42971.307273421844,6581.726977779486,1332.82,Nano,139969.18189108744
2032,24802.60833356926,12908.751490299997,49.25,Micro,38340.89172209739
2033,88775.76929679488,45666.474284691394,6420.97,Nano,315461.3074096951
2034,35389.09472944455,9715.131815099847,4813.23,Mega,209444.97915792034
2035,45445.06913123945,23494.109958269022,2522.17,Macro,186656.7757589181
2036,83202.38892354736,37121.17114757915,6063.87,Macro,347211.7971084387
2037,34045.997048237274,7230.652240383408,339.88,Mega,176308.94344682407
2038,67206.10038427962,15959.62299565359,1021.3,Nano,289321.39671452105
2039,49464.47774131299,4286.41448238194,593.66,Mega,88042.19711137428
2040,30076.319389812088,15810.023605388675,4457.09,Mega,179437.11937608928
2041,24671.162748744893,-3858.8109554605758,2170.75,Macro,127542.40199672431
2042,69404.7214552103,25563.160563099635,3361.5,Nano,253815.8810444615
2043,89083.79954233907,37581.66265985337,3807.46,Mega,355189.3043105913
2044,65291.85647778854,13743.59752881105,5706.99,Micro,199672.95926041933
2045,87806.45686836823,37974.15831441787,6662.02,Micro,324629.1322211888
2046,59897.52719926583,9246.438735150037,7972.16,Mega,148151.70537930314
2047,41712.3717725076,18427.144116709005,1883.69,Mega,229792.63013565255
2048,16347.790650120669,13470.80837633574,777.46,Nano,-18445.05649492165
2049,18182.922851118976,8446.737419907282,1611.17,Micro,44326.681785119785
2050,29789.165084688873,7585.688980912963,3772.52,Micro,176763.63996680223
2051,11085.557371639365,11094.868749240532,582.37,Nano,7549.577838651443
2052,70945.98100294173,28940.83898863339,6931.17,Macro,347399.4736611576
2053,8650.57302009929,9924.91585603711,105.71,Macro,17086.34337255293
2054,79830.19580860662,25388.27360969848,4399.2,Macro,242677.8153298961
2055,81498.4800852628,36816.68424728698,3437.71,Micro,310959.41698815516
2056,78775.34296615276,14329.9245165072,3331.67,Micro,254876.75195419387
2057,60795.54406484415,-1181.5761649396754,1957.66,Macro,112108.63876762477
2058,39667.54299483163,7770.285034646233,149.94,Mega,96080.12936832929
2059,50037.40865445504,26863.336773060786,6984.63,Nano,199307.5744495275
2060,69125.7919085623,28541.229829532058,5889.23,Macro,311408.42340390384
2061,60304.94424547255,21470.546014342402,4237.9,Macro,131215.0936311549
2062,49301.085930979796,15660.959002688842,3457.85,Mega,137671.91085930966
2063,29014.800335935888,11256.873452898155,903.68,Micro,150244.4330999673
2064,80430.6787142111,28297.288940856874,8145.98,Nano,369112.1088301807
2065,47614.17452531906,31752.07728449913,12108.02,Micro,273382.64512382314
2066,39036.07398027023,5877.144582706756,4060.03,Macro,134317.6144654497
2067,60264.33008875279,-171.48508983428724,870.27,Macro,197942.49788633984
2068,54417.53754032014,12065.6507477794,1316.83,Nano,275968.5623591081
2069,15083.156108340752,5336.563258281745,1129.23,Micro,179477.4725205857
2070,51027.07035733261,23197.38830982788,11534.63,Mega,249199.47957208438
2071,69764.25066475531,18483.88145821653,2896.23,Nano,209454.09058587093
2072,4167.880686902435,5664.954377970077,968.12,Macro,28477.68548916899
2073,32194.727679610813,4956.746910731984,1590.99,Mega,151058.4179823735
2074,33647.91960593978,-6042.936839351135,3307.76,Macro,93300.77716136753
2075,94652.84216982641,26315.58250703554,4160.12,Macro,222897.60173028026
2076,7467.408858538991,9769.86245488216,3600.79,Mega,140000.51353321184
2077,58943.10712996156,19748.39033134058,2953.1,Nano,306328.1482540309
2078,66734.2749246471,28766.756534551372,4661.34,Mega,262670.1343778718
2079,90262.92544046894,24313.604210103756,2118.81,Micro,158748.7852060044
2080,63323.49830581568,28127.44929323234,7947.06,Macro,260693.53126617038
2081,62795.374358874775,16199.773441657031,4089.3,Nano,215469.99065391236
2082,27593.62991764813,2553.2554029671137,2154.7,Micro,55017.2270144004
2083,26191.342872912384,2068.081870577944,2378.17,Micro,72436.49878218287
2084,94072.04484140984,29221.76817610327,7295.71,Macro,328382.776918945
2085,79938.2015849442,20778.208566683727,3354.03,Mega,310260.7063962354
2086,30691.63351728135,4017.149403291006,4001.56,Nano,151042.82739837756
2087,90774.82949435631,26276.030634880743,4046.31,Nano,216697.21051533415
2088,47285.93985082193,18149.56027263194,2043.23,Macro,222668.34038708016
2089,79847.8085002001,13457.939472597129,474.42,Macro,233815.78423309542
2090,49977.73067400808,8688.918140985748,3949.36,Nano,158818.25380415597
2091,50723.06665342841,21751.917328265157,3621.74,Micro,203808.3169889935
2092,68992.22822478435,17368.75665232004,2669.57,Nano,190980.98469296843
2093,116445.89540750925,27310.613670964005,7070.95,Micro,310964.51673003583
2094,56073.0287189485,21116.834082391113,3740.23,Micro,131498.42954307527
2095,63144.32233726718,5408.535972270567,425.87,Micro,167479.5245453863
2096,12997.847176871202,16965.437972516615,1740.74,Nano,148734.4550717184
2097,52461.59752263393,21927.826706606524,5029.56,Macro,125963.43060473562
2098,48698.97510129625,9538.591367362727,1727.57,Micro,127033.30092865124
2099,99048.82182410386,23140.432057454647,5909.57,Mega,295669.06315093616
2100,44757.49377840276,23948.561742656544,3022.94,Mega,147291.32308743589
2101,80859.46844061028,27815.409655046253,7716.72,Nano,317950.27746933576
2102,20803.407025479726,536.831199213605,1391.49,Micro,81183.49656512433
2103,30159.915106968154,22767.221750906847,1585.08,Micro,200752.86451501577
2104,16967.35583638091,6289.1013623369145,981.48,Nano,18121.290430065594
2105,35201.71540401487,24468.049935683757,917.99,Nano,235295.91601380712
2106,49235.03993313497,8893.875263273987,3220.12,Mega,181744.37212775057
2107,81642.58879805576,22900.335366621614,248.12,Micro,224099.5460427286
2108,76384.74892900819,21978.255385512846,6062.82,Macro,259668.1239214135
2109,40889.489820417824,27897.7200502232,3369.15,Nano,204537.82625522674
2110,61487.99088150825,24732.76682549063,6415.85,Micro,239828.65658443334
2111,50647.382740036956,11183.544034782026,2942.0,Nano,129500.26184068978
2112,23463.7835233923,-2770.1561283927704,182.88,Micro,17856.57101583023
2113,65672.35215812475,16367.476508718215,3090.31,Mega,239266.14500719908
2115,-3471.3736678091755,1065.9349470539746,1584.96,Micro,49140.37873607348
2116,28574.86237249544,1423.3048232897754,3009.39,Macro,77968.26685778305
2117,52219.08890889015,21707.19654267444,1782.91,Micro,214752.51409216505
2118,18030.61960653428,4646.449583079097,469.53,Nano,78585.97365838455
2119,49327.240552504016,16574.4021189804,3192.29,Micro,97173.4355948397
2120,71113.38956397265,25348.767936248274,4792.64,Nano,175896.9169913935
2121,49204.9927997264,17353.41581366314,3724.56,Micro,131298.0238678246
2122,11627.814260464704,7118.817179587504,1338.04,Micro,69366.40468747617
2123,63390.89126229362,23071.679418776417,5617.72,Mega,165697.08741157886
2124,104409.41917005264,23954.762358073374,5386.11,Macro,347283.8834111686
2125,9425.377129383509,-1560.7942913913564,748.2,Micro,82992.93589519017
2126,51538.34158696167,27765.821087686192,3316.92,Nano,135283.93912231867
2127,33860.14031971747,14310.173458996866,945.96,Nano,134112.1404198616
2128,101741.54436482461,28764.16128886164,7015.22,Nano,312739.63697436877
2129,89457.52552790723,22854.333711704254,3162.66,Macro,277345.3541004948
2130,46119.6121267079,15101.920207471876,1845.74,Mega,292567.60898735013
2131,49068.32439453589,21551.90884775051,3276.65,Mega,272934.4083761646
2132,3401.543298956227,-324.207531927168,2911.12,Micro,216833.13194813725
2133,46740.94623928222,25906.80543360811,2279.89,Mega,212964.98219496146
2134,68752.99296711663,17111.453958609647,2092.46,Nano,218118.61870348486
2135,51493.13757956681,11738.738697974324,2940.48,Mega,120918.00454920172
2136,52658.5686770018,25925.021275763396,2348.45,Nano,290368.91300771176
2137,67659.23619937758,36582.89864189062,4327.22,Micro,207804.74930654842
2138,91595.55557010604,24363.324414868675,7358.17,Mega,304538.8366801192
2139,36729.86047026761,22893.41652687564,574.25,Nano,197610.98629811575
2140,36921.216672266884,19835.0311278056,3789.15,Macro,153445.4512695802
2141,108699.7107107296,33298.076184007004,5603.83,Macro,329323.61844174843
2142,89017.29652277128,18457.0843522591,4852.58,Macro,272560.13865518826
2143,-9320.268756049067,22027.035075407417,2128.34,Nano,18184.958106617683
2144,19323.993297009554,-214.83555017716208,979.74,Macro,78844.9197558198
2145,92207.40474129411,29865.60815741481,7015.33,Micro,278811.1780405243
2146,24863.135240950287,20192.482366631037,70.86,Macro,181390.14389082143
2147,78968.54436607717,20373.471393844608,660.17,Nano,194103.21278908072
2148,76461.88441872851,9084.613959014467,3609.03,Nano,269295.2287284373
2149,98011.54060607075,39101.68686008437,7395.2,Mega,300853.2929794303
2150,32951.49405290002,25268.03473228159,4981.5,Mega,257267.5719725052
2151,17099.778889239995,10501.919111855323,1577.31,Micro,18953.019023114975
2152,27674.908429591258,13477.343332675582,5327.11,Nano,144954.01076461503
2153,17784.835256689003,11814.042324751686,342.65,Macro,39069.794717400575
2154,103748.06101552755,32236.54780502402,4810.69,Micro,279101.7558506788
2155,9403.589354626267,3071.235963785428,3386.31,Mega,139473.9336001711
2156,60765.313400346036,21399.039143059454,564.13,Mega,284451.82060870697
2157,50568.59515576193,25813.288129093668,3947.79,Macro,230764.64951337117
2159,37056.14302847807,11761.989528775342,3690.41,Micro,123377.94589070835
2160,62045.91879674623,18139.257913200556,5781.87,Mega,259442.75599682328
2161,37039.33372444974,20563.066851840093,5795.22,Macro,167282.7863010361
2162,111589.60224156964,25887.182370866285,6113.15,Nano,299280.7590598038
2163,109908.6148688314,27308.09389557456,7551.39,Nano,206158.95921800012
2164,39847.72869664757,33840.32861427814,7012.68,Macro,377975.7641731563
2165,64444.75559505506,20496.295192611586,392.28,Mega,95516.47037946736
2166,68739.77212783543,25097.125075556218,1607.62,Micro,250463.41818216932
2167,79004.73549831523,28738.302702214227,4189.13,Mega,258394.77370432828
2168,86300.60485450922,24783.984680216323,6785.86,Mega,340182.53273599525
2169,66635.49049299298,15225.504079115832,2874.71,Micro,105542.45634185776
2170,33866.01556143292,17570.07714418942,4472.24,Macro,119130.89068382743
2171,51249.98962353904,16074.79379714994,6397.43,Macro,60233.735960622085
2172,26812.580340152104,4314.721359819746,254.29,Micro,103112.73341106529
2173,103409.79713141004,20100.618390447704,3287.17,Macro,365932.41562796483
2174,53767.673750279,5971.288077608795,1831.45,Nano,151492.5482452868
2175,36171.25420659163,11797.478422639098,7345.44,Micro,144502.16760367673
2176,26237.048496938645,8473.017055612841,1410.2,Mega,54342.3638385413
2177,26118.853222077196,8198.525814654613,983.44,Micro,124302.03305937463
2178,33686.148298624095,3427.8266484724945,1171.05,Mega,119881.89324909348
2179,62880.776206395836,23075.383363680314,1958.18,Mega,346061.8717814495
2180,98501.23598548908,32035.725234918074,2656.17,Nano,343754.30276339327
2182,115593.84426111073,23988.569743667358,6142.59,Nano,337951.7298791618
2183,17083.583955662158,13567.947730815822,1401.5,Nano,116002.84879535437
2184,14934.707680302723,6887.238162839471,4111.67,Nano,-22631.14682676409
2185,41880.34484791517,20088.028876654716,3043.87,Macro,181518.30182999725
2186,21433.74329510303,-4597.15629564016,1403.27,Nano,7791.327882826969
2187,30199.84052162511,2913.2065428169303,3631.54,Micro,39356.89442536399
2188,50086.11630147259,22049.704560461607,2991.64,Micro,196162.7878544411
2189,31922.153654453818,13277.737788257784,208.07,Micro,124241.4167388175
2190,15206.965393259565,15303.548422033417,1982.43,Macro,68480.08584985012
2191,31507.078787623184,16432.233206712448,2612.61,Nano,90885.52535731561
2192,60675.95475183906,7538.675822076419,392.28,Macro,262908.05836836784
2193,40377.30543614969,7133.051917475802,2098.13,Nano,141516.8401831732
2194,19521.77717768879,11620.43017966305,1166.41,Macro,80342.42759890854
2195,62161.97088026253,14334.14619870101,2883.5,Mega,232908.63020077397
2196,63665.09020540198,21619.89541126514,1057.0,Mega,165166.72406024407
2197,44926.00998250778,26047.517691726505,2994.21,Mega,188560.68345947025
2198,78696.67390021942,12929.946311900574,4215.88,Macro,211210.84674213725
2199,31074.799993465043,5501.090665337995,5336.99,Macro,151372.42541334394
2200,2522.8061778154997,19454.642703004152,613.43,Micro,89228.91120498962
2201,102345.52931885711,32025.300414684003,6345.91,Macro,347982.1839162552
2202,25057.79448892441,5320.48961850373,782.89,Macro,34432.117780438944
2203,24934.481697282525,6123.297199530782,1043.65,Nano,214694.19616492098
2204,11031.316693569766,6940.81062274639,2490.22,Nano,68816.96321721585
2205,817.3780069302811,-3476.9563954026244,2629.69,Mega,52596.3703148141
2206,51870.62979929116,22992.912147254352,1677.07,Mega,224183.42566890657
2207,61783.819895311004,14605.899985063152,2005.89,Micro,116130.92874288511
2208,61580.22704064708,16142.752285727896,4879.31,Mega,108745.40214104924
2209,64393.33839500604,26718.218783142158,3360.61,Mega,414534.75111591
2210,78029.49042720837,17795.6564836414,2968.6,Mega,180047.475314526
2211,48989.21213381901,17404.242386966194,1586.4,Mega,248149.7721775913
2212,108394.62232410097,24935.107852727167,8511.03,Micro,310934.01642033976
2213,2644.9555530981506,7719.223972600732,1760.94,Mega,65224.2579620263
2214,35924.12374862766,22122.88418560085,114.82,Nano,98450.9151776324
2215,36730.781999735795,10977.911011551609,618.2,Macro,189461.48350761042
2216,118598.92546069666,27961.69405569695,5389.31,Micro,368682.5510891614
2217,84897.94511769817,30167.023471981058,4518.23,Micro,354726.7717569498
2218,44235.116835876164,10472.102608835958,2147.84,Nano,87141.83504053997
2219,66646.33547322304,19199.44322931525,5607.6,Micro,267839.6943802407
2220,42721.86000068675,17785.200226620294,3546.49,Macro,116544.55846200582
2221,75440.04471817586,24891.88377431382,5507.7,Macro,302294.61880913784
2222,92784.52067179019,26682.17371453692,3437.85,Micro,377141.99430697464
2223,19154.392938499543,835.8060939390912,658.23,Nano,-3861.6236150882105
2224,55462.9363731764,18350.762089523378,3593.97,Micro,215270.4431565716
2225,69520.42009736443,31890.474539032595,4140.34,Mega,326197.6891173617
2227,30084.336187127523,15938.170150916583,3186.23,Nano,-1032.7193765795528
2228,92907.34714056332,40437.0089274288,4222.18,Mega,371254.9711231175
2229,82263.17791222713,47535.326109795955,2291.78,Macro,245432.5350791383
2230,46748.33360544986,22229.89330949277,3253.9,Mega,167868.30955515982
2231,37601.12036214388,12179.932495068953,76.38,Mega,70154.17578272017
2232,15873.836821009336,8397.208737104314,3886.17,Mega,132658.5166537551
2233,31920.02874897153,1269.0676989227609,372.86,Macro,82835.49678780166
2234,16087.211207163607,11002.899497722858,3521.1,Macro,60903.31439105859
2235,12074.67453187305,-5049.071190699881,715.07,Macro,61288.98316723706
2236,26794.583147752226,10306.27093367955,3728.0,Nano,160495.77407214782
2237,41601.03514048191,21093.194388671185,3198.42,Macro,264067.8878824162
2238,41260.628342642754,18365.203482893558,2412.97,Macro,202466.07717107763
2239,39076.10064021324,17068.17078409766,3724.79,Macro,96053.50450661477
2240,39643.26370001029,23726.131554583877,4798.78,Nano,180996.2992237528
2241,54864.932274353756,37163.72800724293,3933.8,Micro,316922.8817772148
2242,85566.8461469222,29908.1872827373,2743.31,Nano,264185.9302500115
2243,96775.42328069638,30914.59722668183,4263.14,Nano,304024.7857973435
2244,85087.70216734555,30238.377448620948,6150.34,Mega,363540.00050156715
2245,49080.04446836015,15198.09565968403,2374.6,Mega,163944.20302295277
2246,45131.31393128894,8489.526315891108,1951.57,Macro,139181.3926214522
2247,30862.628650557497,21692.374782184772,2873.35,Nano,226916.7902657025
2248,66327.4512860665,20797.753615141657,4946.22,Micro,258189.93028198308
2249,59778.43747973404,11000.350352222838,3041.31,Macro,141097.10750166973
2250,-4873.91100159015,3437.9322446608203,316.27,Macro,51453.46226216082
2251,16745.046268626298,8631.04238167396,4847.89,Mega,96284.61210213543
2252,19404.37098184823,9419.5810769913,3023.13,Nano,-20070.12868799091
2253,73116.41295143998,17411.025461807832,745.24,Macro,90227.15284114152
2254,68277.48095204997,35186.7518948187,3687.56,Micro,343271.6198366027
2255,73649.2129461134,30202.916920933923,5459.72,Micro,204070.04671176738
2256,100709.71866474274,31366.729256486615,5915.51,Nano,277271.64187615755
2257,49056.65353651252,6568.879240951703,2636.18,Macro,64328.17755683135
2258,114481.77550241248,28025.13694976252,4645.25,Micro,397011.3011384495
2259,86537.24158526826,37358.14044089251,2603.73,Macro,386991.89247443376
2260,88167.76505261182,17318.631681109,1179.35,Nano,288751.2403563028
2261,22882.5924782581,643.0604910640759,1075.07,Nano,-7609.74696719884
2262,7979.2850895121355,556.5023767108617,2350.37,Macro,91343.92741795446
2263,75436.32728435108,25567.255342437806,2369.9,Macro,205686.61602796876
2264,88960.17855892595,24908.13129482665,2421.7,Mega,269754.34586343163
2265,66450.98688691053,22619.37169525618,2148.41,Nano,230986.58950333032
2266,83346.21721962508,38897.16732064777,6181.58,Micro,257507.8901983867
2267,41785.48783385278,13498.783298977063,4643.55,Macro,69864.4493740565
2268,75917.1951965725,21827.49808864871,5001.77,Macro,313998.63942168944
2269,78205.90982648726,42227.95663731041,11964.33,Micro,335998.8410592942
2270,65782.22256206223,22800.985996982985,6320.75,Nano,236596.00425445894
2271,30530.20748458588,18646.2975563632,1478.26,Nano,161389.07063181026
2272,68767.42639762044,35287.12741057627,5110.39,Mega,284352.32908040326
2273,75272.61678073961,33090.71017482645,4448.99,Nano,268597.2434465669
2274,60641.80764660518,15292.299344981073,1893.37,Micro,120107.56551362983
2275,55230.99498138605,23400.455707503657,4347.56,Mega,234136.4586768072
2276,2175.7050869122795,-1021.2590035019157,323.28,Mega,36118.072237516855
2277,20242.763630442314,19698.370310434308,4774.72,Micro,200568.48402323265
2278,48922.61957891862,24529.983020624197,3883.81,Nano,150156.61251138474
2279,91812.64909786006,26554.60315668486,3835.21,Nano,233920.0312950929
2280,25499.136223935464,19881.29065372426,4524.16,Macro,200697.94823223504
2281,81253.66562090747,10380.769232430637,969.79,Nano,320671.39981472946
2282,83824.08283164092,23277.40386340541,4646.32,Nano,300520.67760691326
2283,91067.29332830918,30162.011114706038,2420.8,Macro,277029.98646385095
2284,72758.4033641384,11112.600567559955,2810.26,Macro,190182.48173789473
2285,11660.119208416683,6351.845928495297,3938.81,Nano,20883.521555136744
2286,44185.34663467661,17057.34287812555,4938.31,Nano,247938.89839237713
2287,50360.18479386327,11151.618722747022,1309.44,Micro,101833.26458704958
2288,120741.58415858881,25598.319636356537,5280.72,Mega,408211.5145786995
2289,34417.89143982239,5479.174529331351,477.26,Micro,184957.61538825673
2290,34255.068911739676,6457.694974674984,394.93,Macro,117670.35978028698
2291,35999.3163463792,-2946.592121032735,1830.34,Nano,66797.85868748362
2292,81571.53100516317,44467.58368839614,6718.19,Nano,183311.3645021687
2293,16797.285103778217,-5242.49773807336,1016.8,Mega,128160.08903075471
2294,109641.15381148038,25041.260319013774,9619.58,Nano,347605.59403675765
2295,37326.668848113804,9342.54848942379,189.19,Micro,33395.39886085144
2296,83048.91151431226,4273.959609271309,1294.08,Macro,130239.85454387426
2297,56928.20616172183,25573.692839893243,5073.87,Micro,253427.21906630258
2298,85854.91049660719,20563.817023519914,6654.6,Mega,234537.86244536695
2299,33047.810497111175,13870.68853088795,1532.24,Micro,107102.308544117
2300,51800.406960819426,20006.007542947405,653.84,Macro,147306.14708693905
2301,41246.6898374234,27797.64011309561,2830.15,Micro,102928.19420993555
2302,39025.41778490566,8515.793847109233,1622.31,Nano,71488.96926623298
2303,27899.056788805963,11447.286616024632,365.61,Macro,127045.0685486598
2304,10635.484848912518,10476.735246747448,4654.44,Nano,159490.548989565
2305,122913.46979715262,36133.202145012365,6664.55,Macro,313838.32064769615
2306,61836.359086897035,13105.404258048078,2485.25,Nano,170783.74965855133
2307,41777.58476249711,9250.85029747742,4793.89,Macro,253023.29635514008
2308,40835.581149878475,11345.386264054763,3181.4,Mega,114236.27538427647
2309,-13090.14376839986,4878.268056020606,2995.11,Micro,126938.6678946579
2310,26748.048844985,4371.743783970636,1206.35,Macro,62365.68595391546
2311,82573.37910907516,27883.259781236127,4707.49,Nano,270982.0263685089
2312,17741.166922369906,10692.920125355471,890.84,Micro,15305.558626068203
2313,-9555.108963613604,3446.1008497244293,1163.72,Mega,6448.830551178602
2314,47251.07880172224,23116.182143223745,747.08,Nano,170912.77127878758
2315,-4592.536852955355,1148.2793798557364,3082.83,Micro,41302.95696293321
2316,44374.57398691288,20113.83081723964,172.82,Macro,217661.34671220914
2317,71376.0984304907,26739.190680440563,3981.73,Nano,321416.32553879486
2318,102376.04871700126,26588.748412680576,5105.36,Nano,318583.09977724677
2319,63192.63475945093,18102.38408812978,4379.75,Macro,261910.18189574883
2320,56839.3071959877,39140.62066674033,13981.66,Macro,311299.42572929733
2321,111389.95287053741,24525.193292959524,3084.05,Micro,290776.35847839154
2322,37485.83834658767,10034.115035508901,4567.82,Macro,177130.34746971785
2323,98290.27612887035,24173.05122576609,5432.04,Mega,330436.3327217394
2324,57122.207497087096,35580.02620974453,2807.29,Nano,267492.71808778413
2325,29975.955775491628,18087.727742809555,3609.31,Nano,206575.5375585605
2326,98524.22186773413,17424.0098938328,7068.86,Mega,281056.8322106827
2327,79235.21344679015,32423.293087196424,8260.13,Macro,296472.1290348524
2328,90953.31412387236,23374.301551522978,6553.82,Micro,353515.48630754685
2329,104090.08858419574,30488.3973365196,4968.61,Mega,364727.2933770893
2330,3635.042557910213,2826.445739453249,1044.44,Mega,67296.20600062388
2331,110753.70544720191,23543.805146111554,2039.59,Mega,379739.89526694757
2332,106510.11450048952,18273.911565844144,1967.18,Macro,216250.61113972496
2333,77932.92029219543,40080.339161118594,2480.41,Mega,357722.46101350244
2334,77730.03654693277,15262.706637663332,635.24,Nano,177057.91709993477
2335,41011.57629907263,22136.545827340167,3041.88,Micro,103812.19728292883
2336,17245.132240818788,6987.2125028390965,3614.72,Micro,66286.5547198018
2337,33618.608364238615,1961.155242223956,1836.59,Micro,111992.33262247042
2338,41146.29069900578,-5801.619902850118,732.19,Micro,35828.16022176952
2339,76188.78696661683,11078.235717099085,1234.11,Macro,112084.87612418499
2340,112821.09640816088,31196.017079512596,7805.69,Nano,276628.6488234813
2341,38330.04504300207,33990.73365334596,3278.63,Macro,324265.18296280946
2342,37245.42245007914,14443.15419129002,41.23,Mega,201146.3094575337
2343,56658.048969758114,28204.687871043607,3530.83,Mega,271613.0473864617
2344,88851.15776227867,30801.680107430067,7021.63,Micro,410406.0408887076
2345,-1523.100786829702,-471.80891177542435,2921.06,Micro,86364.58560653648
2346,4633.929336363757,12072.574869690337,3237.07,Mega,15121.953226284531
2347,31180.830800612748,5120.843473377159,1675.12,Macro,68561.71532333292
2348,67418.94558974986,25178.2935705972,3378.65,Micro,302068.2303511177
2349,13986.331788375734,6725.449876158705,3624.35,Nano,117751.26244483271
2350,22940.007602453778,347.9094553085397,1971.8,Mega,165608.41871610848
2351,85184.27354922924,30790.069843021916,4282.73,Macro,402833.69660406373
2352,71870.54060279252,33311.450074557324,3518.44,Macro,367812.03915062576
2353,23688.37286532075,9518.603121432814,186.16,Macro,34873.44219511202
2354,82817.89919522488,20766.573709879947,3386.45,Nano,389088.5065974443
2355,28591.16461806037,16957.273125863107,3619.46,Micro,136852.49217006582
2356,85888.59234093215,25964.284494582447,8637.17,Nano,357467.32972137077
2357,105927.22304316478,30904.097279315283,4408.97,Micro,361167.8439358809
2358,30830.83460585867,16600.268837333173,4310.97,Macro,171051.7704802211
2359,65830.8682444284,35006.92163142114,5481.84,Macro,377324.0423775213
2360,42469.86049099015,8875.755347652148,139.61,Micro,92263.32586335437
2361,92277.31614929234,18435.57075881722,1176.8,Macro,318261.19063396414
2362,7010.986689183581,9708.378979790732,5247.67,Nano,62936.73460871448
2363,40340.767753903885,18046.18399029148,1837.7,Nano,143425.95187956368
2364,19426.378384015068,10175.37062274529,1953.83,Micro,153856.48922000462
2365,29875.464037245714,10062.247183222478,2621.16,Nano,38165.49057632691
2366,83962.85938672435,32830.118023411684,4937.95,Micro,299881.4808580176
2367,44343.446517857476,21048.16709385872,4587.97,Micro,234340.2763163378
2368,47098.20648421337,9367.414907528604,2038.21,Mega,105169.96866436175
2369,17219.81900216754,18115.96811389443,4531.27,Macro,109547.902046474
2370,77002.83909880245,26763.9003176588,4602.43,Macro,234141.6793733065
2371,28351.880189100415,16524.869216315754,3544.38,Nano,27699.97092121606
2372,53861.79961905792,25261.560306939253,4695.38,Mega,188586.97357594693
2373,30298.64184831228,10176.944341943554,4472.2,Mega,-28988.931664188494
2374,67255.86302609535,21675.790812507217,5201.52,Nano,374762.8661931539
2375,8465.88359766963,14277.508758708278,1949.95,Mega,53616.69293626227
2376,39624.29412858318,16636.580845239405,9195.5,Nano,193367.86539740965
2377,115477.33345872293,39404.1920147756,4826.0,Mega,366917.6625898621
2378,49556.52343210469,9222.313559279824,6949.63,Macro,88665.34733776502
2379,28452.212693652014,18438.608916350546,2056.27,Micro,234684.9854443148
2380,71326.24090640628,18853.766675085735,3145.12,Macro,285683.9597910256
2381,61648.55698355103,8390.008416833909,2334.42,Nano,141647.2035920307
2382,64284.94107444557,-2537.694774836128,947.36,Micro,126439.61144048587
2383,74993.42243234743,26912.141749806175,4630.81,Mega,211802.14391850837
2384,51337.54165563602,20974.999020791,3316.62,Micro,144335.67520984908
2385,47198.9367582552,2825.970452694616,2647.98,Nano,95283.65545947634
2386,101157.23661383725,29942.193020107465,9187.2,Mega,359081.6509782312
2387,37159.308872482776,24966.37299221406,2568.99,Mega,143863.08274102563
2388,88924.55565707998,32497.146962075836,7879.23,Micro,329181.5093998119
2389,67576.82906269169,7387.897679731844,820.35,Micro,196035.1548100246
2390,26330.743518308707,13485.298800458146,2593.97,Macro,128211.62010462469
2391,-8871.386968455343,12667.499407851914,126.92,Micro,180381.0287728696
2392,93427.56839890854,36813.2252400255,10610.9,Mega,247682.25412493682
2393,25229.4776010932,11572.76486807255,809.43,Macro,155188.1313741356
2394,27079.694133746114,8244.01678219564,3306.2,Micro,44600.919505740436
2395,76642.60378552928,14547.80182125045,2253.73,Mega,147232.30457055237
2396,58198.00854201354,20812.64465434601,3492.27,Macro,158734.7086734228
2397,111881.46208026788,24534.595893868092,6764.27,Micro,281068.6191952285
2398,34486.13726433297,33183.552639673,4551.9,Macro,275015.1372742584
2399,65033.95081661751,-4.680535775680255,1573.4,Macro,185323.97655681026
2400,39336.55448981305,13829.931309219122,1708.18,Micro,58069.07196423612
2401,51078.258713119925,24064.45566865663,4313.0,Macro,124416.64233672607
2402,41153.68880350173,17062.267796456115,1251.59,Macro,166584.72196072055
2403,3322.2012111138793,4880.431336980032,939.79,Mega,-24385.39565814918
2404,92810.14078233136,20932.77467633927,4919.93,Macro,404377.577733654
2405,105663.02100613496,25460.366149379486,3205.91,Micro,254529.54719201007
2406,113857.61721728514,29653.594136767948,2679.17,Micro,289964.5066719135
2407,94963.59387847585,27470.617643465823,5196.09,Macro,336194.5129649
2408,47499.277339289,22515.116919141838,4434.1,Nano,241167.14791043845
2409,82877.92702670181,22065.731539333752,4433.75,Nano,233441.12851147266
2410,32667.837316736965,9062.149192708923,973.36,Micro,120078.85028228295
2411,75002.67798087951,25713.366197942607,5179.79,Mega,248648.98753041262
2412,107577.98598132248,29816.21731186876,6164.97,Mega,350833.03495735116
2413,-7748.758651947615,7565.85034882396,689.81,Micro,25940.90224260203
2414,74370.54086699724,32124.601329437402,5298.16,Mega,294671.1286807946
2415,55874.947009801734,34864.59283591994,4409.21,Mega,226898.63977232424
2416,110452.66892274495,32708.063474975606,2924.1,Micro,352008.07778501697
2417,27251.71859186124,8888.229628011151,903.95,Nano,-37897.911472089814
2418,68260.75139316263,21704.991990463706,4091.1,Nano,247817.91956015452
2419,10346.13727211996,7044.364406929442,167.34,Nano,62116.60817718897
2420,83946.22807218705,39915.07554943182,2967.63,Nano,286900.3300091871
2421,46721.061046033254,23509.082751792244,6636.37,Macro,280349.2015677251
2422,92195.88985715303,7644.34256126194,504.15,Micro,204313.4599828139
2423,27664.636126920217,9444.502805773238,989.82,Macro,60973.611961617746
2424,44526.788447074825,14471.36684560693,2407.93,Nano,157665.9787480427
2425,74774.73429200583,32832.43334063269,4857.01,Mega,273711.01712270617
2426,45446.44303991487,12556.826965207734,3313.74,Macro,217617.02219561778
2427,85695.90703980494,21262.607238393583,3726.71,Macro,212834.1190002642
2428,20245.863471616754,24157.105441542735,4263.71,Macro,152326.6232757027
2429,74396.63487063139,33864.86033739198,4378.51,Nano,267867.99550599616
2430,32602.813533896173,13621.834202582597,2927.41,Mega,220955.7481985225
2431,70415.27531835285,20661.360067604808,3820.04,Micro,112977.20167863897
2432,33235.88330789503,2355.6286760087305,1333.77,Macro,140882.67392938398
2433,42338.40212077374,6575.681107017082,2109.13,Micro,89265.25445007718
2434,79425.70608893748,16966.054456816004,749.84,Nano,312031.7708796434
2435,45549.725036503856,15888.01041356153,3036.47,Mega,62083.07491154356
2436,75854.2939117065,12985.759916902389,2655.94,Nano,266756.7204958066
2437,73725.35740743818,27270.423819949847,4977.3,Nano,361120.4874268713
2438,51777.4443936847,12668.975495034258,33.31,Nano,122060.57469448374
2439,38371.29854213771,14074.267422274836,298.54,Nano,84796.17665618061
2440,78031.47028237277,15269.963811211197,1227.23,Nano,354854.9550475817
2441,104697.48405765764,28296.13974726133,5275.76,Macro,409802.91295646643
2442,11931.406781156023,3307.5715300502998,319.33,Nano,217328.88651692658
2443,9161.054188263577,13987.989901439392,4067.51,Nano,50855.64726039974
2444,112860.67159283336,27619.89026630881,2588.14,Mega,336191.20911249926
2445,65391.66056329582,41295.595269247686,5531.11,Macro,230203.62410964415
2446,63258.613278646415,17498.840625414698,7608.26,Mega,194962.37499917636
2447,50828.543417117384,27759.529083614558,5622.28,Micro,246617.5365363906
2448,106234.30867459689,31250.63542749141,2984.06,Nano,267113.41349252156
2449,100462.45586529265,26099.47588159285,2528.22,Macro,384229.6252020808
2450,5859.566705692343,10447.950534137544,3155.1,Macro,56653.676485595824
2451,79853.51294232221,29501.603698867595,5378.53,Micro,358852.8724056276
2452,16653.318649558572,2248.5418289045783,828.5,Nano,35070.671715811484
2453,92907.97346925057,28023.75603596989,7574.49,Nano,337830.5348543747
2454,53818.776961093885,9825.008121471972,842.59,Micro,42923.54964639481
2455,42020.58487275431,13248.949818379788,2575.88,Macro,61296.33271220516
2456,77219.42393462437,31970.99014706634,4794.13,Nano,380210.7005789267
2457,-5723.543151427385,-4065.7141590747483,755.76,Nano,31678.099484257356
2458,33185.24063755682,2175.6086339560807,1207.37,Micro,112966.80756081412
2459,25577.51002817225,1898.8916730302026,1960.49,Nano,79935.97968234547
2460,107000.19286459601,32000.43227004292,5078.64,Micro,359142.9194608885
2461,51527.41401213904,21081.975066240673,6205.36,Mega,248958.0614575655
2462,33774.3558537734,17192.63740876344,4750.98,Nano,154975.0645466564
2463,62426.00967431219,28955.337333423835,5055.6,Nano,260418.1977764665
2464,40689.3353074896,16068.822440368313,4468.69,Micro,145431.09181241883
2465,46897.967684135496,19896.32863469528,2126.14,Micro,268134.82749746693
2466,49462.29431394044,11198.982115359559,1463.93,Micro,194374.4331801455
2467,99582.85491239782,24724.34404721624,4965.53,Nano,335748.6736977708
2468,36022.646430279216,7051.974330400839,1877.09,Mega,42170.44515541505
2469,98265.02503890562,21140.207082521483,4591.35,Micro,291778.5060614218
2470,46957.68146468348,11845.734859523476,3631.96,Nano,244230.5638760604
2471,51776.4049451034,-106.51148361102969,763.79,Macro,126703.7353477285
2472,102487.60729995741,29051.25282580323,2549.59,Nano,415916.421910048
2473,23573.38823194804,-3770.681591539662,2388.98,Mega,115869.22314031297
2474,84749.51250132873,41650.38610832716,8950.14,Macro,398585.97703910526
2475,16268.51842661209,-3945.704370896414,2637.87,Mega,51019.030683497134
2476,17132.509948635045,8171.751200897935,2297.24,Mega,49370.54093421479
2477,42855.25156134223,-2819.769421491612,2103.35,Micro,149296.35901555617
2478,89289.11485530977,20977.57456638584,8323.85,Nano,195722.6447290498
2479,73246.48245723944,31434.702659724953,4849.9,Mega,324643.2777169235
2480,22662.895357220594,23720.301485810087,2503.55,Macro,149226.84671053477
2481,90344.47255232256,26381.949236345536,2926.56,Mega,291183.0779537426
2482,80006.79853541258,28453.518354910742,1805.95,Nano,204660.55003523923
2483,8633.741538222654,9696.155984639663,5979.96,Micro,14646.498021727544
2484,80408.51824901953,28294.161906287263,2927.05,Micro,235615.97461213576
2485,105834.2986314937,33572.84005297262,6341.6,Nano,432968.8564680022
2486,3784.9016660563684,3318.3156225832495,3259.92,Mega,11496.319532800113
2487,57923.42789661179,18667.637667768005,297.66,Macro,196839.6216076552
2488,6516.902699386679,14214.858950211252,500.02,Mega,43810.87953083258
2489,64948.31790616362,19370.319815445913,4515.25,Nano,203722.65308901283
2490,64724.44389477998,41698.0204234386,5380.12,Mega,322797.86938844755
2491,38592.31058954833,35073.396191470405,8160.68,Micro,172383.31024512547
2492,19837.050977739793,9338.613565561207,1949.23,Micro,100107.2792865575
2493,39600.87583363643,20059.0210295098,605.21,Nano,116404.17311070817
2494,40376.746771109945,17460.672295196076,4584.67,Micro,238099.75867679386
2495,103471.08549680017,24838.493877200235,7478.93,Nano,333284.06312424585
2496,52255.3041427556,28223.77632413008,6434.46,Macro,241710.10603490216
2497,38519.69772223227,13977.645521285933,1698.19,Mega,204817.90121118355
2498,-13232.544948744862,3594.3103604923,2985.64,Macro,52590.65392375598
2499,22883.407111328615,9990.073168406168,1182.06,Nano,32895.356574016
2500,15048.721378031227,7618.840748267955,4595.99,Macro,89316.4038896028
2501,30437.04191850433,-951.6197874105983,395.81,Nano,167835.1805110773
2502,81103.34509776175,11711.562445144928,2842.3,Mega,129195.79668980105
2503,31625.61647527326,11445.8706388357,224.4,Micro,198619.6748798166
2504,44588.02975581644,19243.598901140052,4218.23,Mega,249808.78803032346
2505,66235.88836678944,32780.510907426105,4932.78,Micro,309121.4971623377
2506,79688.77437823247,19641.22913161724,4869.75,Nano,164294.8308947081
2507,36010.00765585665,7525.641092101886,735.76,Nano,204414.07475964163
2508,23504.15613620678,11417.271491606918,953.75,Mega,6437.144465347636
2509,32688.349160351278,4596.02973444682,13.63,Micro,105077.85379212472
2510,88232.62719285407,24770.2869775114,3676.14,Mega,315778.0404212277
2511,77643.20486359233,18819.230911831884,4163.34,Macro,240038.35993327285
2512,93604.67652319418,24100.085880298757,1706.8,Micro,322268.32137992495
2513,25876.693877755606,16194.854073011164,2344.05,Nano,114008.54051378083
2515,69107.38091961385,28842.058203342895,5830.73,Micro,329151.81320202106
2516,27390.084569824154,3340.7902003878685,2974.8,Mega,173674.63116026548
2517,71479.88913397562,32424.629260962865,5427.98,Micro,222921.13783894057
2518,72774.46159394176,41059.7139736062,6889.01,Macro,319761.8095813684
2519,51490.05389058026,20953.156460407343,3888.11,Micro,245030.10746673643
2520,9387.927777542676,-2244.2358938841317,424.42,Micro,158286.12632014902
2522,110931.40503470227,36952.95905016788,5170.24,Macro,409650.5592306601
2523,17899.17036328542,4851.689780997728,1471.71,Micro,18075.390478228575
2524,42293.69441444765,15763.682434155691,379.87,Nano,137656.27289190624
2525,43269.601059785404,5048.66115458863,436.41,Micro,88830.34587474
2526,41209.37650360489,5922.03434651888,5315.75,Mega,164310.88467274854
2527,42507.21344887672,10087.110031657556,323.43,Macro,127568.88622751494
2528,113673.7236145045,30923.29182013401,5554.09,Mega,297944.6487120548
2529,61301.41741128944,36552.12030830989,6619.13,Macro,289531.4670554722
2530,19768.356129824453,-396.2093586976607,515.67,Macro,134909.08778248334
2531,45809.152679588165,26395.117809750594,1952.59,Micro,158648.2895427136
2532,69977.38414228089,23191.261168718247,5223.39,Nano,306652.6690241613
2533,32248.919568101526,12388.665330081996,403.19,Macro,97705.18360314752
2534,71808.27010543614,20355.857956772263,8806.43,Macro,312635.89551102987
2535,66943.57290915535,19014.839344510878,3090.11,Macro,324333.40482537635
2536,102399.87184249079,30220.55509194457,3144.18,Mega,336800.1262360755
2537,13918.113889893668,13188.647584801398,2338.19,Mega,98317.4427183953
2538,74163.60425475263,8453.023206609447,1010.49,Micro,151183.90747066247
2539,44132.03908848437,19780.1510340194,1719.86,Nano,169369.16096641676
2540,78890.01949868002,30925.392806761283,3352.12,Mega,305915.7563670662
2541,6597.498529977949,8520.840286598133,3082.76,Micro,74831.24782087989
2542,32748.1612381828,24464.811101950945,2714.22,Micro,144055.22895512803
2543,28235.9493174291,4956.575888942831,950.59,Micro,96052.53058167323
2544,55556.02970551523,32071.205552837622,5481.3,Macro,240815.917448203
2545,40033.33960599187,-885.3116863627693,342.54,Mega,23896.49662818622
2546,67763.70248203723,25578.659880933228,2578.41,Micro,341842.7494975359
2547,41844.39584954527,6289.117383063865,2410.0,Micro,37498.03649410829
2548,76474.3129511108,39226.64761548898,3882.8,Macro,278422.62017200346
2549,58996.59468331786,26378.432336092133,1895.65,Mega,241580.05834295682
2550,34153.62827473891,9502.571303979343,67.28,Nano,21777.53666540816
2551,62681.06717983776,10986.449627631246,1843.29,Macro,140628.6418250854
2552,58239.231930375514,9659.743573026299,4829.4,Macro,90068.51275281323
2553,15218.346629238258,10711.33336208871,3029.45,Micro,131532.35872166054
2554,11282.194825106759,14539.222061915083,3476.85,Macro,74033.70728594872
2555,49521.78185577078,19595.266763793654,2206.97,Mega,126358.55594539014
2556,56246.719276477925,10623.444184874994,3573.62,Nano,120021.5514444914
2557,80792.37056388424,40423.149438425586,6433.18,Macro,277991.19407473534
2558,27881.421521816912,17285.146208330836,1308.92,Mega,164743.95506029742
2559,26840.143975006493,6149.3081899632425,2528.03,Nano,150108.06754269567
2560,28525.31708086642,10433.70076741785,2078.11,Macro,200506.45648786658
2561,62104.10486212764,26817.15550709885,2943.29,Mega,188813.27178144827
2562,27318.65323589051,9197.177956954325,1608.62,Nano,60617.883483787096
2563,47201.775666276655,7580.865376939646,1983.44,Micro,101769.22642726517
2564,13976.788259673453,11775.568836091818,39.4,Mega,73734.98188884233
2565,63602.09781523922,22185.848051639896,4269.13,Micro,151901.5210357488
2566,33875.54371339231,16316.671944984424,3775.34,Nano,93114.49625398456
2567,47117.42563873883,1296.3953468673044,2684.3,Nano,75610.26635610774
2568,69353.61026777318,22008.422560271134,1336.25,Nano,194483.0054092828
2569,25896.737083762055,-14662.9008243037,443.92,Micro,-52182.93172208024
2570,55370.507141073336,24869.72611170357,5677.71,Mega,345873.5310561961
2571,76549.37366913135,10463.820981165456,3647.49,Macro,296279.8443648385
2572,112695.79406064456,22355.11799075031,4653.81,Nano,329097.5377996451
2573,36431.989882903785,-126.43616962480701,2381.36,Macro,155953.84128082884
2574,29715.681508345584,5403.7375386034255,656.32,Nano,116132.72896090377
2575,84451.24033511039,23673.211838070667,3111.93,Macro,356489.1644393903
2576,107551.4246133508,33279.762687257724,7527.45,Nano,274491.3206215384
2577,103648.36243688066,28280.414960320693,1184.93,Macro,318500.9695255804
2578,97487.49347607687,32002.77067244654,3828.1,Mega,273866.1627491708
2579,17612.232071792707,4406.583793434471,663.2,Mega,97875.34695879948
2580,98157.77922897319,25271.824490869076,5133.57,Macro,296252.030299954
2581,24086.114413837076,6987.334203054092,617.18,Micro,190160.11732072785
2582,-2322.9689866271365,9260.140980456514,3319.24,Nano,70819.51420488147
2583,11707.377079308219,16405.26064434787,3247.08,Mega,70849.09896083483
2584,55628.83123914574,13733.430187979895,910.7,Nano,162058.87971211318
2585,55399.39529656402,24701.52949365913,2004.71,Nano,250059.29381833377
2586,79523.33510220484,21265.953599005898,5146.71,Macro,305179.00171415915
2587,37382.733183211836,30314.783297209637,4740.68,Mega,198742.13228891548
2588,58386.199444490776,14141.278708130027,7680.49,Macro,222886.8283135017
2589,97410.0439013969,22369.23951791808,2535.53,Mega,295154.4721545683
2590,77757.63185859125,27005.99450278497,1275.25,Nano,326874.06664807786
2591,27552.319877178168,8586.851750211854,344.63,Micro,205310.54155348943
2592,85187.86063390046,19509.255358031223,2780.68,Micro,238850.25909225462
2593,73149.9130478055,23413.953118502413,6524.48,Mega,314095.15305714676
2594,37956.88981899007,18215.5131184263,421.87,Micro,202592.00792665468
2595,64851.22165381328,11214.9198066133,3039.99,Micro,150954.2560427292
2596,116501.99952236775,32262.899229636885,3791.25,Macro,284994.74453184986
2597,18125.91280689156,10148.71656241883,4311.25,Macro,158435.92815472832
2598,99053.9760349936,27093.355083834886,785.41,Micro,294761.0891676046
2599,70230.35074780093,34277.57850322767,5517.52,Nano,262597.947771169
2600,64718.804547029606,21475.311179281485,6750.36,Micro,203233.03337217108
2601,41216.63213284968,-2452.4925437863308,259.15,Micro,87692.38417597077
2602,99812.65943249005,37676.693073904244,6995.89,Nano,287083.6320589834
2603,68708.4954812433,13182.10648624925,6685.43,Nano,213180.6683760203
2604,49638.04209206821,6539.87456394328,2147.24,Micro,-23986.32137077192
2605,30995.204096563233,6790.205085901244,1110.67,Macro,46466.82965803263
2606,44451.889375098755,21550.83538098584,2871.8,Mega,192295.0525565637
2607,38970.302433815275,503.7861739190671,28.85,Macro,66110.56010620734
2608,34674.55017390519,12086.32088060546,3732.88,Mega,98660.28650497789
2609,24601.27589335548,10404.458440956305,627.61,Nano,89907.74618069876
2610,42375.69689797202,18587.75642426357,2836.32,Micro,290114.0208824838
2611,64694.84884660373,21874.180628394504,1533.42,Nano,214309.01874863787
2612,26084.452311854006,7827.9198348584705,4012.59,Nano,67314.59639847123
2613,47303.57385326613,13664.40848876397,71.73,Macro,242015.72052547426
2614,29286.9677810243,11996.577050850972,612.04,Micro,109311.10703338297
2615,101442.90771129803,27484.196900607767,4636.85,Mega,303882.4035452017
2616,1712.7392082794486,7955.759663204055,3693.05,Nano,97712.43229620103
2617,25278.473528203707,3725.5198468446124,1431.27,Micro,89000.00993093054
2618,108654.32649643392,30518.696441019252,6090.08,Macro,264584.77278264187
2619,44748.17451292988,8651.114987646042,1567.27,Mega,108894.56536121736
2620,80275.66000018996,24876.882722422255,1277.63,Micro,362782.8691508081
2621,55114.65654840089,24142.196807501252,1980.81,Mega,209809.5165150985
2622,25343.90984850231,20877.79299388228,229.96,Mega,139810.20073491064
2623,8245.935761416691,3530.6811375536317,73.87,Macro,37219.78539698697
2624,113199.38306553086,38237.89149625339,5473.18,Micro,332043.3732307409
2625,19206.433869910543,3820.252439276585,753.33,Macro,5224.424485956777
2626,12681.06917200673,18443.628778017053,3637.02,Micro,87051.95513022214
2627,57285.0297470629,19950.92226214468,3006.83,Macro,239150.34412362147
2628,34722.0471014856,19971.430259503526,1282.19,Micro,129645.20063324124
2629,93651.70902550194,32210.178137459647,3746.04,Mega,272897.0009634177
2630,92092.32134776046,39968.6803831967,5274.59,Macro,413212.11170074396
2631,18575.040342910735,24022.08894883929,1048.03,Nano,200172.882153737
2632,59293.652663204935,15465.22199942177,3203.52,Nano,195673.97399148403
2633,76959.9249129823,29107.433008268206,2750.43,Mega,250904.08093058845
2634,75973.67168323742,30429.329476373,4878.58,Nano,352730.75901413074
2635,76978.43394373049,30972.485022050496,7642.07,Micro,355429.3712665949
2636,76275.13924841094,28074.047560660627,4461.36,Macro,288386.39758901973
2637,74181.40797011915,24560.70271372144,4243.39,Nano,206732.0037918841
2638,45573.62874818409,20136.800648611836,714.26,Micro,131979.73013741916
2639,21689.25631431313,10081.763924504208,2210.37,Mega,20440.286478302987
2640,-2144.2211396450457,20086.50837167041,237.53,Macro,111167.6382097996
2641,106425.96488508907,22828.189177221037,2769.97,Macro,407954.46498833405
2642,51540.12546101741,7567.096501958688,1756.97,Macro,126356.51196408107
2643,7390.634262849384,12955.817355092388,323.52,Nano,112209.04871918383
2644,16504.041668926464,1624.3959660311148,3545.25,Macro,165864.21328983436
2645,29719.56689884486,3964.8287885740474,3332.88,Macro,48423.58533886926
2646,-11002.458037183074,19360.047020532118,2627.86,Micro,64410.64366277107
2647,64723.317754608186,25763.92177961974,5078.55,Micro,244015.97204579177
2648,50713.56834528126,7407.99665492899,423.43,Macro,179611.1172175368
2649,-1166.9350416563148,-2455.2951740057606,165.21,Macro,63766.909093811315
2650,77967.9529369191,29280.479459050148,2587.76,Macro,216055.11264746377
2651,52002.603022532494,19221.340581776603,5623.28,Mega,133393.0659752334
2652,57036.8848336656,23296.804623299242,3817.54,Mega,336743.1237591452
2653,91898.87898717391,38357.950689923186,4480.49,Nano,356033.94920342235
2654,60894.41340549645,17493.34555986947,2155.24,Macro,208302.4232413108
2655,45377.028197541404,5195.506935646298,1575.54,Macro,122921.38159099528
2656,71475.24488855679,21912.768281542092,1700.15,Macro,167060.33634462307
2657,40049.51267774407,11900.002368842303,1381.46,Nano,38197.564818366234
2658,42200.89733538688,18430.934690295053,3241.37,Nano,199181.01450939535
2659,67369.0627485718,25826.145683718343,7958.53,Micro,372163.77933352627
2660,53155.5817248971,17324.20542559428,137.83,Mega,150539.25739160844
2661,112427.00015188052,29321.6342671322,6740.52,Macro,355209.25949582394
2662,123049.76959938875,23797.557005846975,788.52,Macro,343901.5040754301
2663,79452.61668200437,4886.812539169863,780.99,Micro,179990.60478823484
2664,43055.42675882289,17846.379148079737,377.18,Nano,125690.55351891035
2665,51579.13769695438,31500.120121839525,4768.47,Nano,182959.85136273486
2666,32084.56186730141,11052.223199264728,3662.49,Macro,155077.75165328695
2667,56628.73041790225,3721.6638487470245,2703.72,Micro,220013.60130047356
2668,65207.427202268096,23231.398879193293,3156.46,Macro,317854.6746787259
2669,71449.51226669009,23887.871768510973,4050.82,Mega,190923.9552328653
2670,5220.846804149381,20543.785425125832,1894.45,Micro,60014.46848548559
2671,76556.18633640054,24536.093170138636,9204.86,Macro,211011.29342268797
2672,78549.02692652712,29825.30975570481,6427.11,Nano,217292.89208293444
2673,45717.252927469344,15655.225557839363,3030.38,Micro,158609.53861653252
2674,32217.61190933871,19117.26294162584,3989.67,Macro,147171.17257799275
2675,56060.34983472194,26167.88792134657,386.92,Mega,213116.34172238928
2676,102731.71930693736,23803.156064825354,1675.08,Micro,252512.0010494397
2677,47583.216942589694,15646.664530402115,3105.42,Nano,161969.53355306012
2678,146118.8857798884,39784.784280524516,6186.57,Macro,394502.8891980376
2679,90227.51142894258,42457.08485631261,6963.6,Mega,314788.69240396976
2680,71627.4154340284,35355.181887446946,4445.17,Micro,257602.57981883647
2681,34187.87056539195,7311.757323448188,1820.9,Micro,133519.6218597287
2682,65707.18988949875,17963.403766166346,2884.63,Nano,252983.84750059393
2683,10145.565067769923,15976.58793083383,1461.19,Mega,156596.6421872642
2684,46351.92459972266,12072.21657655595,569.85,Nano,68809.98143166499
2685,50011.55062895423,16539.223269746108,7154.16,Mega,197437.35590885222
2686,55224.55092185651,23172.55247114735,6048.2,Macro,202535.49025153808
2687,87299.83533261126,23454.86084754945,5354.75,Nano,355150.4137595056
2688,47648.10176134959,11423.907020341918,1042.5,Nano,219519.50144954954
2689,79460.6869248056,23063.12065703105,1437.49,Micro,84015.0278173054
2690,8116.378533284945,11215.741846398336,863.38,Nano,63351.89334711434
2691,68395.19575967877,14351.680387321687,7172.55,Nano,168377.05045512586
2692,48229.91119237356,14281.979031929002,2638.89,Mega,84188.72462645167
2693,52722.59187883908,17678.23564285985,3429.95,Mega,320856.7812340774
2694,85833.46278366096,19118.029917969903,4666.19,Macro,267345.68224206544
2695,82778.37109282572,26334.735018641833,5163.95,Nano,306639.51944416127
2696,15142.417188984451,31522.39762836967,2877.56,Macro,151242.28803679647
2697,14025.314146764795,5346.361731531524,2092.68,Micro,89962.43517295047
2698,36971.196270407476,10220.158256833885,5542.36,Micro,-4627.316998044815
2699,42685.04211133186,17187.109879496766,3797.95,Micro,138452.99201699658
2700,61496.49046590925,27055.552814727762,1927.4,Nano,211308.91121319903
2701,61515.8998864494,27238.24595873156,4626.63,Mega,311474.1659984351
2702,33228.181976315005,12631.020949956981,2218.97,Nano,191153.88470444462
2703,28706.30340218926,8731.88296702901,2194.33,Nano,46269.733509299454
2704,-7280.029047204267,9597.78740398938,2975.87,Mega,106098.1504628786
2705,96099.53768109508,26642.416645391782,4179.37,Nano,323941.6343694745
2706,8634.705119674712,5656.119362768157,1011.6,Micro,97649.16098974223
2707,43265.66902242247,7999.229324161075,651.58,Mega,166535.1240832417
2708,70709.46379346435,32386.464197688834,4080.0,Nano,236600.26650015602
2709,91557.96104254265,23391.172132676646,3116.9,Macro,231332.64840714555
2710,66383.40436642182,34126.25102825588,3436.52,Nano,292113.44235728617
2711,96708.06069643312,23866.2350328172,6603.77,Micro,355299.93956862413
2712,57157.241468493645,25279.706864312488,5892.87,Nano,241765.8231019548
2713,73074.50971882482,36616.593172717665,6430.95,Macro,370359.15755931986
2714,86989.15554255786,34689.20712069677,6443.25,Macro,340139.1094002711
2715,56904.75829616346,19035.303394183546,4202.65,Micro,243220.39175878986
2716,104253.36015970039,23632.029798768825,4338.47,Nano,300018.24959895486
2717,43072.70465960502,64.14978543583584,2878.87,Nano,74584.04106895986
2718,61049.129235369124,778.6614572051446,57.92,Macro,98939.72765517342
2719,83504.05741231376,17338.646418579567,737.13,Micro,171454.95073996478
2720,91940.09205117001,41075.107881419164,7117.01,Micro,375424.40012668504
2721,65965.84985184879,30960.606516785294,4224.37,Nano,308668.3820510764
2722,49460.61546125393,19663.568928601635,49.66,Nano,189114.9790627388
2723,38898.63734250617,4668.295239244051,905.12,Macro,48742.16208666101
2724,42157.398485213955,11887.831326440584,2427.71,Micro,128367.9910811639
2725,50231.981230887046,7534.236028010504,247.26,Nano,170461.71294309731
2726,55713.227989798776,21882.619543531175,2802.77,Nano,167908.43109078053
2727,83417.70144885391,11428.268863269099,1541.12,Micro,316521.091120632
2728,53713.455353010446,34145.31366042594,3168.88,Macro,203545.41962300675
2729,34460.89685680281,14571.527426533496,2962.68,Macro,104450.57991557414
2730,46891.91730798259,6752.890175831191,1461.0,Nano,143032.35404306062
2731,94926.5873146234,28057.59474619297,2733.31,Macro,354677.5902063587
2732,68492.04618831928,13958.65393168016,4832.0,Mega,188884.04886407848
2733,84176.962295252,19361.36841203806,481.81,Nano,166906.724247078
2734,90634.71450329851,32942.71599625104,6111.23,Micro,309001.96769878676
2735,55842.71318135393,20231.35842166699,5942.59,Macro,127084.23112086212
2736,71278.52311498208,26044.500115074763,1621.09,Mega,265092.4315284996
2737,16475.32608296816,13861.680960505284,2270.71,Macro,103290.22689566796
2738,16763.964119826553,14346.685244928794,3383.36,Mega,55084.15344589207
2739,54409.27563254001,5878.441863870792,2164.88,Macro,44168.25771032788
2740,10054.105893753596,7002.937102469146,47.12,Mega,96043.84867485538
2741,25433.740497361996,8536.20062080423,1960.64,Nano,141597.5961859477
2742,4126.423017374918,11942.284302418955,1558.48,Micro,89769.40762017082
2743,64840.74189542895,17902.962892034506,2297.89,Macro,313909.09237943566
2744,18701.87670268128,26452.143478702572,731.71,Nano,50669.13923048311
2745,96082.26473664411,23198.580615849503,3774.5,Micro,255524.92391457967
2746,97399.926959578,37832.04766610228,10030.24,Mega,281527.12329133286
2747,62477.705691517505,30686.1175715277,5555.74,Macro,314986.5780331332
2748,-12518.455973493015,1265.921046964639,3621.61,Mega,24870.227921303536
2749,111836.70944940306,22489.46767966805,5207.84,Micro,251019.78089253698
2750,21311.5043812062,12334.299814722284,438.13,Macro,105935.73390013856
2751,7375.722409942617,43.5295191846717,3058.64,Mega,50695.20537414363
2752,78775.08573784759,34921.12826232577,6986.83,Micro,382976.52507181535
2753,56031.120278869916,18445.159896672194,7897.15,Macro,270096.7314570049
2754,25810.749734467594,-1025.3473266568708,1.32,Macro,121302.7728828555
2755,46956.59411823601,11430.191746362438,5585.57,Mega,43579.65257895547
2756,22312.66368361743,7308.977444074523,1761.4,Nano,78247.11735650097
2757,41834.6704248995,19810.007498284744,4621.33,Nano,206538.65878485396
2758,78537.03003584598,15181.242986866582,3943.08,Macro,228016.7760000447
2759,123597.50352827072,25387.19654899618,1015.74,Nano,313388.8075576069
2760,56233.31893759205,33923.78714867217,8045.76,Nano,264188.11164098076
2761,80185.98232826643,32092.096217459308,5609.71,Mega,342314.2703472772
2762,57776.176180992086,16633.317129144423,7490.0,Nano,253225.2203492849
2763,69219.10715314306,14335.220057506462,891.25,Macro,147253.47292795262
2764,123275.34910701656,24360.478927159475,8688.0,Nano,365565.6438261153
2765,107717.53197657905,27079.660818183438,2696.29,Nano,312088.16073190694
2766,105448.81591777336,35027.11606351634,5005.5,Mega,321728.18672758044
2767,91751.02662291232,24147.483166627906,831.08,Micro,324268.2499982081
2768,-2270.8203170367233,4083.5521435135897,1251.41,Mega,66228.72971899598
2769,17155.607224744206,11110.565486975154,417.05,Mega,60076.1576226381
2770,27199.711676532923,11580.911143910405,1920.96,Nano,209936.89899515518
2771,71758.89532880716,16538.519299005315,1778.59,Mega,268100.8131653675
2772,88512.1308746665,25333.897051048305,3087.82,Macro,180428.51876369448
2773,85791.28072635572,22976.054731634435,3636.0,Micro,400514.47491711914
2774,20301.164919495128,5182.449168120464,1873.04,Mega,117305.91780570173
2775,14765.23676184913,2209.7738802601853,331.17,Mega,31571.03820783122
2776,69650.05203498904,26968.095834648248,5276.3,Nano,237360.88113487838
2777,-9425.956844400524,7368.660638083823,926.51,Mega,116107.00218530683
2778,25195.66208222403,17443.413606083574,1302.01,Micro,250789.55288663748
2779,83988.73130624232,32277.102126636633,8186.19,Mega,254253.1705619631
2780,36771.001487540554,9201.78283086643,935.73,Macro,204059.03486803814
2781,63810.62769690104,29998.625008153216,6693.9,Micro,234093.76380070695
2782,44934.45048529285,27783.588775871063,3363.06,Micro,233610.7924245983
2783,40726.434253412735,13190.159794627709,2751.05,Macro,177966.52804055787
2784,47254.012328688375,15806.443492295466,1069.79,Nano,96312.97124721814
2785,78636.77378634478,21812.03285457761,4355.75,Mega,264665.98473525926
2786,103766.5022661397,21379.129371477586,2831.54,Macro,245890.46083258666
2787,65213.24939766093,26866.11017151922,2394.66,Macro,280152.11265535787
2788,71609.6798188471,17784.569324603184,4566.44,Micro,149248.51636296688
2789,53591.057237326044,4055.4870741667096,1367.69,Nano,66958.69945219875
2790,19691.265724215424,27050.51031968796,3930.57,Macro,171477.9672539751
2791,19153.934543280742,14274.240559891376,3215.15,Micro,91333.26597438705
2792,43515.308040627344,7963.54255942445,2032.74,Micro,82994.12442937502
2793,35283.25895797757,11887.584876360928,392.22,Micro,159936.77362198947
2794,10312.898492681925,18439.736311244647,2311.2,Nano,47425.13599283117
2795,75992.55537478955,26265.918713345127,6145.55,Mega,265078.96954410116
2796,89511.41006698056,22575.393777821202,3588.91,Mega,218822.41592216963
2797,100368.57721535579,39135.1528872229,7565.1,Micro,342454.49387950555
2798,89902.33775854408,39679.27639584344,5817.88,Mega,288518.2236090823
2799,48090.51239287156,6569.530070633611,142.95,Nano,87535.44585805407
2800,68589.04739466574,29151.57337160031,5305.81,Nano,193676.69635876795
2801,25569.170618461714,2754.972347628803,37.36,Micro,27521.530605643253
2802,70686.1762118395,31456.4501405185,643.44,Micro,244781.24817662078
2803,89915.09898361257,9899.196325552257,2552.76,Nano,179393.88189947186
2804,41605.36369679472,16766.30661186992,4279.0,Micro,148335.54036759818
2805,38145.82774512291,19240.342020047305,789.06,Mega,149248.00941281812
2806,40425.76670481017,11262.945656391965,1774.85,Nano,123208.66453809186
2807,98406.65016380325,38793.274156934734,4248.04,Micro,325797.7170716899
2808,80388.86930738467,25801.85228533483,3961.28,Macro,281479.6539103778
2809,94928.982564713,23958.443520823723,4401.73,Nano,360922.14633038954
2810,100069.93958197282,35162.24897561713,4817.67,Macro,366015.6009560378
2811,71358.38157824993,13324.140455099645,1648.89,Mega,123767.9288814811
2812,53866.25756635633,14452.24465192491,381.85,Nano,110613.0692760306
2813,59032.973974738954,40223.61566261637,6272.88,Macro,240405.0029383328
2814,68704.34131706017,16447.405010893977,2537.91,Nano,253561.19384474755
2815,39276.78906598219,16775.436995729247,3464.1,Mega,181227.72201063327
2816,25376.27850271413,10655.89778206082,3470.84,Micro,100098.75470350542
2817,90807.69821669055,22563.17423613166,2236.35,Nano,171213.31936815742
2818,54536.687879224904,3823.0746854292606,1156.61,Mega,155798.18957269733
2819,87376.42190437757,51049.72854939358,8470.34,Nano,355794.8455334613
2820,23054.267426677266,15226.707242440823,2585.12,Macro,146200.87978273534
2821,33796.81378607743,7722.653346596532,1277.72,Macro,31867.350826371156
2822,44993.70610569515,11305.005840589667,4347.29,Macro,126061.71685014137
2823,36252.40351196213,15243.718010662596,2779.56,Micro,245616.27445814546
2824,65436.09578401942,24132.69842439457,3605.94,Macro,195276.39226509657
2825,117354.22733847529,49941.932382853425,7077.22,Micro,328518.7061962077
2826,55043.92115920085,11190.006483236431,1618.39,Mega,232333.57462965802
2827,52401.49055851758,-1088.9768008356987,1060.98,Micro,80765.42711787233
2828,130847.14621931192,32293.34213219036,5012.8,Mega,340862.61258750304
2830,96612.28860323902,29820.53202467085,2828.38,Micro,314094.57856516034
2831,21981.075449826,7111.412941205088,550.34,Mega,62777.052040572635
2832,100487.90600441383,38824.501511607494,4178.85,Mega,409389.83801168494
2833,60895.71340326526,22378.829604281873,1819.78,Macro,303802.2183554214
2834,9567.769627969132,11359.110814240184,3021.1,Micro,-1685.374179180697
2835,100884.54865474175,22292.994804759262,5091.68,Mega,308866.5039237943
2836,28025.361996719832,17151.219371602758,3220.24,Nano,151178.5623287494
2837,76984.82350724336,25443.27897772137,3386.16,Nano,253929.82311663005
2838,48729.5600066079,14906.834675558859,2441.22,Macro,169602.0341041665
2839,43268.05949405802,16945.041297779546,1969.66,Micro,193341.57279107918
2840,72955.0615479009,28030.486009091757,7280.94,Micro,344161.52519285306
2841,89702.65936502187,31849.95891283242,8566.79,Macro,329463.2871875737
2842,44603.25543878104,29406.934119219415,7772.85,Micro,252046.73820451595
2843,63723.11922136833,14505.538009886886,2249.62,Macro,270472.9032617341
2844,93108.33800091667,19492.38494736516,4472.03,Micro,455878.7683307482
2845,55688.84012201389,14017.665109180805,2944.59,Micro,140063.62459523443
2846,29206.499068941397,10316.026759182932,2411.61,Mega,179445.84467583554
2847,1539.2415768011324,7769.792718700181,5603.54,Macro,167397.1946679664
2848,25973.751745971105,17437.602314865566,4049.89,Nano,112293.3153034475
2849,102148.99433274574,24702.431209261278,4485.97,Nano,234610.8179078737
2850,69533.5229392209,26404.108132870904,5722.84,Micro,153925.27833221166
2851,25340.508008626548,8726.222809259194,581.27,Micro,165692.94293321623
2852,29012.170728827892,23883.8763028729,7407.49,Micro,161456.4618633365
2853,106278.92792330624,29044.842457124883,6324.93,Macro,312895.3288835008
2854,24541.257665424604,17303.610684778898,1571.68,Mega,166516.4665697383
2855,83666.68275079146,23645.45134403246,5403.04,Mega,335108.1112071702
2856,74439.12748922796,23456.303928671434,3547.4,Nano,298903.41034215986
2857,75023.01250275559,39313.58682806622,8863.22,Macro,262017.78416446145
2858,76170.33598420932,19832.09678774676,1477.32,Macro,185956.53308844328
2859,31934.583666139282,11918.859980328003,2799.22,Mega,162048.69723883353
2860,36610.15154764754,10929.740139820999,33.65,Mega,30629.191451934625
2861,15376.03513075427,3203.965787322697,1231.38,Micro,-20348.760928007905
2862,98845.84046238143,16107.15675804833,1180.41,Macro,212480.67087068033
2863,30533.31672355619,5764.300548147676,1239.67,Mega,138745.1156685879
2864,45192.45374995171,27000.954468272008,3602.29,Macro,180748.1981143479
2865,74971.73774976746,17397.27057961612,2478.18,Micro,281093.4058368146
2866,41943.453194379035,22450.304622140527,3011.9,Mega,229921.0352398758
2867,-10350.782671931582,20432.940351070753,3733.75,Nano,12692.225829394447
2868,37610.83935139795,11112.015937715169,3323.88,Mega,128003.49145513141
2869,13674.344971797209,15697.679092473953,5696.14,Micro,63984.649119226626
2870,62002.57098721058,-996.9113943860666,2827.16,Mega,141480.68041543252
2871,35144.87496586453,4158.518850114436,1101.27,Micro,195733.18784452736
2872,33312.93041032014,5053.782072930984,51.93,Nano,95594.54194514581
2873,72830.77381449613,30606.62380185341,6278.58,Mega,375161.8498389906
2874,34181.73706653854,3630.0720024638285,4710.26,Mega,111320.11609985407
2875,76335.67095544038,29030.105432866505,3750.27,Micro,293169.02154425264
2876,80821.86093712246,30433.766823058166,1524.15,Macro,239352.33094338942
2877,1398.3179520933372,-3632.0162068397153,2447.64,Micro,57735.37725482293
2878,-2673.1732917571644,9452.929101330781,1368.27,Micro,91767.51754511095
2879,43779.138700063006,6231.75513878405,1997.2,Micro,89032.57264602775
2880,26832.95107721773,9271.0027408436,1051.39,Micro,144523.68379450226
2881,54087.2195707327,23518.870353381844,3582.99,Mega,267781.6730922697
2882,85893.27012165131,30218.812698099086,3643.03,Micro,257640.29228286477
2883,30339.882805694895,1917.7580041832525,1641.51,Macro,144876.97989365546
2884,15510.905515100434,6991.348001027216,474.24,Mega,98845.69939858196
2885,18768.024341932745,17721.682611264307,2419.84,Macro,151814.84367507335
2886,99002.76407983692,23361.61349788754,696.33,Macro,292736.47939331573
2887,75405.34437156269,29723.01663004009,5228.49,Mega,321044.63233133836
2888,62738.27904172158,5126.557523194128,1566.33,Macro,149129.26586451282
2889,101688.44761726193,22961.0761315849,6917.55,Micro,288076.28446147963
2890,45759.9691247303,13739.987734894872,5592.58,Macro,146805.06760814218
2891,72920.43879062917,24015.48484414702,4628.86,Macro,235905.25349917175
2892,48922.30507506041,32950.09311931898,5814.95,Macro,236802.11149710417
2893,78708.92914803862,35223.096407900404,7344.05,Micro,368700.88046718435
2894,40907.43680122665,21916.64832341223,255.73,Macro,198251.91699538485
2895,46456.00620465909,25467.218953378757,3484.75,Micro,186145.41806286486
2896,89764.6025951853,28828.830897143183,4420.55,Macro,285104.9686675816
2897,19038.529882251736,22906.1723503817,2682.33,Micro,213910.70842487653
2898,41664.50795931622,13025.286124575281,1153.34,Mega,185005.5287877632
2899,76474.8970425853,19807.160853648435,1666.53,Nano,218978.86780922575
2900,73.42831864533537,8404.045358772826,982.76,Mega,35444.68246601177
2901,25159.593371459392,2376.89729051379,1912.69,Macro,100707.82521842004
2902,29880.19271400274,5119.206275715556,1954.88,Micro,63713.33115647404
2903,38986.31462853434,18148.846592358015,1823.41,Nano,84132.55272886559
2904,57426.616818074115,19052.854869672185,1427.89,Micro,174881.62929838078
2905,30896.840639686667,16107.466049325029,1308.26,Mega,128520.12608370265
2906,57850.86511869631,25587.282157205067,6076.59,Macro,345089.1391949818
2907,10798.886372960082,-388.21624199064036,507.79,Mega,68292.83245076839
2908,19761.692484301988,13422.007868004708,1901.25,Mega,51877.110844906645
2909,71965.42315852304,34304.06452998217,5829.25,Nano,358313.2454880178
2910,33354.6451529206,11464.136838118295,389.2,Nano,130631.91149915123
2911,101753.53751447413,32366.662245625506,6988.18,Macro,284524.0883773692
2912,63221.56207253218,7769.020565443857,2508.98,Nano,155488.42069826616
2913,78108.73993841905,32501.712594441058,5605.63,Nano,335982.5874381274
2914,33922.54520361575,13328.705256626701,827.74,Mega,90657.48062972474
2915,25540.09956122091,13936.91333192808,4690.74,Macro,151092.46929014276
2916,52395.89165617166,25845.84151079708,2826.57,Nano,267202.2444710108
2917,43421.386617396696,24863.548695393292,3817.03,Mega,159063.2610150249
2918,43212.18327630231,6846.171941206819,508.68,Macro,47683.373240821
2919,74909.17286476823,15116.359105701005,1063.63,Macro,149150.97435193378
2920,57953.63500411717,31074.538980173897,3875.18,Macro,294952.0463392561
2921,96569.79876905405,23078.52284283491,5521.46,Micro,286998.285173183
2922,82371.6329695467,42421.75797715094,6685.51,Macro,312085.2637490996
2923,13443.398921287268,4663.635075650149,1324.97,Mega,51156.67359715323
2924,54556.8748978759,18807.235447348725,2970.73,Mega,254353.6810397302
2925,41636.23823946001,8957.379766316984,1509.52,Nano,57836.90961672152
2926,118226.46042822578,34838.19180162784,6098.29,Micro,337633.3664174256
2927,51826.222965245026,6857.330890861316,520.85,Mega,146071.67215045806
2928,115649.11567072642,31956.24464207983,4228.82,Macro,274500.2748015797
2929,55118.922234407895,31038.514597169986,5223.86,Mega,310557.5134454584
2930,82450.39663217671,17812.779437171004,1379.47,Mega,374000.6114829799
2931,49891.15913417986,4794.195169574076,2507.19,Nano,156730.2918492441
2933,89751.0552021077,15765.306352550511,1726.27,Micro,335677.2708684481
2934,102027.32498864006,36589.36786740053,6093.94,Macro,342191.7036208826
2935,27955.682805395234,7577.304220881995,1614.93,Macro,215236.0708757469
2936,97920.04731075784,25353.10417544102,5690.37,Nano,375525.0940153424
2937,8704.658887616037,-529.2422618419192,1089.99,Mega,83395.27813425749
2938,19685.806444276008,2789.6252534736213,219.32,Mega,151011.11390804854
2939,46603.983785559816,15969.187304752642,3267.17,Macro,186600.09198527498
2940,26578.092377815297,-5238.9053641193805,925.17,Micro,-37393.94781273638
2941,66892.94318538369,17311.406589666338,1042.66,Micro,191155.42370018634
2942,93743.88860019522,32878.69327397152,5033.56,Micro,274982.406288846
2943,57538.01360280093,7859.71634705859,2844.23,Macro,168207.28380758213
2944,41921.05859781108,26393.176847975763,4153.91,Nano,262303.8457102483
2945,50190.392826948366,13512.019501489134,3151.39,Nano,185805.93188510774
2946,87764.02979466335,33664.33511422405,7602.36,Macro,415457.6356814236
2947,24460.093881170935,2069.0338517270484,2303.62,Macro,204787.89044211275
2948,33061.01037310339,4022.29767676038,840.97,Nano,41295.58791604575
2949,59861.35379303257,15039.052474805478,3349.84,Macro,276807.4372887832
2950,47507.99956155076,-269.01905958955285,1952.39,Macro,128368.0961150132
2951,-1914.2249864909227,17679.963443025696,2099.58,Mega,147477.82097579387
2952,51045.706704568765,9388.26236822393,836.94,Micro,236994.9138613103
2953,-16907.928099616078,10825.644730138127,332.43,Mega,45028.89281845588
2954,62982.72596481745,19098.91794736212,3052.95,Macro,75406.29414045555
2955,48789.895055343804,10406.868247324817,1322.38,Mega,95480.96554976807
2956,78959.55273023377,30156.60880344991,6850.74,Micro,223496.96960550724
2957,70339.44424657557,25818.7878281559,3116.63,Nano,219443.08014814285
2958,24410.56396093376,16362.714262571946,3597.4,Nano,122616.31679588638
2959,124842.82778729542,36522.11043040163,3385.31,Macro,352035.9315337303
2960,81358.79568193982,23347.48998636726,1373.66,Nano,232676.31116234005
2961,17741.89667801713,16081.934499481282,2670.11,Micro,126807.42606542943
2962,77390.362527814,26059.051490917296,5425.45,Nano,258705.98463511158
2963,26606.078900680284,466.0632793125724,1732.69,Micro,159347.31957001064
2964,104220.87238105944,30242.718076018016,5081.8,Micro,356731.92569409154
2965,101298.30214951986,24360.51626065507,4373.47,Micro,303446.79215745104
2966,80758.87592352291,23485.406446304787,3319.7,Macro,290857.27112857637
2967,55006.19405374235,31274.396878116673,8103.66,Micro,315483.9606790425
2968,35012.56482221728,1338.3714149557482,1585.8,Macro,93525.30105132886
2969,46918.99964003382,12294.677536567599,3856.3,Micro,156991.7085959473
2970,9140.899237877646,9931.865999513226,2828.31,Nano,34716.12848360764
2971,45738.37961496613,26863.905269910498,5358.95,Micro,327108.4531467805
2972,35701.85375483731,11775.194683963753,2529.44,Micro,76523.86483981278
2973,48702.606577244806,28915.48534735239,5549.67,Micro,188860.39096729874
2974,22346.95260290797,7586.994609269608,686.66,Micro,50535.53485992753
2975,27011.153860550392,15852.49459882238,950.81,Nano,185093.06302652598
2976,78153.96894627748,37269.31356348975,4698.02,Micro,281006.05435247225
2977,57259.910643328825,-556.4194197007855,1647.91,Nano,245579.3537945902
2978,105819.56789712873,21852.358097885903,1160.34,Micro,292666.4975298884
2979,115999.29208739748,21943.730580207895,1277.69,Macro,223205.75180804566
2980,102977.89370041,28198.12182437466,5987.52,Macro,313804.68346572376
2981,62832.88371473641,22950.395619995146,2516.66,Nano,169569.15297394304
2982,45345.07726062936,-45.053467178827304,2523.64,Micro,50200.89721575655
2983,-1852.988240829869,18283.452948799728,3993.12,Micro,107914.78456266751
2984,79604.2456612433,21844.679284217622,2841.14,Nano,304980.20901769446
2986,-13349.696140562683,8840.969676862213,1089.86,Micro,145189.22380928043
2987,67297.36645044343,26901.24753599684,6255.03,Micro,261834.7182668443
2988,19096.16310241261,26912.013969162206,5855.27,Macro,227495.3882759023
2989,31597.095776266535,6713.436937097833,336.68,Micro,58977.072415735995
2990,43551.460142138865,15338.979217467051,1852.18,Mega,139918.42494573488
2991,110637.17311298124,24813.908361099508,3043.52,Nano,285940.82808514655
2992,27490.91030020983,9476.345165272493,2260.93,Macro,134640.0480978046
2993,114778.97106818261,43295.07147571554,6137.99,Micro,402579.6740304779
2994,59787.71219378588,25318.692887658814,4522.9,Macro,141897.9056080836
2995,46704.277442582534,21774.67795264368,4667.5,Mega,185348.2668867329
2996,52882.361969925085,25592.332755697105,1673.25,Nano,274998.75384458515
2997,57804.25751724783,29787.116026714277,7581.21,Mega,207270.04452815728
2998,41988.184172749796,17831.700728450385,1088.92,Micro,42608.67735704545
2999,23643.10232260897,8426.895159453205,3866.94,Mega,184147.12317949542
3000,111023.53085591306,32765.661176209353,3149.28,Macro,295064.01221329614
3001,-6303.365012841697,10216.863699850845,5347.55,Nano,76538.75029155966
3002,103968.13557958652,28468.221246384666,2841.5,Nano,288562.2337997806
3003,102327.77737468664,18254.955266761717,3174.01,Macro,323718.4689966268
3004,81846.70798489127,42285.49859560472,7258.38,Micro,255351.54947138354
3005,39434.22616585604,18025.57438994947,4555.54,Mega,169987.51613261658
3006,39409.858152907924,12640.46947279913,3366.69,Micro,201799.96862284947
3007,27350.92759090293,-2764.751336662669,1906.03,Micro,127134.97852778871
3008,55975.11496364389,17591.727387491854,2293.06,Nano,159426.47757157328
3009,53839.585258941785,12941.993270059596,2101.51,Mega,145977.25494828803
3010,48176.73840059083,16485.461955792918,2858.76,Nano,194377.886425812
3011,31428.107299011193,17301.946110916033,3330.65,Nano,120096.4309860916
3012,69631.87536918402,28710.60773732396,6573.73,Micro,343256.2721832376
3013,53667.80820570675,19009.865819672443,602.83,Macro,244008.73513523192
3014,76192.08977572671,19960.671719065947,4113.42,Macro,243656.44602360865
3015,53324.578221939555,33166.94263370765,7916.41,Nano,303561.4804870798
3016,7535.962799843802,14542.20639410619,678.51,Mega,40135.20011606986
3017,64937.0741862767,19302.84505239967,519.21,Macro,212074.59071240155
3018,-6149.534351757629,10842.470044067853,2470.0,Nano,26869.635758958742
3019,68732.08267684214,21131.985771755728,1253.03,Macro,303775.81990385894
3020,33162.35511704396,11939.72258272871,2309.97,Nano,217784.17294450526
3021,62961.84889769621,22534.445371173006,3204.36,Nano,164208.1184854182
3022,46668.697829870885,14598.62842060942,5465.26,Macro,124290.9726152322
3023,46045.38833861578,21407.628183393354,3681.82,Mega,179920.5398352981
3024,35472.136122690536,12728.481881094473,609.85,Nano,115652.60594201721
3025,24449.21842843378,16347.467005277305,1228.34,Mega,206163.64238699814
3026,18057.98183858231,8759.874949254901,1353.23,Mega,94627.28660951335
3027,83942.06351381177,29065.90237970569,1465.81,Micro,126365.9190077126
3028,83147.82414693918,14067.38681510073,3664.08,Nano,181948.35070706904
3029,46355.77073005207,22013.101475983058,4596.61,Macro,187414.29444352118
3030,28242.372677089614,-1831.6591392508526,1439.27,Mega,200348.1953352388
3031,76579.93076951454,34148.20871399118,5258.12,Nano,242346.19857010135
3032,55405.101554074165,17518.73458308737,2771.9,Macro,257282.39831153615
3033,56714.9091521464,16217.995725236937,7610.97,Micro,203480.766674235
3034,83412.95939950015,29093.064549340503,5147.52,Nano,373352.3922088249
3035,61837.97341239767,18757.906858987266,1951.0,Macro,208380.5696191423
3036,20247.526200517394,8626.037771592986,497.25,Macro,143394.891195082
3037,73303.95836481541,8.629423133751516,3043.99,Macro,185209.53086662013
3038,58689.93395235712,5576.1964057678415,62.54,Macro,166202.86155246792
3039,86638.45281401539,29964.627275929597,4539.82,Mega,289792.0031646906
3040,63648.65722035317,11515.080614621047,8274.53,Micro,208238.20328058532
3041,77296.95033463725,5037.381392328304,1321.27,Macro,277306.5257389227
3042,40726.19791453956,16751.327828668487,5422.18,Nano,127552.03385384413
3043,25977.717582357585,20043.545190560762,2347.34,Mega,65866.59720270592
3044,15192.918197923202,20387.575975118034,1748.86,Micro,505.4239342787332
3045,31727.914523276686,1155.593463361373,255.87,Micro,102731.09337829545
3046,101355.35384880904,18084.892164848687,342.66,Mega,168783.30330489212
3047,24955.567403208246,17841.19098958708,180.6,Mega,217921.75851405787
3048,22814.8976925678,16650.12480235688,1018.66,Micro,140672.75422782672
3049,30636.217889175656,-2470.333979993052,1659.52,Mega,112788.68083537139
3050,36360.13884766744,3158.4289464053522,65.84,Nano,101050.44346009253
3051,78908.98534420333,30169.076263205145,5625.79,Mega,343863.75871387665
3052,9791.35918344498,23109.921223656085,1474.61,Macro,44890.42842371468
3053,51301.71583535151,24030.257879958073,4247.81,Micro,211915.56631812348
3054,59643.47874829359,20085.355298185932,740.54,Nano,178985.71392312902
3055,51376.69662054589,28047.588617648024,4516.22,Macro,177458.13582139145
3056,72773.7809797045,32158.738335625043,9502.27,Macro,297759.61856723507
3057,83155.34085499601,21303.998072932554,5056.05,Macro,204800.64908770943
3058,22928.476356984727,11850.420536697786,1036.05,Macro,120177.33954550861
3059,93379.62136847977,25832.501202395444,2974.96,Micro,295441.8064475846
3060,85839.15549397224,24379.240554974403,7655.59,Micro,251115.2772262545
3061,44024.29767797351,3844.481267840669,3565.9,Macro,140844.2296352918
3062,35676.85220093401,19522.001043523924,1364.43,Micro,112166.34798304338
3063,111459.12288921059,33218.89910002313,7412.18,Macro,379217.9889595527
3064,71515.46347333492,22458.489574024843,1088.76,Mega,359159.0969096231
3065,86732.7212007627,31546.892294130736,5953.68,Micro,267448.7722371061
3066,93937.9698719113,28124.83934622026,4074.22,Micro,263594.33617869235
3067,46085.15302010595,12019.775021836802,858.91,Nano,46631.39251919522
3068,88422.75004212312,35636.79555944667,10214.81,Macro,300299.5033471826
3069,24670.587444535155,21010.392711619315,2713.99,Nano,134939.54497853416
3070,109648.20487153162,31257.761431659295,4016.9,Macro,284018.41301118134
3071,73337.40396374672,26671.40901046245,3771.89,Macro,249319.1245938891
3072,68846.47683298524,29785.39166592154,6726.77,Micro,366774.55216531915
3073,56365.857901537514,21025.33874403206,3258.95,Mega,168772.0072098797
3074,70270.46952848005,16808.487830441816,1663.68,Nano,368506.0955437222
3075,42187.86842393957,16587.216999864126,3601.39,Macro,149453.14438045054
3076,77892.16783461907,29988.374661479436,6739.5,Mega,220218.2307009343
3077,34278.13753758429,17243.953364014284,1161.45,Macro,132236.00749049665
3078,17337.723143016236,7613.755731691113,2452.27,Macro,82924.43802000686
3079,101743.06989242873,19087.213287961946,1995.13,Macro,269270.0264498567
3080,79244.51222208363,16684.565036581567,4671.0,Nano,204385.96461897387
3081,29937.158764615982,11762.001166451288,174.76,Micro,204490.0080241261
3082,84788.73576794975,24146.833465151525,3729.51,Macro,235343.86304656224
3083,100307.75871126573,18466.933912399483,1166.86,Mega,337008.33579622104
3084,20606.80204833537,18350.070686553037,2397.55,Macro,37720.45488611608
3085,91499.9652355194,23775.222877795983,700.88,Mega,228187.75786798948
3086,45872.27604260802,17255.397243457115,188.39,Mega,127737.10464638646
3087,97154.30438019201,39320.154512597335,5522.81,Macro,354928.45744384814
3088,23162.888804454546,15163.834421137344,1980.0,Mega,118956.12107684258
3089,25984.820622211944,17114.289640189545,3173.63,Mega,108761.47796072194
3090,41866.24798918942,30112.65794976681,5061.94,Micro,159788.15286803205
3091,92329.5537713923,40254.27328255764,3479.53,Mega,261094.3416753396
3092,43804.329740796195,15577.055122603302,2937.63,Nano,87849.18775677681
3093,94326.09766540867,26026.848042431517,888.74,Macro,350941.8174888114
3094,27707.056583931724,9128.530301249839,2180.05,Nano,4780.866492869092
3095,30581.086913158128,32775.3136663906,3334.02,Mega,310604.9587540949
3096,75952.36891729625,15649.072020516292,6418.8,Macro,175356.3389497075
3097,55136.22993078237,4970.562863660766,934.34,Mega,135662.67639568174
3098,44601.86431283194,14220.724318552613,2353.7,Micro,114902.67066746409
3099,87829.05499756093,37492.180975268406,7837.74,Macro,342177.2557975828
3100,58705.069206503016,25353.15125123332,5616.32,Mega,251226.87980596107
3101,87084.66348480649,33290.57191528411,5757.35,Nano,365928.76564803184
3102,80889.07330936602,47304.84786515371,3937.11,Nano,441652.15903555136
3103,46601.025378373044,8941.311875166197,2339.11,Mega,131481.36329277226
3104,69678.04038864143,15222.366551659552,2028.07,Mega,128279.32969363665
3105,83029.74817405314,24702.23632405467,5576.69,Nano,313007.70152511913
3107,61709.8211243025,17190.394165630387,4371.49,Micro,217879.32532164716
3109,105603.38356005712,35788.82105371803,7067.68,Nano,251259.54629094456
3110,31802.89406193409,12279.358957589859,3337.46,Nano,89238.41352545483
3111,92631.52486517947,21994.546247886392,6960.36,Mega,286908.7887825541
3113,20471.394713524835,15429.274157587837,1602.54,Nano,83971.36503651281
3114,54235.866411707706,12838.73582367581,21.27,Nano,218002.24291714103
3115,9188.343880069518,2454.2788019380773,5441.01,Micro,44897.42338468769
3116,39965.85726912015,19513.904977884904,2950.2,Macro,125520.7641759012
3117,73079.29175921775,26934.45596285317,5616.5,Micro,366700.63135649415
3118,89872.62409485325,30472.530702825778,4269.07,Nano,381011.55273046455
3119,75403.07233093245,38179.269771026295,6494.09,Micro,327582.37066887645
3120,17002.393476364163,4288.9339930143615,199.66,Macro,133186.6966344166
3121,19507.553403621736,7769.1136645585175,964.36,Micro,140352.62597304938
3122,125994.19885565588,25491.882486986906,4337.24,Mega,296430.85922048497
3123,97473.8422290396,34549.34243846975,6356.48,Nano,297063.5329920393
3124,36636.69891277447,13870.093017670955,2971.34,Mega,158059.89401635065
3125,70304.17258091875,20614.286667001783,2405.1,Micro,169965.46955992584
3126,10557.153688706581,10666.500842198577,1373.88,Mega,65539.05276159619
3127,22276.16984492423,-1551.3955419661615,1199.56,Mega,31353.430389438126
3128,36919.81377581463,23195.023107032892,4035.11,Micro,152845.36176755562
3129,73536.73346595131,16957.883778232088,7469.62,Micro,164614.5125784718
3130,99492.2099344304,35962.49050396884,3057.99,Macro,390477.67638157704
3131,24477.07559750382,10766.398893896832,2075.23,Macro,96704.32536079198
3132,47244.31892578874,19646.123469569033,3257.42,Mega,125077.78097760014
3133,58596.72757229294,30374.530761561567,555.85,Macro,272370.7486128741
3134,74295.55334122063,23695.84500253589,191.96,Mega,303139.08550342993
3135,90520.21303987634,35787.593698367855,4268.64,Mega,310812.228108448
3136,30472.962269741634,10536.234189679066,2558.39,Mega,132562.01916053068
3137,30333.969714178103,541.2259634415816,1075.43,Macro,74223.90389849304
3138,46651.559896924235,12663.002588750158,4621.13,Macro,245219.42293181084
3139,48989.68786044422,18691.917740964196,7641.13,Nano,277541.678204195
3140,8580.906325191381,-1047.37481501261,19.31,Macro,101550.32183239909
3141,37783.958185549076,16909.59495902724,4159.43,Mega,167096.00685312806
3142,39435.4073660888,11178.752632625481,7161.31,Nano,161574.00749791204
3143,96613.85986752874,31778.42038724189,5548.21,Nano,318132.73574755486
3144,54321.68281781968,18050.049686133985,1605.19,Nano,213275.3034781484
3145,87172.60365693824,29533.47690729675,7342.51,Nano,336491.1347901407
3146,90561.26307273717,34250.93232679354,6731.47,Micro,349954.9373776469
3147,75062.03760206456,20812.36115679799,2172.74,Mega,186659.43553683494
3148,39899.79826904723,1311.2620656890012,1330.44,Micro,98950.91902320123
3149,91698.57461903582,21067.42160097942,2327.48,Nano,275806.7325229149
3150,36980.974808517654,11968.985397978202,718.03,Macro,-41897.23129118113
3151,53982.281356695836,13642.760224074636,1322.9,Micro,99994.30895534916
3152,65509.61713536443,11631.50858033736,1282.87,Macro,174287.8328818224
3153,27611.146191355263,8260.115425366415,1415.74,Nano,217290.89052178053
3154,47983.20806200496,2537.557204670007,893.3,Micro,67709.73790363004
3155,88264.0008923831,28585.716227002933,6126.36,Mega,265604.9246195295
3156,63973.94686800444,30317.790525965633,4451.85,Nano,250472.58142049506
3157,2762.043922605768,7363.438739649021,1865.53,Nano,114162.52795667472
3158,25496.469314764356,20577.05565568896,3414.84,Mega,215992.84134532395
3159,83001.73251924083,23418.831863580617,4156.53,Micro,297178.9640524054
3160,31678.09993810037,15670.65946511252,2569.46,Macro,199930.56096718644
3161,88055.98753472697,19880.57736061186,2294.25,Micro,243530.74554630156
3162,-893.5163839545494,4102.157980168767,1396.28,Mega,-86522.11798852737
3163,30124.3785835851,8254.09895993315,1308.74,Mega,99665.94839910125
3164,28178.60499516,875.888943866684,4784.61,Nano,123984.86411868846
3165,59052.52285680733,6839.648630601925,1135.47,Macro,189075.88487920788
3166,33281.16546164895,19269.783673808095,428.53,Macro,169488.02199905238
3167,117372.95421263912,26935.363568054374,2504.07,Nano,272452.0195087122
3168,9618.959834488214,5645.161047220285,2339.84,Mega,36953.73898551117
3169,29486.43186301299,5324.107682310849,2951.87,Macro,122967.22377664378
3170,50485.0435588047,23904.43254545248,1304.58,Micro,270851.0065744405
3171,84835.53270378268,21347.030603449704,5969.25,Nano,220827.22043199098
3172,9253.686168040289,12899.770661889042,1024.81,Macro,48573.665389180926
3173,93745.76873299826,41069.0349410275,4755.05,Micro,294588.15166459547
3174,97717.85001854983,31805.46363692983,1867.95,Nano,359520.4524002205
3175,95466.26069889193,29480.892183857322,5407.82,Nano,386900.8696568543
3176,-8053.277901546339,10612.452337480838,3299.25,Nano,44718.24202540061
3177,4155.010775833438,5280.071941293395,329.94,Nano,62514.69966578509
3178,26462.98489529797,13825.933709108493,5930.06,Mega,93601.80758343315
3179,34169.91179031695,15727.64411395585,612.28,Nano,-6470.7036898498045
3180,29348.281340256355,10447.599112106342,2681.85,Micro,175938.1622434296
3181,40394.504454840455,16012.00713610704,3013.49,Micro,86435.58077146608
3182,13215.537046910915,9157.830474571994,17.01,Nano,96176.93411677577
3183,22543.38476324933,11865.816313214998,1828.6,Macro,93281.65617493381
3184,48192.962072688046,-688.4456814231994,61.27,Macro,48001.30713364006
3185,97837.80480575119,35239.261443213356,2377.67,Nano,395435.21488297463
3186,29681.72820733767,16505.084193418254,1086.53,Macro,35339.41403703084
3187,41288.335893656295,18709.3331892539,884.52,Macro,172058.96606839082
3188,-12479.168414695898,3250.533168872508,130.78,Mega,88011.95536886362
3189,19961.444746587396,9844.390069559186,3276.22,Mega,51139.769646094035
3190,56032.73824163407,33190.13233130188,6758.47,Mega,310349.63893219625
3191,63394.703033931204,9514.732354039876,4383.67,Mega,215655.21368201758
3192,56823.73426054293,16939.023418764544,3193.75,Nano,228267.27129954594
3193,56981.891488382986,6394.688905163582,732.23,Macro,164738.37974639868
3194,31930.246922358958,12500.100968443263,2613.95,Micro,82884.86377379924
3195,19664.888687212322,17278.256121986433,1227.67,Nano,144569.1140831907
3196,93100.76706331791,40065.21649987021,7379.31,Macro,258606.4999001493
3197,99308.63186092836,28505.097336757743,6913.73,Nano,350713.77480600437
3198,96911.49417266285,34464.26747387824,2641.85,Macro,364688.7894824013
3199,49413.9957777881,14029.003360869761,2865.08,Nano,160636.85261585555
3200,62379.11396492822,13594.333534372789,318.09,Mega,196150.548750359
3201,86529.17552266808,24502.653780254204,3481.91,Nano,239804.06816862265
3202,62143.036177002636,26763.103596739893,2357.76,Micro,324351.5959617134
3203,83699.63627137648,7123.641708098363,468.68,Macro,118982.71568034176
3204,52259.05716614495,30513.08131931185,7145.67,Micro,351280.8885330571
3205,98414.57686372208,16946.08291207915,4367.76,Macro,252368.107612873
3206,5237.762642832788,11681.594117176159,2071.64,Micro,60076.08591464845
3207,90804.5045620382,26037.72183035459,4564.26,Nano,332801.7896267991
3208,49975.6425744596,12333.584377077734,2182.89,Micro,131175.1932496936
3209,44979.48876426311,15542.804158130453,1462.86,Micro,172741.82959140974
3210,38142.41578386489,-490.8801228529928,719.07,Micro,66905.56647678318
3211,35730.0179055796,17911.08099580506,461.93,Mega,151112.58854966494
3212,56936.2111562223,24006.82555645135,877.48,Macro,260822.1952109809
3213,42108.513388695574,4215.3296944661615,469.67,Micro,143614.4520324684
3214,79618.26809659884,26051.463630001643,5698.04,Mega,185236.37513429695
3215,64936.65417314052,7255.399035628811,381.43,Micro,261007.14042225346
3216,45279.6228405324,18321.619721996627,1085.35,Mega,186274.16720245776
3217,25236.85469273774,17188.440152009767,1906.69,Macro,128349.93797453173
3218,58423.7548060917,16584.000255442268,427.45,Macro,137103.0217633231
3219,34413.46101635532,9777.323198420665,2131.42,Macro,155246.71791540566
3220,5344.396823781093,-829.4220944750728,857.51,Micro,110132.41883124475
3221,5723.040294168751,14390.211277623415,430.38,Micro,152475.53534773248
3222,30746.46379369004,20467.876013771947,4783.02,Nano,199248.57909358217
3224,27464.95228561742,10232.658079646091,3159.42,Mega,148113.93242052544
3225,108764.02891186555,24836.099857547142,6303.43,Nano,295833.7866089359
3226,46876.66933975087,12135.697263098846,4404.96,Macro,192049.442183721
3227,20974.234057714144,12071.657995324458,2607.02,Nano,135123.76227589112
3228,67425.1699802505,32853.43625493016,5722.55,Nano,325009.62152601837
3229,83562.81403544504,27500.855379799686,6297.89,Nano,190322.62707259998
3230,28779.981435095106,21545.96550188407,2011.77,Mega,113414.39848524843
3231,30540.43902477734,6270.641320071094,1765.27,Micro,108278.69324856912
3232,22891.309278867124,7460.968601661223,1146.37,Macro,65007.965162305074
3233,102001.13424444153,38964.67266698315,5948.49,Mega,276419.1612986171
3234,18384.431890041393,16843.434668045586,5464.03,Nano,230400.98945099273
3235,48272.54264651193,32271.008955021243,6895.09,Mega,248949.91512611235
3236,93915.1135476597,21009.48449783573,4848.89,Nano,310139.3812375935
3237,40494.39669413717,12287.25796786456,6167.09,Nano,187831.5937477972
3238,39425.59442301923,11868.420159428875,1183.89,Micro,85384.30134211108
3239,73412.38807510259,17545.225951724013,3440.68,Mega,223708.63731384207
3240,33417.86524210725,21197.518718826825,924.45,Nano,7246.312869668051
3241,4222.826871805254,6531.041691912076,3109.66,Mega,117686.43535008805
3242,47127.70559254564,27850.91523968287,2388.29,Micro,295263.51001999225
3243,88887.60206564485,36662.429184596585,5005.95,Mega,292224.5468362373
3244,89319.40382463853,25714.285311463675,4870.18,Macro,388758.31251089036
3245,1014.6716947508503,2577.080586590512,947.53,Mega,-5483.663727641899
3246,27954.759636190436,17875.954817421058,2198.07,Nano,105855.8167072022
3247,42886.214948819645,17786.722199283387,211.22,Macro,217197.4243126794
3248,14628.263770846348,16266.194376193316,2468.16,Macro,85650.59175423978
3249,41768.749009354084,18837.753376819608,3305.57,Nano,209719.30048410874
3250,39895.0198359821,18050.173091755227,5115.17,Micro,92867.25038776756
3251,36344.09938117031,-2109.921312760444,2077.95,Nano,57919.95099603542
3252,88404.5357128293,40443.28960743653,8698.5,Macro,294820.7262640208
3253,73523.33630171367,30636.082573905438,6652.39,Nano,332125.0307477713
3254,77336.83281206689,31453.06100506545,7508.53,Nano,208582.51295288684
3255,17079.693292762106,3514.549096305668,3018.31,Macro,97108.35460915405
3256,106355.87639660045,19819.098123449046,6074.16,Mega,322594.8866180419
3257,91030.45713823235,13328.327378708556,1544.76,Micro,235140.7538859873
3258,47537.4899509429,17023.523332726592,1585.22,Micro,130557.80333954956
3259,75576.9266876532,34902.555117683834,6549.8,Micro,193570.02606836418
3260,44936.61716873629,19470.76646570081,1150.82,Micro,101195.64247443914
3261,67622.3139585472,29918.70057918468,5455.27,Nano,286614.3716671547
3262,56891.20679021583,21003.227591163744,5058.79,Macro,82437.99590208774
3263,91376.15688185721,31799.38984338796,2923.13,Macro,226242.6292681487
3264,11761.619639034649,6991.662657456603,2943.76,Macro,-10416.295470241079
3265,92155.69575726238,28240.730395365696,5285.9,Micro,362009.17522090505
3266,88442.47688786298,34986.11530264608,5026.88,Macro,313421.2961698014
3267,45427.92016009994,21061.348376786013,8112.43,Micro,161552.26212215103
3268,101061.17587847153,26212.629323919384,4655.18,Macro,350924.11685510626
3269,-6459.181765936623,8164.963394576061,1232.05,Macro,54650.923165211585
3270,78707.53443773088,10580.699862818106,357.1,Macro,262768.6386549981
3271,45184.49556631323,17132.049335872,1386.04,Macro,271218.3147701058
3272,42620.87981775693,14657.955088038245,704.46,Macro,141481.62992548168
3273,31907.460072247562,5575.370550947743,3677.2,Micro,59835.51539981107
3274,63531.15072378108,27516.4468303318,5700.98,Macro,365474.93413883133
3275,20051.283722015636,6476.212631248557,1966.39,Micro,143154.21058792374
3276,22386.860862451613,31046.83876487695,9855.09,Macro,119846.99633912786
3277,39363.26839056825,13157.428231895023,496.06,Nano,3638.4018273645197
3278,57366.73598481412,19778.75974888263,1434.32,Nano,217481.92652595925
3279,9086.70114121706,20470.04121996609,782.5,Micro,76631.95546661208
3280,56680.378607015045,25482.7123665353,1818.4,Nano,210770.57503107146
3281,37137.99196359735,21247.199917660495,5311.29,Mega,161338.5407226027
3282,57153.00684083006,36719.66417009571,6183.2,Micro,267559.13617344474
3283,93473.09878034297,36544.93550971092,6567.47,Micro,322760.9751008126
3284,48268.65083337126,8293.168931849843,1946.13,Micro,201516.3098426934
3285,33452.25538937802,2858.019743755216,922.61,Mega,71203.59573315283
3286,118864.75925744596,40246.47519670056,5876.51,Nano,374852.6688175357
3287,62576.88279210741,12441.528316676071,5018.04,Macro,220428.50358317423
3288,110970.41716676114,24868.45563106401,5352.24,Macro,290596.40487552306
3289,66478.2349453854,22931.46050340052,3449.77,Nano,223990.14612662498
3290,54459.29779874993,19373.036483919434,7177.42,Micro,320276.35583531234
3291,60741.5593000871,21936.380189186457,552.81,Macro,232985.484861303
3292,11244.023918129516,7071.552004079464,635.84,Nano,10339.91481206035
3293,27209.606475484958,8522.613771456166,189.04,Micro,125474.78321868292
3294,25733.532826639446,8624.398993067809,1667.64,Mega,278684.9773584057
3295,35745.2305858222,33478.50306216176,5474.04,Macro,216131.17268768366
3296,71227.08525756198,16967.956330735204,2181.72,Micro,216589.24281413772
3297,30589.77797781828,11717.230122736282,279.32,Macro,36463.574046691065
3298,22060.420734124382,17587.05742655711,3378.79,Mega,142473.65819486586
3299,47792.25774071261,8191.523664807917,5149.78,Macro,213952.39299105073
3300,107458.07958483252,35358.22383440721,1289.13,Mega,355734.38517229405
3301,30743.975373172307,19327.75723896233,2053.78,Micro,128820.4403262154
3302,113660.15953261906,30254.09306241113,9310.73,Mega,267431.6157196948
3303,74312.39679758661,21525.974090921933,4680.05,Macro,274077.90429738344
3304,50709.5624774721,5361.012480821391,2254.93,Nano,82664.61384297782
3305,85763.932750063,35696.25576137814,3520.74,Mega,281060.7640563193
3306,27840.566348876593,8636.422993138314,980.34,Macro,97031.51589923052
3307,74774.19784231028,37572.69700027894,6122.0,Macro,321749.3070611097
3308,51259.916648535494,19663.64713516099,4786.84,Micro,86481.50113700122
3309,89077.82400268731,16245.129740242975,2078.6,Micro,189199.46227991403
3310,61111.030743397576,23673.7856634724,4618.75,Nano,306145.69988957513
3311,17766.24566911826,10777.944407564475,605.99,Nano,121576.32568442213
3312,77494.0855700404,32142.439651959343,5361.31,Mega,379352.45371211716
3313,69505.86788823962,21487.792748678698,903.61,Nano,244402.8740077219
3314,70923.93034201041,24677.309955572848,4523.74,Mega,269076.77195427235
3315,51773.80743058174,10684.287307144943,3153.04,Nano,120999.60954427048
3316,46429.16028009249,14406.10046644785,857.27,Mega,161788.37271239888
3317,110025.0500312204,25136.05122220909,6120.96,Micro,388822.690854218
3318,56488.22763754242,14610.699131257046,4048.95,Nano,195969.60894376796
3319,74073.92427878096,34958.63707717767,3738.8,Nano,218408.6851832334
3320,32645.443026844943,8825.86738093303,2826.74,Macro,173018.50759247653
3321,40685.315497835894,2993.368275676152,926.88,Macro,64663.816145425604
3322,32729.792644906847,20586.620230469904,6637.34,Nano,140948.4586606241
3323,52023.3362855216,11248.239174918408,992.68,Nano,246318.4194373087
3324,81597.73641647278,23219.95671419418,6381.56,Macro,328967.01400545257
3325,119304.79785317206,24170.72426656725,4807.26,Mega,277388.3456752779
3326,70837.24521144615,12628.206559049659,4812.46,Mega,146291.7715291328
3327,41014.82019911614,845.951303857315,2765.54,Nano,47653.659254262166
3328,107939.36422718005,31957.873310689938,4004.85,Micro,255347.17101580178
3329,28887.14661297378,5973.587785055294,1175.52,Nano,74291.89424990845
3330,39160.50861035713,11506.279755206819,2897.94,Mega,68416.71112144478
3331,46750.40784171244,13474.508998779103,4477.14,Micro,143272.9994785421
3332,47240.54338561534,6699.998803092231,1558.11,Nano,177021.05643597152
3333,23587.02649493114,14709.33429478229,3919.17,Nano,157585.32277105012
3334,41403.22209305101,25953.223829322476,3239.33,Micro,110295.8024273669
3335,70958.84837694702,22175.27498893749,6713.94,Micro,165031.50724669942
3336,68641.26558354322,8169.2751732763445,5285.55,Macro,211228.8829622601
3337,87468.01141402457,22129.487435425744,3487.82,Mega,273720.9141892845
3338,15087.8253941144,12612.257705164931,3734.72,Macro,113296.1003457256
3339,34794.756522058065,8719.660411233588,644.22,Nano,58680.74738322463
3340,54056.206336637726,29870.988009885536,1239.42,Micro,329012.79141324665
3341,45566.04487945426,20670.342283039063,2391.94,Nano,246305.114098679
3342,3946.4393273141104,7058.399356724285,2664.24,Micro,81649.31764077593
3343,42610.18839285766,23155.884781632943,2481.61,Mega,218821.71749423386
3344,87452.4713649184,37111.800702139444,7525.47,Macro,385291.82703452423
3345,86803.87462002374,27903.987372173604,3456.33,Micro,431303.22865504364
3346,53924.48563525855,17476.47979476208,2697.97,Mega,151518.04746313323
3347,12985.920929634656,2440.394575429468,43.93,Nano,-41353.527013795334
3348,46443.360131330846,19423.71012626639,5683.33,Nano,90138.68783265521
3349,29696.024917861883,20308.69949755346,2784.61,Mega,206894.70504634
3350,30462.22300500329,8679.753725475462,2467.49,Micro,-33802.366131368224
3351,82270.59898674955,27859.94357439039,1537.76,Mega,215557.80740617187
3352,19634.78852162089,10114.61337270896,3138.65,Mega,173974.34680960287
3353,58671.07470715987,15570.205842917887,612.44,Micro,142745.5502931526
3354,34744.79914681662,1012.4554065196024,921.79,Nano,55737.07177876127
3355,16971.929031765605,13097.142524379331,2625.77,Mega,93297.28204089275
3356,109584.42187864559,17668.759679320385,3090.72,Mega,442627.16088165704
3357,95286.92522016326,25378.765037136698,3637.39,Macro,338769.9929823914
3358,36703.2884889869,20742.14763246127,1049.5,Macro,139823.08731057847
3359,-54.567353956766965,-3707.7150136814107,6490.11,Mega,-11678.729769947407
3360,60949.28215458209,12989.362446837145,3985.68,Micro,223489.28197364387
3361,66551.07455399151,22504.661387809687,141.11,Micro,192155.07873701953
3362,2000.7624177923262,3453.872872563814,23.45,Micro,24747.50165902133
3363,27573.98067743661,589.8184446830787,1050.9,Mega,105607.47534349283
3364,43212.098424294214,20896.026153545696,1500.33,Nano,102225.31466396531
3365,69876.28910069918,33608.0621461319,2552.59,Macro,208492.20962522374
3366,24884.447233453586,10860.862542021252,516.59,Nano,145696.1632166905
3367,69443.37906540572,25355.751986298492,2959.91,Micro,196143.51456287486
3368,5794.143442247754,-2109.987005735501,6435.91,Macro,233850.88487476663
3369,66558.53067799384,22846.692148156446,3340.21,Mega,298756.78520088503
3370,41939.899638320574,5705.312328974556,1811.83,Mega,125509.24780725123
3371,55498.59963731108,25889.672736715547,7438.1,Macro,254834.62889431496
3372,61431.59068397017,24100.21250494985,1406.37,Nano,293101.4539213924
3373,19243.764177927012,10706.409648513843,1017.37,Micro,97603.78332880419
3374,42900.460043491985,7641.534076942222,3119.77,Nano,124202.0354485075
3375,15496.82426203389,8850.867639286977,153.02,Nano,71107.74682129486
3376,46514.13071517161,14209.37198026125,3196.61,Nano,234747.86466620592
3377,89840.78271974916,32338.777714708205,4614.03,Mega,389554.15344445803
3378,34673.70249271583,5894.90922770834,3074.58,Macro,86882.14400479304
3379,44653.2903590375,22784.376962609364,2096.61,Mega,239649.98370826407
3380,47536.04040784688,22352.7705635303,1474.87,Macro,183666.41772985744
3381,88127.81949397692,30763.308449561486,6006.34,Mega,359370.7369295818
3382,62966.578440098776,15757.661914934448,1734.42,Micro,295690.9679091494
3383,8327.59635216493,1553.3721633749506,1538.81,Macro,118612.94941152129
3384,90277.58597118521,21279.33585369621,5653.7,Macro,341399.2539529324
3385,80096.72945052148,31166.397844316572,1426.34,Mega,209174.94000827125
3386,121880.27457377673,24972.181379397894,4739.29,Macro,395088.0486837366
3387,32396.60687877828,19739.13277860923,1365.67,Micro,161586.40718005714
3388,44800.84281457124,20194.88793808071,2571.21,Nano,247281.61942796048
3389,81367.72965589724,30537.4879843315,1192.68,Micro,327577.7624157268
3390,106184.12413149631,34353.46868002004,7286.84,Mega,346482.22337408806
3391,61276.733676554315,13686.819754074708,236.53,Nano,17793.112282283386
3392,79847.87396822839,19624.775213599936,3127.91,Macro,346009.08829566895
3393,54302.22082067764,8692.780715269006,1840.31,Macro,177572.42381560025
3394,105915.92574758222,37955.508129827125,8096.59,Nano,387122.0822226424
3395,71292.82090301703,26411.49200429457,2926.08,Macro,287091.19043699733
3396,60503.35081238568,20830.86815740588,8345.16,Micro,182455.28419783432
3397,76092.68366696559,15395.649793800774,2319.05,Nano,300466.48234769877
3398,36075.18336338602,16503.70051642175,3615.25,Micro,117455.21746432387
3399,108166.09984173965,38477.53153120068,5058.45,Macro,218533.65129832557
3400,20996.592313602414,13213.864436145726,2737.6,Micro,29663.678420292075
3401,53522.83072899475,20979.329132503928,2724.31,Micro,77866.0836043818
3402,6476.126626865589,-3623.3567411448976,350.84,Nano,145699.9004341537
3403,60720.91513058757,19092.88745349516,978.36,Macro,217395.0354426019
3404,108333.31521741148,29153.96571816997,5864.78,Mega,243444.1765872378
3405,9343.311491753984,3610.2981959488607,1237.22,Micro,123329.4518882072
3406,99606.12485970609,18920.627712360256,5880.69,Macro,277606.20558366476
3407,14874.215512221013,19960.543510406278,3961.66,Macro,147183.19572365307
3408,32161.810149211353,14758.950085590452,551.05,Micro,140446.67606820565
3409,60338.78101227843,29865.575676152497,7413.32,Nano,208342.13503510138
3410,79338.88000671566,33565.58570594958,1837.94,Nano,304054.1004746963
3411,37101.29221008621,5583.2444348983145,508.13,Micro,110160.0768308889
3412,121640.38651209847,36448.68867298717,4622.53,Mega,331467.858047789
3413,22419.573064439435,12558.294930780428,224.89,Micro,43186.129076921294
3414,67817.53405787297,29374.089340820057,5268.66,Nano,264584.0559648944
3415,16820.30810536544,7496.418902588047,1171.26,Mega,21949.885813496614
3416,-12108.040132073034,8384.15750380854,1733.24,Nano,52740.553548912445
3417,46179.48099068718,18314.438650591146,308.47,Micro,49988.812480954984
3418,51409.71376726672,-3183.600924999787,1771.58,Micro,101362.97613057517
3419,24377.551937095635,6617.269157101746,3349.44,Nano,245426.34370619123
3420,85361.92758759279,27896.49987767829,5219.42,Nano,294120.5382172441
3421,12531.595995973184,15205.721866539418,2230.22,Nano,148178.98299525346
3422,28370.67764184427,3000.9403820151074,2293.46,Nano,8474.178546264833
3423,29195.778218489806,13739.509953596167,1335.15,Micro,-4066.7454160083435
3424,9571.558867464802,10432.865917277839,1885.68,Nano,35541.829541956286
3425,50290.43893780952,32152.564097993694,4633.75,Nano,110774.85283233841
3426,26253.693300757484,6063.997186848919,114.33,Micro,95184.27987163165
3427,48116.992767555974,15565.055497628493,3012.86,Macro,209502.41343242276
3428,42702.29791533452,17849.776602229198,1702.2,Mega,251604.92986145645
3429,45659.33738781964,10775.811519520352,477.73,Micro,173449.5600809213
3430,83667.22979161324,18082.126881732846,2635.15,Macro,292994.8689042699
3431,64043.60381617945,10483.686973591559,3306.41,Macro,136181.72322072284
3432,71515.04483430237,18970.343752932826,1021.53,Macro,232935.40968514
3433,25379.156766957567,14368.8871988,310.01,Micro,243504.40761268963
3434,69851.79037866191,27158.55053500878,8030.21,Mega,307837.35711082746
3435,71360.8357929316,24942.924968374235,137.57,Macro,285763.65451071365
3436,94715.15783482694,13961.94602192014,4035.88,Macro,330647.8931895692
3437,105077.7303591928,40385.573862369914,8666.58,Macro,323454.24581592693
3438,72824.74926451218,27399.85056218938,5242.18,Nano,307176.4461343538
3439,26438.451875152925,10864.493325510335,457.23,Mega,186222.96621861894
3440,31965.38979361893,17780.25009661081,1590.8,Mega,142860.53497687678
3441,109669.48077100822,39215.25964817654,5549.95,Mega,298670.26172874257
3442,7571.830681120305,1335.5990938231398,2238.01,Micro,90172.23020066199
3443,43293.02710315665,2112.6058818669,999.13,Macro,17339.869414537476
3445,49124.34058845672,6185.703729064557,3290.79,Nano,151990.51777039468
3446,79875.83111549691,37567.30306556892,2990.85,Mega,233576.09014730473
3447,24813.39858736079,20226.25152536342,23.11,Micro,48743.43191414856
3448,20724.193878504677,16570.224881856615,1538.11,Macro,267157.58827471314
3449,112684.42869498504,39496.72548418351,7309.64,Macro,343516.7100260099
3450,10656.262988537286,-910.5382213406342,2071.72,Micro,73696.31390136873
3451,60335.38706194875,34672.67346626747,3606.4,Mega,335696.3247914641
3452,48322.875407022984,9456.862941869189,3251.31,Mega,142810.68470134932
3453,32768.03401859314,-5814.043630328135,91.14,Mega,179742.6733467058
3454,44211.820720206626,27997.240159328292,3786.92,Nano,235212.35643509656
3455,80961.58107236304,24607.671912509093,5893.58,Nano,328454.52127274696
3456,36995.394392703034,8792.900085534362,1123.62,Mega,201784.70111217818
3457,17466.835969913547,9009.222563122737,5045.82,Nano,131742.37730571217
3458,93147.12675658701,28090.425135486403,6000.29,Nano,362570.7591589069
3459,26164.021022100977,7956.064959644793,1786.0,Nano,181128.04966667405
3460,13298.212916698587,1783.2695311942857,3675.91,Micro,86744.84514511887
3461,21320.911444895522,8970.992693069817,2074.51,Macro,24626.686943115972
3462,64609.63960272445,18971.387948451338,6703.98,Nano,231149.58180336197
3463,53783.58192677824,21841.9927438911,3884.09,Nano,282975.2868258641
3464,78474.34548246035,23511.600939185257,2225.64,Mega,376636.25622637116
3465,90923.49351352717,32240.502090237198,3840.34,Nano,346775.61860857095
3466,62501.31854678525,13271.240307608927,2524.16,Mega,99366.19265510161
3467,65073.82930588717,19941.668629447828,961.34,Mega,174523.3840764165
3468,46989.274479582156,21012.935201133885,1639.69,Nano,158666.4802269695
3469,45988.122074368475,17987.607856844355,2518.6,Micro,239326.71894950102
3470,-9713.960612139788,306.2410651376117,4312.85,Micro,-11744.396023729394
3471,16781.1641620677,2624.280427463233,266.77,Macro,86718.15400607992
3472,103804.57808241615,39843.58172285849,8670.85,Micro,389731.21109414217
3473,25279.69671916042,8717.62428245099,1731.5,Macro,64267.65284438795
3474,83375.53893333158,28699.81931457203,12054.75,Mega,200679.5085251099
3475,82739.18307364896,23987.982175009478,7912.25,Macro,328358.3903602897
3476,61170.91931224722,33094.66171623682,204.88,Macro,264021.11996741034
3477,110944.96235141576,25030.581163195016,4505.42,Nano,345683.83619837073
3478,35404.93778039668,18773.06292757999,4012.2,Mega,221729.37564804195
3479,73707.35244776221,36082.123871542724,1912.19,Mega,227664.30348199455
3480,37541.250503461604,30604.980240964793,2022.41,Nano,305710.47709166305
3481,-15496.27896015401,7109.119842953675,637.22,Mega,-30550.261067374253
3482,36103.180091585455,16961.46995550682,1367.74,Macro,235856.05569929982
3483,19646.240321604535,13840.870947284831,889.9,Nano,45875.95686217293
3484,100549.48008273708,27207.76598312387,4799.17,Micro,366273.7355574018
3485,20244.011924285485,15550.37425952448,1048.34,Micro,13310.521652496878
3486,44874.626083463314,33281.69182905533,2077.2,Nano,170876.087183712
3487,33313.9936282409,15067.706534613651,1266.8,Mega,86852.378440709
3488,51740.76173322478,18092.278430431692,6973.44,Micro,174773.01370501524
3489,84127.4725266118,24903.237403530795,808.43,Macro,279432.63106437493
3490,42830.915373148804,10917.80949900054,1916.98,Nano,113128.81025318561
3491,112906.12441872573,31429.242122768785,3521.7,Nano,295338.93252488656
3492,68503.80539714896,14341.753804408781,3901.62,Mega,179042.11173686542
3493,98738.83603185578,32448.875026697355,3404.34,Micro,324967.9272673194
3494,69677.8546778875,22749.4408528944,5245.15,Macro,379986.3719561508
3495,37331.756774542424,21600.63347631981,3862.6,Nano,146334.53077663734
3496,45119.07069703379,15124.956855590672,4686.96,Micro,-6465.193923597704
3497,101069.71536538228,31141.92389337835,3442.71,Micro,347335.9021943651
3498,101496.6301427268,22686.20235984688,4220.9,Mega,244628.89275891372
3499,55250.408708452684,24264.185722972255,5369.23,Macro,190770.85407009075
3500,77026.7440205678,16466.036200307703,4283.67,Macro,184065.19899928162
3501,52233.78354883582,15309.378761795937,3240.61,Micro,144370.76942398993
3502,73553.13751269226,28504.012160030237,5445.91,Micro,319201.9180020397
3503,51684.855026251294,19469.338437647762,5470.92,Mega,110477.67549866196
3504,91228.43113937537,38465.09848330141,5035.41,Nano,264394.5884892928
3505,5508.592570465,751.7202320598171,657.15,Nano,109649.29157826948
3506,66703.40102876791,26371.834961168162,4471.26,Micro,253653.41855258896
3507,55675.59728710764,12876.309839577338,697.24,Micro,46332.75507089376
3508,42426.27230578182,9766.061776605336,1872.57,Macro,130950.99676076537
3509,33130.03665308741,-218.58305248253714,2403.0,Macro,43700.79890749506
3510,44430.49291339865,12042.284088684552,2893.73,Macro,85067.81052450751
3511,58251.74385371705,14320.11961521962,2844.79,Nano,205901.53840734478
3512,48731.273711939575,34713.19493648389,5706.56,Mega,303223.2808056661
3514,38282.60651319998,15763.3586619007,2272.8,Mega,184611.9489785933
3515,68806.92072644996,16995.053500956103,298.86,Macro,115590.73329089365
3516,89738.93449903863,30255.456930167784,6377.5,Macro,334872.41394312814
3517,37382.89668157857,5495.979813200502,2279.99,Mega,110396.42862938959
3518,51711.11979996866,3506.7989801293897,1830.72,Micro,107712.67837995717
3519,59112.59023951943,17677.4558827243,2918.8,Macro,34893.838723822824
3520,50526.08192784465,10739.743755862151,3237.04,Macro,228476.16514621157
3521,88649.695274898,21071.855594122702,4852.93,Nano,241988.5157340499
3522,66277.53345807514,27711.884155623204,5395.93,Mega,300494.6217886025
3523,34687.783558627976,11632.129879508293,2255.18,Mega,63012.48745644886
3524,38373.16137695785,15675.542117704208,1794.59,Nano,128364.16683775623
3525,85228.87738526115,28298.817504988787,1530.35,Macro,206016.45627720866
3526,34217.390980661614,22947.537380843823,2669.95,Macro,135197.76322507707
3527,3391.777204062153,4645.75195123258,865.97,Macro,111475.1077540362
3528,76928.81627193492,34241.786518322806,7343.77,Micro,374802.53130656946
3529,85647.88377028659,24425.676840744734,1866.03,Micro,401812.4763265941
3530,23450.46612748043,10907.260582088491,277.74,Nano,234882.36114554014
3531,56783.57778001738,-523.5968391739011,1128.85,Mega,84628.60557022541
3532,9322.831114987423,2734.884982644254,1233.64,Nano,98750.64619268727
3533,97088.35262430295,25839.35438470509,4165.04,Micro,363557.5530548151
3534,90290.05438456227,22274.11988791247,2270.53,Nano,317953.8792130384
3535,117011.48613157996,37893.93016089182,6447.43,Macro,317768.61177149136
3536,73232.31885179167,20896.345654667348,5083.69,Nano,303120.63030701794
3537,92644.30641180708,39245.696615505556,2786.39,Nano,341384.87769621395
3538,43983.32253073706,9487.401785753833,342.5,Macro,159841.0488117924
3539,34194.17577659272,14380.264728623908,4376.0,Macro,212052.5748390425
3540,51090.40877229445,22725.175370711324,5689.89,Micro,153585.87278652823
3541,57908.58116281003,13778.97383138692,1040.51,Micro,166085.47638882662
3542,91830.13422983997,23156.74315499773,1521.43,Nano,281548.9988451362
3543,93882.74099902113,27781.5897148568,3601.17,Mega,372795.0606694264
3544,44370.19556552644,19830.161352348146,2839.87,Mega,176516.78349396365
3545,92858.19896911895,25502.231890504252,7061.84,Mega,262292.7227107605
3546,21864.793457568307,1176.879033291253,4783.67,Mega,122590.68622266747
3547,70271.51156030654,11820.936727189346,2816.39,Nano,208626.88559527736
3548,65180.91449729901,5399.084191430523,2660.93,Nano,127336.79421951936
3549,48577.30772714173,22578.06924892722,747.3,Macro,173376.96317073828
3550,8463.805887168837,13288.118015184094,2685.31,Nano,171537.81652607973
3551,21746.336556413,3484.4797046702915,2036.79,Micro,92367.25454114273
3552,39723.22726989772,14091.331449370407,759.86,Macro,118912.58926495403
3553,77892.9013032899,27276.81502014101,3980.69,Micro,239408.9135871665
3554,100337.52043734747,36900.44677817135,2678.61,Mega,322305.5194347756
3555,87962.92293322715,26372.571827557207,7730.38,Micro,348660.81546874746
3556,96791.65320401397,26144.830381675572,6507.94,Micro,290382.54582426744
3557,44653.615024189,6414.680997338931,3602.21,Mega,292371.3053144597
3558,93364.50252685006,29271.1316262655,6591.23,Nano,343703.8486230761
3559,32760.300750929826,13590.505585413452,2627.92,Macro,63245.7369283189
3560,23926.00493116922,3681.6081437875855,263.74,Nano,-7121.1009891473295
3561,87320.56391982074,26394.555437399074,8778.42,Micro,282577.66968597774
3562,50106.45735467746,15522.257380452502,1436.03,Nano,293137.97420113685
3563,7561.43861338074,-1400.9608286279408,332.79,Macro,84353.8701058529
3564,26583.9005399272,16525.86232383277,1654.83,Nano,283532.74579236534
3565,35382.24500667198,7771.792942673186,1661.34,Micro,87726.91760191007
3566,91708.97542447381,16509.013837587423,1046.84,Nano,288604.2938026472
3567,7197.800010101928,3059.8667124090357,1970.54,Macro,40850.093086504196
3568,57455.63609109158,24257.504642766828,4539.55,Micro,215328.82986578412
3569,25238.408806619518,-6591.704585861125,3518.97,Nano,33230.41036653941
3570,66246.75560916045,22080.421206703755,2231.24,Micro,246535.63064526935
3571,84304.00856349138,31892.69600775853,6350.36,Mega,421872.400484186
3572,43293.644882460845,19291.32885961409,5987.26,Nano,207742.8366549691
3573,-1105.1343221090306,11344.025161353207,4351.14,Nano,25363.016924215477
3574,76712.96286143789,28012.612985191325,8637.94,Nano,326534.60677884927
3575,42130.93968093335,34936.90602904221,1642.86,Macro,187539.54612223673
3576,85608.42293849953,21032.594728547952,4001.17,Macro,315659.7821503814
3578,44221.04873911929,15090.922709916911,865.0,Nano,232357.37921043363
3579,38690.33943833447,18000.571422195062,498.16,Nano,112784.12259723501
3580,70547.87583687306,35132.951790994885,1952.14,Micro,232244.74441411917
3581,73289.04817236622,18322.450752280183,2659.79,Macro,326175.71354261134
3582,36019.33201045473,9666.654078106787,2182.94,Nano,-9398.030957632662
3583,41662.2589443119,7262.491680038207,2715.74,Nano,122961.31076205242
3584,71752.3113482436,16230.17176481646,1846.56,Nano,103218.86539754248
3585,90681.95372756806,37999.87631701674,3038.15,Micro,237456.24535909074
3586,5961.520956700164,8152.280029727615,1459.35,Nano,71571.44848192054
3587,18800.199045923255,28264.550478158817,3285.52,Micro,162180.7273544505
3588,79973.75777832982,14218.906781999232,4156.66,Mega,197612.67418610948
3589,81761.28170371168,16286.654608385794,4245.64,Micro,168006.4499848008
3590,69049.82294375869,21630.93543731422,1117.23,Nano,189444.71959451167
3591,86097.4137652318,27801.618689610816,9431.99,Macro,308009.4398305778
3592,73001.42257269638,27655.803139347383,3715.56,Mega,280181.9487164931
3593,30988.546033554572,-206.1060626850981,1141.38,Micro,61245.17494327289
3594,57403.10689866796,11339.49965562908,1750.72,Mega,285410.08650519315
3595,23412.590329440733,4568.845271677419,5955.43,Mega,173808.0263132272
3596,9071.979424471792,4309.9983596351685,3653.52,Nano,30548.11349747968
3597,80822.15084373656,22376.43655887146,5024.26,Mega,250286.71933255528
3598,51746.76119367936,7292.269240323867,807.81,Mega,70199.6817135921
3599,22307.309741380686,27602.99180061825,4438.58,Mega,130648.23978008643
3600,115369.19021449694,34353.1728841103,4767.62,Mega,378729.9829728425
3601,66654.06919913202,16361.158539674794,2657.61,Macro,219906.97221476794
3602,16088.287833721028,-804.7607228382226,290.66,Mega,78827.5607304647
3603,37266.53050225855,19011.018866762002,176.73,Macro,110420.6485659588
3604,24623.90506396775,9794.454158953262,1745.7,Macro,58949.314093615656
3605,69457.36793657338,33060.58013663421,3418.22,Nano,230425.74086427776
3606,65524.36363524034,30278.533145027875,8846.15,Mega,421533.8145201063
3607,88501.968979951,35286.7578211302,8054.54,Mega,361447.2378582522
3608,16751.740467076204,7149.661173174433,2321.32,Nano,126726.6297223474
3609,62526.393084694544,10589.78732518456,4337.96,Macro,260497.37974345605
3610,11471.003059803927,5728.634405190023,4779.98,Mega,131672.7318024996
3611,80738.63197562016,26930.025648434173,4273.36,Nano,208741.69781251592
3612,28722.487584293012,18072.874854164544,1792.46,Macro,232829.90673366762
3613,7255.585512547497,2152.01911586317,886.19,Micro,83308.9856416857
3614,51177.064946736515,21984.41987143918,4869.84,Macro,248373.82523744108
3615,81912.22493331469,20325.39476247608,6138.03,Mega,171847.99602538042
3616,73515.07394584085,45220.51346918506,5509.88,Mega,386177.44969559374
3617,20331.527302752882,14688.666208936309,1818.71,Micro,129916.35470568918
3618,46120.727303677515,11118.559795371697,3533.26,Mega,143033.34283416427
3619,58620.55907985818,-4761.878354451912,1932.47,Mega,212724.94887105064
3620,14035.570430274984,-7894.818749153006,5648.12,Micro,-24170.674256385093
3621,97136.36710470219,36365.33983834,5168.13,Micro,282988.1446773444
3622,56031.84880113878,7859.947859721271,2680.23,Nano,199763.89076751197
3623,85070.91408193932,33616.28868109913,7587.73,Nano,348638.39392705326
3624,42999.98754063051,20466.925065329076,3457.47,Macro,175192.42783813138
3625,45629.43098931899,22394.276615924926,3944.67,Micro,228465.85803913025
3626,43209.80786360967,12242.0482202652,2000.28,Micro,203521.4158108601
3627,34980.853330261816,19393.932922329463,4894.26,Mega,53213.79729315249
3628,70699.75689262158,13988.271986419613,3421.23,Macro,114272.00129666872
3629,26747.572352216714,18113.185329632463,1218.99,Macro,185377.83221117436
3630,69254.100724582,27607.899702770494,5699.99,Mega,366492.4932574852
3631,31445.677141548018,7672.956760638056,912.15,Micro,77910.28146658794
3632,100419.13057072337,30763.27636997326,6825.08,Nano,332354.53363058186
3633,62498.956524917776,6528.251311327516,1829.35,Nano,225823.91356547392
3634,40733.8279845398,6921.954272572176,857.72,Macro,35113.65654316393
3635,74722.6428570392,23392.29649748337,434.65,Mega,202472.5769230872
3636,82697.21414760295,26336.857146069506,4903.21,Micro,313414.474401449
3637,89911.02032843258,22964.22026121606,4101.77,Mega,420576.24748727406
3638,34349.0420654156,14256.782984298607,124.17,Mega,77284.63464582771
3639,105006.67710469883,25298.347758450618,5491.58,Nano,352690.10300290224
3640,74105.36388931543,27654.95543914229,5586.46,Macro,256454.30999482673
3641,65027.79451514198,31719.872487525172,6141.8,Macro,336889.1322998819
3642,79442.49525340227,22161.658987400755,5204.84,Micro,281799.6633021956
3643,8274.396198963459,5605.688230960823,903.99,Mega,79623.16370640093
3644,57893.3634156235,24820.45362823457,5084.32,Micro,313598.5645624447
3645,15329.27921670127,6083.20072939316,3829.89,Micro,32981.834350769066
3646,42989.967383265015,36928.362062777676,3764.87,Mega,169617.7054578014
3647,51600.544634295606,12225.161305058315,3278.17,Micro,268044.25888126815
3648,12197.692490122474,11313.828273672561,1840.56,Macro,158252.99227246278
3649,10744.145632514636,937.0632950824161,1480.32,Micro,54190.38610674023
3650,61951.70760015105,12740.885327104388,713.26,Nano,213378.44369953754
3651,48140.94744368608,11979.867285301476,3274.51,Nano,132655.01204566925
3652,20815.33861697874,18365.212774197124,394.76,Micro,134968.50617684406
3653,78505.14895524424,25060.012316582706,2145.02,Nano,276570.25206916523
3654,-4641.5025982718325,19031.672876815355,2970.98,Nano,126145.23205565894
3655,41931.118878316316,4197.462253194313,2012.81,Macro,166209.9592646362
3656,28872.822212678315,9779.322982918775,3425.16,Macro,68726.82173304177
3657,39324.58627180205,9463.19472279051,1787.56,Mega,77220.8517123833
3658,4718.285009679607,9785.795601119265,2602.43,Mega,141775.5804014914
3659,87048.3905279994,23347.359829351855,1829.69,Mega,308705.22347168723
3660,77460.42337427428,20695.586252466466,5599.1,Nano,271538.7914744195
3661,82138.23384765751,24205.953103754277,5523.01,Micro,275039.86105715774
3662,89972.6503351056,26078.37823492576,4856.11,Mega,343309.0160636639
3664,77781.61533345978,36347.59841586533,5647.53,Nano,238549.4742472833
3665,138080.66402521761,25452.25847792852,2502.11,Nano,357072.9422097469
3666,71149.82515580324,26493.19510116358,3890.89,Nano,336470.23537214793
3667,32051.677401680394,8088.572440849124,5209.41,Mega,134147.3843658293
3668,-1591.4618428127287,14655.445150322548,2114.6,Nano,114112.69650599889
3669,82924.5736436505,31072.581310967234,3439.72,Macro,250133.14475191853
3670,63401.8080067923,15758.465729078898,2112.65,Nano,232409.98965762023
3671,7416.416094851102,-1710.8171173938276,1757.64,Mega,75858.36094706965
3672,63210.876975718624,38082.27508187397,4030.45,Micro,274419.69606727833
3673,45740.27817357716,15825.312530812847,8160.76,Mega,190734.469470257
3674,85847.58888157427,30481.668545669258,5065.84,Macro,237135.57493477513
3675,100444.43743113792,37242.60043100735,6854.7,Macro,367590.6310595977
3676,75472.0162430157,26811.71612264211,4856.54,Nano,212992.10839123942
3677,16942.884794327125,15764.25797609521,928.1,Macro,181980.84809468797
3678,26328.679025479978,13218.611642825424,1900.11,Nano,116274.86271282102
3679,98376.75138342915,23986.53427305787,4969.44,Micro,264796.62258895993
3680,44271.84468819222,19802.349853889707,1627.42,Micro,192187.1195315883
3681,54089.68807276799,18383.208717704416,5411.44,Mega,245611.09572887447
3682,23317.612954479104,23643.7263260691,1898.54,Micro,187945.373805474
3683,31186.36440630008,19385.468850548375,2026.17,Mega,91359.96781319022
3684,52214.10595895888,16593.079099438703,3817.98,Micro,148446.98077661084
3685,100402.5380002946,38763.576471513596,5598.76,Micro,306940.4611625694
3686,34642.36432489774,10182.929806353266,2316.94,Macro,203874.4146314967
3687,15801.909807934491,14060.129555804757,3608.02,Nano,60335.89379583251
3688,81621.59869840615,27087.973311095433,1944.92,Micro,254348.50583074047
3689,112697.74728063097,27570.83360287155,4016.9,Nano,301665.8592670325
3690,43978.14061850675,19574.411305036698,5167.47,Nano,181339.6772140477
3691,42194.417415164746,21856.07766186446,7628.13,Mega,158731.17446373394
3692,42481.572007168914,3262.7058257718527,1207.83,Mega,-45451.167980194514
3693,50031.90288684801,19659.78379314534,4987.39,Macro,185153.19853727444
3694,24167.04645355146,3931.9648483638975,2531.48,Micro,150796.33455536625
3695,84471.63059390019,25685.376537841017,4026.51,Nano,289810.46072956297
3696,101858.84576700997,24589.64677070301,4146.17,Nano,354148.95915582194
3697,73809.06657314647,12820.051144925463,3733.37,Micro,165528.010022797
3698,28676.02508294189,20327.954774993825,1450.39,Mega,82044.8362612648
3699,28900.943240422377,18226.036373960625,3103.47,Micro,123470.15372369977
3700,41858.0383027544,32009.354622241517,2245.3,Mega,267850.97412130487
3701,47464.30998226397,12963.067716341451,2346.26,Micro,117948.80123940349
3702,32435.75574030002,10577.686197602077,931.81,Macro,153308.28457893882
3703,86762.98096241866,27389.252255192838,6478.93,Micro,298846.4996042863
3704,5718.223799936855,13554.697170336241,521.65,Nano,125750.49095942067
3705,22346.082268988815,25042.476754266372,670.14,Nano,147137.87695961882
3706,105232.03353630671,33256.65678293734,5827.06,Mega,256640.2622270235
3707,110829.51288278031,34788.841777464026,2766.44,Micro,287498.62752606143
3708,116824.40692165829,42451.358990180466,9088.16,Nano,312014.885458055
3709,124171.08202892006,26617.46588883677,4934.27,Macro,318343.80342377815
3710,100039.56245485865,13426.977939032957,3082.84,Macro,224497.0677957718
3711,85061.13911957789,22663.129113066723,5265.15,Mega,251224.51113008396
3712,71977.6829666379,41749.798187891865,5430.96,Mega,226612.87877141839
3713,30312.080810449715,6348.332020229862,1587.89,Nano,117932.76154250564
3714,51284.54531619109,19497.629355306875,4116.56,Macro,205466.640648418
3715,79137.98052177479,24510.99678997587,4769.82,Macro,296228.0531314342
3716,64612.92312176965,-1839.2503515690305,2925.95,Nano,181757.74586385518
3717,60662.83406912246,22422.93828817625,5058.85,Mega,348561.6344466429
3718,22847.1591491132,18799.49044242398,831.09,Mega,217615.79374630956
3719,46090.66100956275,24978.71957848215,4021.47,Macro,230110.43107420453
3720,44120.22548616948,10841.37759920541,4831.58,Nano,280733.7484989661
3721,98942.88795993998,38354.704082670716,8147.55,Micro,380451.7674469981
3722,69859.62018505514,20571.53332316127,874.3,Micro,259669.2347681879
3724,28976.337734119912,3649.688265344156,1325.03,Mega,23483.75183121969
3725,30902.860567183245,12206.905663758635,3196.67,Micro,159902.00645503186
3726,131198.16543105574,26659.81850067947,3537.06,Micro,277514.88116467674
3727,82165.24713163907,23027.16483648121,3564.43,Nano,198003.18148160365
3728,56918.32725845324,27543.04123936261,5023.98,Nano,323207.94713949854
3729,23737.757091852483,15798.408104728796,474.45,Mega,61935.48374119638
3730,36307.74212722526,11574.296851352254,1472.85,Micro,117511.13609520331
3731,47974.133557020396,19456.8227071581,4215.98,Macro,210385.58583963162
3732,29085.639171438732,12963.07981378128,656.79,Micro,105074.34506118202
3733,28871.65285697944,19992.21622098991,4372.79,Nano,169843.55670116103
3734,42823.39557252692,22546.284941287086,484.67,Mega,242858.79954744113
3735,12097.16813343468,13599.68970464413,1174.88,Micro,-38777.203170679204
3736,53223.90064255998,24077.050661394842,5741.41,Micro,203045.57980101075
3737,114776.75176980885,33128.55896391657,3180.59,Micro,328343.7091680846
3738,88874.32677744058,25556.43721364845,1654.34,Macro,258369.73973593075
3739,51054.81429680168,15576.105265565824,1018.39,Mega,118402.46742527137
3740,81286.70239643232,24871.16903000215,3420.99,Nano,299978.8866084599
3741,57900.76830290147,31068.624484768392,3509.25,Micro,321595.93500668113
3742,23482.293997971883,8760.524175084753,901.9,Nano,48607.46798903952
3743,31377.639995813428,11676.581081858256,2745.6,Nano,201719.70442801426
3744,-5556.755428861581,10833.34395102875,221.1,Micro,42092.97084446142
3745,83189.85901505908,35533.59414155297,7209.5,Macro,246718.24761622873
3746,82503.50819030643,27760.52515063395,4426.28,Micro,338840.2529461685
3747,45000.124814870265,6387.163278373475,1443.83,Nano,-16794.643162656037
3748,33372.08679938133,23051.176960304514,1575.75,Macro,135561.59127346525
3749,54224.6715868537,25855.572177989805,3781.43,Mega,266596.0564568291
3750,48232.17706370222,21908.808343711105,6298.23,Macro,160069.61308983233
3751,68116.40595071769,32401.48267882558,7081.63,Macro,292818.29677811457
3752,51966.418571657574,4762.5231107143845,370.68,Nano,189398.4243060038
3753,77547.06675159448,37554.87874721621,6007.38,Mega,337270.03569548746
3754,29212.326451178793,6870.353924801528,1662.93,Micro,105120.07654796017
3755,78897.3051284941,12450.726221876612,5545.42,Macro,104922.49252444619
3756,13856.192318159598,8508.362281941894,389.88,Mega,66345.71198934712
3757,74088.94989978618,27182.928122696187,4800.65,Nano,157248.91337568138
3758,72285.79884617464,25095.68358231001,5409.55,Mega,295591.7716400646
3759,111105.91926843487,26923.21988822812,7586.98,Macro,237084.00928530746
3760,82924.04439078097,32624.87975749457,9751.65,Micro,334910.97275228467
3761,27200.27898013445,5045.907673531414,2677.55,Macro,93394.18520574742
3762,56258.92425749327,16592.202383225354,1815.05,Nano,160904.11543227674
3763,65536.98134992423,33355.16225010166,3850.43,Macro,302952.66920118267
3764,73368.80121816034,22088.68471630379,3549.29,Micro,210272.32616418862
3765,119769.19448701631,33438.944591663894,5083.27,Nano,292467.1880507905
3766,78026.07139313775,17969.99549308905,3143.71,Micro,243950.63686184702
3767,47596.02826533642,16522.43702822767,3192.07,Mega,147531.33426674528
3768,46957.33680508419,17506.539171028093,3230.14,Macro,126857.92506563017
3769,46217.02495118637,18125.754826379572,4607.36,Nano,196183.5811553375
3770,42897.55978632663,14886.892942118197,3235.49,Micro,188975.77640621545
3771,65520.258975013385,24676.28017670918,6464.48,Nano,317729.5155368306
3772,29961.975146362915,5546.095008060403,887.35,Macro,163990.96882417786
3773,40229.5475459174,40292.473163953786,3303.43,Micro,311054.9272864227
3774,20616.51746315722,8040.753858754064,2572.29,Mega,46236.55970031062
3775,92673.9553679822,33940.83773320464,10188.75,Mega,291337.73317302123
3776,92743.32239066705,15789.841421217432,7506.44,Nano,274160.93450426694
3777,71914.20707411089,14887.485486429545,2525.91,Mega,188493.52346832718
3778,71831.84875847079,15142.672654530306,4848.51,Nano,144224.38113354277
3779,75593.52636973532,30641.470706507025,6852.0,Nano,347969.7088773405
3780,73977.77205960921,11919.003001175992,2089.97,Micro,203866.3158235451
3781,16425.007870284928,17933.3925292257,4730.56,Macro,89846.25869856752
3782,65757.92575081182,23972.311062604535,2460.48,Micro,292779.00828394416
3783,58288.16521262136,21084.75026685679,4973.47,Mega,202855.9392264208
3784,38751.83911226038,16236.632421887249,3671.61,Macro,206567.2354422947
3785,32392.883547450467,15241.87528466121,1319.11,Mega,179195.28228421477
3786,37735.52569720581,6977.646580760894,1913.83,Micro,89310.56563303847
3787,22505.662671449823,649.5083149438585,1069.21,Macro,104366.12293973408
3788,51804.15766438673,5980.273825182597,2687.09,Macro,115882.53187834691
3789,95443.82235741947,23602.418013871957,2832.57,Mega,394474.31654510606
3790,69870.4418468766,20282.202504601395,6898.29,Macro,266786.71813803574
3791,76615.36902309199,27003.167221121024,8211.92,Macro,263501.080045637
3792,86876.05870682685,27553.75787972374,7187.97,Nano,238967.47488778364
3793,96465.16910538437,26779.653332838567,4510.76,Nano,209658.98524213093
3794,76901.88020325918,28155.583026220433,7897.28,Mega,422621.9815597354
3795,67201.77105222929,22853.878784634275,3518.82,Macro,305224.9961234939
3796,98892.88043952665,29937.249508938225,5586.19,Nano,379883.3470584779
3797,45466.86989366811,12393.569898406095,742.12,Mega,212025.49404917518
3798,85860.85039785094,34211.55050228804,6947.76,Micro,277440.34159868903
3799,53403.16394899771,33482.83503757203,4406.52,Macro,229792.9277842591
3800,39922.85132685848,18470.00380182081,7451.51,Micro,115298.07760468031
3801,47586.82103938442,15819.095378471979,2285.15,Micro,177258.52698861796
3802,16523.826717070355,-1029.0568238572976,672.62,Nano,87078.94841116646
3803,80658.52522405022,2343.117993919774,1070.82,Nano,164030.4157543794
3804,64045.821194534044,-4038.5504365478555,643.28,Mega,131032.36727290036
3805,41935.70065502367,3729.795435972137,1576.68,Nano,199739.69670515353
3806,18380.527096980793,9600.065574681723,2694.96,Mega,152781.77680863586
3807,46725.05716300137,24230.509151957463,3689.63,Nano,202251.83725979208
3808,45494.737137536555,24623.39806679483,5266.27,Nano,224785.22978799915
3809,58948.94555965572,21310.967904294055,8203.74,Macro,300902.028016383
3810,99662.81225004685,13335.429737845643,2011.57,Micro,197692.34245490067
3811,7770.637090321812,12228.075795642108,1315.13,Macro,82080.21117561052
3812,69413.06869674826,26497.86376039421,1469.92,Mega,325798.39361009636
3813,57467.63990586165,10547.317571657823,3854.68,Mega,85042.55958230812
3814,95157.32514257483,42110.19176509108,6258.34,Micro,362800.2273891365
3815,12371.6770703115,5357.272639084935,601.66,Mega,20423.812196208066
3816,69321.15512766362,30575.515591048024,6434.98,Nano,296090.8454303575
3817,83454.01543554287,16988.32102809844,277.92,Macro,322400.62210498186
3818,26089.118333765688,15177.2688564723,1459.21,Nano,102830.93769596751
3819,113650.93796413914,22059.20825088973,6523.36,Macro,152580.52245511638
3820,56049.795009751484,9143.802253355403,3483.07,Micro,68159.03924772052
3821,92678.54356600714,29821.527122561267,1891.62,Nano,331343.2020381795
3822,110046.84286700982,30147.70411155655,3608.01,Mega,309278.1942813
3823,87891.52878107148,29436.058432112593,1618.87,Nano,311233.86028235866
3824,54522.3459204338,15436.075314301137,1765.25,Nano,75007.78842438513
3825,19457.548558956245,20080.491251013693,464.63,Macro,224469.7473149314
3826,20729.19544235697,126.9224656506633,2412.23,Micro,44887.717249757385
3827,67523.6212178081,30972.28353205399,7461.41,Mega,289621.5005561941
3828,62289.072582005894,25728.83534388226,1795.47,Macro,199227.79610652116
3829,46139.09307031872,11247.514524562092,2513.44,Mega,213170.72859912718
3830,37907.754943061314,1084.7283918294206,4682.3,Macro,103832.62058182215
3831,38466.18030784248,3248.4847118967837,400.18,Nano,151119.34393230232
3832,14834.053926467965,151.05939243046123,1188.23,Macro,70392.38801515254
3833,111435.63347963069,30708.486181390734,5871.91,Mega,313471.82283760735
3834,6315.759154116154,-574.7655301626291,1383.42,Mega,75639.38984888101
3835,64446.60848874307,29754.75382682593,3714.55,Mega,313810.1708114727
3836,33655.59719289667,7777.722289125586,4105.28,Nano,21016.454083231663
3837,79257.29044214042,21612.7763445598,4343.0,Macro,330421.5287064654
3838,69685.52310298073,34051.84926655044,3249.42,Nano,163485.04971691745
3839,17564.189650963803,5847.032249923335,901.51,Nano,-8867.937225034097
3840,51298.71021062417,12685.662243513354,1950.71,Mega,222773.11702621923
3841,16339.50042117533,3844.9684996451615,873.31,Macro,117517.93407858584
3842,34476.740645924176,17800.099703510245,2357.32,Macro,195874.50668952387
3843,61732.97783561782,21074.37998234909,4579.83,Macro,249756.56956791918
3844,64248.60451567291,20218.83266577539,7595.22,Micro,189856.19165900108
3845,34781.932911763586,7882.928647958794,54.4,Nano,176905.7431912751
3846,17682.956192567064,7033.703769049467,564.64,Micro,185579.774083965
3847,39461.95655958183,18276.073583379155,1341.98,Micro,229286.92380267096
3848,2061.6601490600024,6564.200054105758,3658.95,Nano,115471.92371916659
3849,92654.58306292888,28700.072312484066,5491.51,Micro,222735.67107632052
3850,22333.74285003024,15015.202850865682,3553.06,Nano,158961.14263620056
3851,26067.953985138436,3991.9286802042743,2364.4,Mega,38071.7990601825
3852,60688.83768258984,24017.382034408292,5222.11,Micro,222983.03898334896
3853,26540.237122821818,18997.217258425804,109.93,Nano,103524.93004439842
3854,44123.65003215839,-1836.2557310763425,659.37,Macro,108922.74895516531
3855,9362.382991762443,2447.681242470715,620.93,Nano,67829.93148942539
3856,26327.058686500983,4730.76904915822,712.2,Nano,61850.07391044407
3857,51202.27486131,9479.206272239657,1797.07,Micro,244668.7771959253
3858,36922.95875604858,4020.6022643893084,1939.79,Macro,81662.67210527584
3859,39340.81943279746,25771.310987197725,3050.47,Macro,212258.73143681668
3860,98625.37429448882,18740.908345514217,6519.58,Macro,245989.98770176407
3861,21960.45575152159,7202.773045885792,1924.05,Micro,67901.0457931471
3862,82280.74954019343,20743.279491974703,1966.28,Micro,246744.96059183677
3863,69845.18179985408,22601.543057930066,3936.97,Macro,282175.62414123915
3864,62219.5638456514,13679.109605012738,2437.56,Micro,237277.68253652815
3865,26139.819685625385,-5226.723645061922,2376.66,Mega,153149.637245796
3866,40553.63977937898,13139.334815592045,101.32,Micro,192516.255600998
3867,20488.851553142526,10189.569946886948,3326.8,Nano,83817.60942293225
3868,72916.32861593978,24635.613807415895,4054.43,Micro,278307.9655181382
3869,31023.475125507495,14038.622237599906,2769.47,Macro,80879.0925515691
3870,35501.96548859405,-1241.4360534822151,1235.67,Mega,50184.129390680944
3871,72295.84841643904,21468.99328881276,2389.92,Micro,326587.81842656893
3872,15063.209413488614,10587.756843645324,921.56,Nano,95222.61111122588
3873,92809.00379679084,21632.211272082473,2585.69,Macro,315229.3275675318
3874,71720.53126330045,30472.58020846942,4303.53,Macro,183381.60250083532
3875,-5464.984689950771,7139.284436783538,1088.19,Nano,97291.04606550415
3876,104976.54160455811,14543.926473353491,667.51,Mega,217571.2654542872
3877,80165.0048145061,35401.9475033839,4292.26,Mega,251892.81716705384
3878,105423.7627203957,20117.5042057599,1533.32,Nano,365783.3325679881
3879,49900.128126624135,20340.738575893163,2280.19,Macro,239522.2636838045
3880,14902.94312300995,12214.536063391559,859.39,Mega,81009.82703802324
3881,85501.70089508327,25367.8109914701,6940.42,Macro,326563.1148490537
3882,64679.738210931886,16555.210343586554,4215.64,Nano,275696.40921793523
3883,51872.58168442488,6636.650052719611,1332.04,Nano,165969.59218265995
3884,28830.11180961952,4873.787206202643,235.85,Macro,84840.60330975063
3885,59066.00988084519,17857.74095669545,3381.0,Mega,284566.00173037156
3886,75656.61333972742,30841.22890560398,6428.19,Micro,355707.2930595784
3887,26401.16328945478,13598.130053634715,3386.85,Mega,215240.78452515733
3888,40685.0386412617,13337.93849519065,1707.46,Mega,174480.21545477034
3889,89748.90787696652,32827.75656224343,5958.19,Macro,270721.81438115245
3890,89651.15017968805,29243.989452173595,5939.72,Mega,309933.4916586882
3891,58054.77447274422,15854.93383287968,454.17,Mega,149388.4516835388
3892,64641.366321182315,23027.994491929578,3269.5,Macro,348645.19021375576
3893,21612.342794887732,16449.123767941644,3890.98,Micro,125002.81792371674
3894,46567.66994725013,13109.178147188777,4225.0,Mega,266772.3948145345
3895,59705.30829818243,8309.842435588464,2525.35,Micro,161191.37076002042
3896,30462.684077000937,8357.008257715957,663.73,Nano,106947.05561157392
3897,69998.17458940133,24194.650125707725,5937.95,Macro,208921.2483737147
3899,14571.146974651727,-5956.727848290422,1466.7,Macro,107402.18275273086
3900,48977.924165451084,-484.0455735063142,3588.0,Mega,95002.24088391519
3901,79226.70388506576,31185.591520640668,6521.08,Micro,406263.4321555841
3902,29283.028767231903,8221.797872155243,166.17,Micro,-22286.43757711597
3903,5619.869251338863,16345.836836478886,1643.43,Micro,127720.43406996361
3904,27392.159191567836,294.2918487157145,1584.73,Micro,37882.508860914575
3905,121281.63491150753,24530.746766768094,6509.06,Mega,408921.9867797788
3906,86027.8643753808,9082.106446779593,4550.48,Macro,187299.89949285294
3907,15460.122989268077,9291.434412542792,1344.17,Micro,12702.682152529655
3908,92242.47180288535,32480.2296923936,6003.67,Macro,384552.67299599247
3909,62890.157355668605,30105.220804074255,4842.88,Nano,208243.87065736763
3910,115155.31765970451,32475.202696686778,5965.67,Micro,371764.1968172055
3911,86737.47015382574,33160.17407890815,6641.15,Macro,270740.74230360775
3912,58283.24861247704,24849.868130461895,1174.74,Macro,192719.2316017696
3913,120461.94024739362,33790.788618988765,4438.1,Micro,345046.87306407106
3914,47165.65659160707,23631.081071784898,5870.76,Nano,169385.42709507438
3915,33088.206546827976,1752.2350587704723,5654.73,Nano,64446.38736724193
3916,74519.39250560406,17431.273320084994,2761.04,Macro,227953.9245291592
3917,8765.641339304637,1620.365648153324,1705.28,Nano,108095.28598112814
3918,91122.60942822811,28082.354339818074,2501.09,Mega,311019.4311708567
3919,41631.89813945163,23258.414699935907,3647.26,Mega,290697.0405463748
3920,74360.8831983959,20553.788113317096,4727.85,Micro,237654.3686262138
3921,96207.62288866032,20970.614421324677,3880.48,Macro,263590.7142390191
3922,106753.67120773735,38832.25705939179,5870.15,Macro,311392.31832122675
3923,21507.47891768461,12102.015905841155,572.31,Mega,91473.84909623693
3924,66040.6092001518,19143.060590070992,1792.29,Mega,335704.44311236823
3925,31334.44783141376,4019.669184402646,5109.24,Micro,107981.90558725166
3926,32285.303442424243,7680.021159057887,3263.64,Nano,28863.23762532761
3927,8405.433403288876,2063.725840264964,135.07,Nano,102580.06808763352
3928,23359.58905290373,11821.20490909687,2250.34,Macro,113362.26176567626
3929,25073.36760644553,8346.826740620492,5560.01,Macro,102666.29413978558
3930,124368.42501385148,30058.01384878216,4872.16,Mega,263089.13476202876
3931,28892.935902203088,-5032.55109675691,783.86,Mega,103547.41792825761
3932,28226.944579837815,4909.758185587734,1029.12,Nano,158298.2126527386
3933,67252.58030773346,18417.400841203846,3376.91,Macro,330115.4069314896
3934,31332.041926157814,15667.498129265132,2562.24,Micro,281971.70791189687
3935,66062.89462634237,37600.89964545849,9127.44,Mega,344828.9060558709
3936,66387.46656561592,18160.315852560085,3009.17,Micro,266187.78539551725
3937,91609.56341464061,26437.865453209448,4824.38,Nano,247581.79281731552
3938,52605.801472503954,14065.335765126636,1040.6,Macro,257352.30938883743
3939,57222.761215900566,8220.17538442339,1849.16,Mega,193369.36158586628
3940,36119.0875985411,3068.2381767127463,1634.97,Nano,20110.325120832058
3941,81360.0042380147,34594.876246038984,1866.91,Nano,192145.7220525955
3942,57783.32894519219,12442.911758194283,6240.13,Mega,73193.43750351228
3943,59940.451747175786,31131.790945943463,673.08,Nano,301744.23737816105
3944,44257.26499528726,9923.851629367995,1377.51,Micro,108771.10639746109
3945,39828.97858905088,14522.371682755376,1588.77,Mega,186040.21172913225
3946,20043.66779790946,746.4286891053482,2783.75,Macro,114087.11604735834
3947,21776.70960974096,14519.089620164621,2882.93,Nano,145992.5360175037
3948,96391.23283804873,33506.592645203804,4554.77,Nano,311061.60122860933
3949,116969.63784840326,21699.558290653364,1820.81,Micro,313263.98691387207
3950,639.942023444828,2130.243599891532,30.04,Macro,-26673.914962561692
3951,16051.251068513651,15098.82746969357,684.04,Macro,143890.77993141743
3952,45603.98370906288,9934.501186356314,266.97,Micro,150419.9191441485
3953,56110.65251792705,30848.116470386944,4309.63,Micro,209469.62172083088
3954,81685.29803092947,19827.728743628704,2193.17,Micro,333716.3063241303
3955,50814.397502213025,10978.90837895234,5124.85,Micro,178108.5443319935
3956,37642.78264478142,31500.72805725795,5517.5,Nano,120262.65311591621
3957,54092.64831300677,17233.550649876357,813.39,Nano,152956.59901075094
3958,128300.7924835727,36709.38673934303,1801.49,Micro,335379.62678389804
3959,44870.59513548398,12392.621506097896,3560.62,Micro,179932.31411503977
3960,37925.616434622156,1704.5812551144056,2523.88,Mega,85169.25238587256
3961,72590.01254761225,8297.48216496371,3042.22,Macro,132440.24243162916
3962,30190.268633851912,2316.519617799783,1182.7,Micro,201598.67725145817
3963,38683.925583813776,3954.423455353054,260.97,Micro,47303.96736314229
3964,74308.4276818485,30442.278197125805,4744.49,Micro,308832.40691595915
3965,34959.11900229013,12953.227878873064,1560.85,Micro,181779.51330378698
3966,61694.91842881374,31861.509623161674,7606.38,Micro,114520.43612068525
3967,35050.51045936874,9634.663363916996,3881.46,Mega,97103.84480428102
3968,76981.87505152973,26944.61993000466,7419.61,Nano,348827.7257137879
3969,24684.589073177114,11620.335700180769,3515.82,Mega,14435.001084061325
3970,31914.042330898137,8004.501199074926,337.28,Micro,123341.56527671525
3971,44528.07736234852,18507.036676199205,3472.82,Micro,161873.24074496672
3972,72153.72327201081,21475.714761481333,4655.32,Macro,349894.114616304
3973,57575.67560618641,14622.754418449873,5195.62,Nano,196419.71679028793
3974,9746.906256050876,1641.291538664399,17.38,Micro,20633.837300004372
3975,61455.32501831305,16380.71045923356,3107.13,Mega,138286.4085035206
3976,17657.358476176993,-2139.2194877529637,3122.49,Mega,-23306.43191181407
3977,22963.19900786881,16316.89397167783,2761.22,Micro,119620.6411757007
3978,-2322.908286079074,1462.372749508559,1882.74,Nano,24273.922941602836
3979,16069.724891522405,8429.429012396351,1587.6,Micro,36578.81365961715
3980,97110.76074376852,23312.740147605986,8986.28,Nano,314248.3492079256
3981,79550.64923113881,10648.884047776468,2623.38,Macro,228283.29738528957
3982,64843.01886126871,14462.153003854972,4424.55,Micro,94398.079054499
3983,113871.70571048517,38549.328825516335,4700.59,Micro,290229.71940019866
3984,35040.60882149551,19590.00738769568,6625.99,Micro,69286.27734170196
3985,55061.750170164574,14705.069003224375,2527.1,Micro,120659.11133147732
3986,55110.243403670705,11856.13995306871,740.32,Micro,130202.22907872545
3987,77566.48529572909,22342.528829106417,1510.22,Mega,168212.66762709408
3988,18092.954308155044,23276.819979440923,1778.03,Mega,-3375.6076218712624
3989,33911.12461617164,13857.2192417484,165.9,Macro,209214.7825810326
3990,86055.9708235733,29088.252882216017,4262.44,Macro,307288.4185369018
3991,93187.52643533386,13967.463690713103,2119.38,Nano,277992.48282911006
3992,89143.47412151642,34056.57446370982,2232.69,Nano,352811.34076574113
3993,2425.2273150688598,15416.206240771935,5112.08,Nano,109009.85137824625
3994,46835.119681331606,15001.198882856712,3970.4,Micro,56213.03309783626
3995,52413.02568681183,1391.253260419603,2833.28,Nano,77171.05544630473
3996,4829.696176183961,1750.1618777661133,4298.96,Macro,43818.32958466225
3997,-24245.626501876715,8732.312767599136,2039.85,Macro,18723.048956606017
3998,34703.23410117581,19166.979681500678,2188.04,Micro,188379.51203815112
3999,47336.31984191872,6720.716529926698,2274.6,Micro,107409.34920062975
4000,72575.5302902974,33562.94762937933,5671.16,Mega,270983.4582976207
4001,49859.59230201043,9032.194268714811,5144.39,Macro,118931.00170510708
4002,44567.222483634156,18646.98001498697,3975.01,Mega,112763.33465136318
4003,55840.31284856431,15096.843373813394,2612.9,Micro,201167.14260479165
4004,24223.659728704843,22548.556357626272,7972.16,Mega,128232.95686132011
4005,28272.378088855454,8173.540891943545,1157.6,Mega,95150.40050154817
4006,100350.59879239516,33552.79515435256,3691.27,Macro,254044.3833470442
4007,93520.21627873855,13408.288423568023,299.07,Micro,269863.2654893018
4008,58279.50147944002,19842.778608353474,404.27,Nano,336834.61480285967
4009,20396.00042102074,14419.37010304256,1318.39,Mega,46049.932530823935
4010,77802.18739400335,23702.14906523899,2189.64,Nano,265787.65538177005
4011,51649.77010074609,13737.679033518776,5088.01,Mega,90875.55545005084
4012,71056.24995609607,31523.86029516706,1684.83,Micro,296299.46900368785
4013,57254.97511745385,27427.97599497238,3522.26,Nano,270739.5123100607
4014,101326.94259368723,21291.20684265818,681.76,Mega,388050.7953099303
4015,97961.75130152237,22714.777607049688,2957.22,Macro,283986.61465603526
4016,93692.37269386854,48499.364562028066,9476.64,Mega,385927.59901091084
4017,14244.537585909271,-8893.273980039126,327.75,Nano,73708.53515904913
4018,27746.292726765765,4594.859558590692,128.5,Macro,40105.69166803974
4019,4726.843956394954,6137.610816183095,1583.3,Macro,40866.67787216081
4020,72411.4217248361,20001.818182629147,1799.59,Micro,281124.7126136376
4021,55557.995599749265,19405.230678610995,1005.35,Nano,218245.48721892704
4022,77279.79403189843,17912.963707971147,2041.29,Nano,289042.58792754
4023,38689.69634501349,16523.26059009624,952.44,Macro,238751.24010116313
4024,22598.37598940158,23959.76997463164,3820.4,Nano,147780.67053670957
4025,66559.86106482914,22084.86110889051,2029.13,Micro,198995.56896915348
4026,47382.4138123431,30656.188132703654,2546.51,Mega,254484.39100609833
4027,88176.00627448523,30288.422900912443,2231.37,Macro,311083.8778835745
4028,20786.229548008538,-1481.0514326060702,2291.23,Macro,69434.20679746801
4029,89983.04484856926,30686.659955102048,4803.61,Micro,309669.3966630586
4030,53712.221046400584,26781.594858638196,5667.11,Mega,227982.94482830988
4031,-4243.611172792567,19845.391909605234,5970.22,Nano,162434.96360509816
4032,82751.53341775699,21647.883176419346,3516.43,Micro,233637.88586782757
4033,37003.42164329636,8498.680435266468,3998.94,Mega,35913.38148129979
4034,45927.11270848742,9030.586519783346,1167.05,Mega,185671.31229524643
4035,31934.576616697643,3962.2254357989073,572.55,Macro,117546.86838289231
4036,-1578.5024683551692,2012.310023033845,2373.36,Nano,52427.62387090193
4037,83646.41077139528,30918.05998658801,8301.34,Nano,218722.30468126884
4038,10849.958773145856,6817.008453991538,358.05,Macro,99758.50689271404
4039,79321.30775563855,24727.919155938183,2673.04,Nano,213338.8775442787
4040,80748.69469294886,30888.21092975681,4948.76,Nano,269266.69036226004
4041,75936.54923194755,16837.466403046958,6352.69,Macro,341782.6627806489
4042,70686.44413046209,26847.19943116107,1758.17,Nano,314241.1415006898
4043,96995.18392894331,21168.40998492512,6265.85,Micro,289906.8587382764
4044,121203.29649417118,25172.57020633089,5901.47,Macro,276186.68496256275
4045,9528.969540197933,5192.325030767105,1020.49,Nano,52068.805434324284
4046,43075.99222214733,12749.795083019397,3632.37,Macro,194035.12182262016
4047,22607.802834864466,15964.442322872848,2676.62,Mega,190222.96026625604
4048,92384.70371546746,24924.091817120516,4071.55,Nano,264123.6314777003
4049,71575.96042031085,6395.883430803666,4019.54,Macro,251465.50044875688
4050,31212.3432314145,470.347005259297,2290.21,Mega,123643.794485805
4051,37845.83432540008,1494.8889735938046,1471.51,Nano,40126.47163784739
4052,36037.070174709595,10318.282477239281,1526.27,Mega,99000.63718944308
4053,85841.86964200779,21932.739977487603,8220.53,Micro,353323.54064990516
4054,71655.76485082824,26175.93571800118,5137.12,Nano,291886.2769438877
4055,35014.502945679546,15089.535345615934,1464.15,Macro,55667.624343664735
4056,80595.59969470093,19284.02666559537,2951.0,Nano,291393.49666246405
4057,103537.52677181961,27946.278402425713,5781.93,Macro,198677.16784467283
4058,26944.932469006308,14922.559164020025,3099.98,Mega,102687.76462998235
4059,61965.71124454617,34520.22877039656,6000.88,Mega,364561.45812207495
4060,14693.313481150071,6905.2077714633015,1758.38,Mega,120512.94876618445
4061,119045.55722130097,43369.65887657177,6054.41,Nano,344661.3363023932
4062,28001.886676349008,14225.058277239092,1185.99,Mega,205487.2568281991
4063,31457.342362905118,14650.486072755226,739.57,Micro,78401.63630247259
4064,70151.46690617915,31000.60830870201,4602.94,Nano,298914.8175801016
4065,21694.7903476692,24262.102869897026,306.92,Mega,155171.67914187536
4066,9735.462601993415,13654.861001555928,111.01,Macro,194049.20539948106
4067,23879.039318045336,6131.167502128002,180.24,Mega,162329.15451111583
4068,97684.3877007489,16473.687010687594,3313.54,Nano,184009.6028886337
4069,59100.487025523085,20087.367966465452,582.18,Micro,228953.87334168167
4070,65460.0687002411,30842.22698339526,7483.43,Macro,363192.74743142596
4071,101324.0622455191,30555.138052942697,4068.25,Micro,222213.04574639478
4072,75042.69502561406,25895.789836747528,2447.63,Macro,383398.28333949565
4073,39159.624573291134,12950.359691716096,2852.07,Mega,171865.11272032897
4074,76177.12540173919,21541.645340494608,4160.03,Mega,206951.14374054223
4075,15118.713174955436,5256.546283965968,2584.04,Macro,66991.49682884186
4076,21809.238382600393,9667.19157309562,1535.62,Mega,22567.653954037705
4077,80425.94129868035,14779.54938841602,800.78,Mega,146903.27848160354
4078,63087.39488685186,32772.683267673165,5371.54,Nano,162159.2265704464
4079,86561.46608040232,34608.42784915515,6146.3,Mega,240180.31156217243
4080,52711.1869024512,16990.78415027652,1914.86,Nano,209957.5016544579
4081,83090.31243035563,41161.782390015054,4061.59,Macro,256636.4552507037
4082,44642.66682167798,10734.11049773408,2725.43,Macro,74728.53078290026
4083,51062.58913475115,22172.960813878937,953.11,Macro,161239.6581598275
4084,24319.643176696714,11500.516587589751,3250.95,Micro,67932.31800137862
4085,82360.29326736723,26124.02401434425,2209.95,Micro,272213.4300686087
4086,82790.80012310093,39642.771421620564,4827.94,Macro,303817.20321312954
4087,90691.70573556414,26819.68416475299,5853.58,Micro,372084.83670424914
4088,22797.289359307637,8142.7236530847085,3338.36,Mega,31478.92909449406
4089,71515.7783114117,17069.335094827264,2178.33,Mega,268143.59194679215
4090,100726.67677119253,19379.91416215889,1370.78,Mega,331897.34321897704
4091,104742.44625019949,18616.905970510903,2559.91,Nano,359798.2333353059
4092,14474.242604724635,14071.478636321623,22.5,Mega,126854.72875579192
4093,39506.49121377415,18615.92097211444,734.02,Macro,164414.5311815352
4094,65144.44912589871,24791.206935327555,4208.56,Micro,173097.4351886644
4095,4595.944148173863,9238.573608042147,5022.01,Nano,67657.36886872552
4096,73325.6293124182,29237.13292978921,1627.59,Mega,269844.8563334006
4097,-4233.6192502927115,4605.00575548078,5440.35,Mega,941.1044413388154
4098,83503.02544188041,40809.722038296706,5544.41,Nano,368795.0384481026
4099,67880.6857622837,9279.296074481459,766.83,Mega,123194.54692377645
4100,52475.784873379765,13344.881758361451,144.89,Mega,333436.1983600948
4101,55148.84494854655,19677.121999828418,2139.14,Macro,121867.39149749448
4102,57535.67182996284,19432.316720813425,934.35,Nano,168708.4119840408
4103,94855.47696643791,16691.81686136515,3082.47,Macro,305833.5050905251
4104,12770.66712117842,-3382.6644176583263,364.68,Mega,99174.8718240251
4105,47177.82998983394,29647.86402785362,2036.74,Micro,114477.14141904483
4106,31335.767721664335,6563.546634770657,1904.3,Macro,51908.81974964556
4107,18502.40895583129,13159.339799598702,24.46,Micro,156519.84126422
4108,39832.0556782207,34696.81375884292,5226.57,Macro,242337.62592993703
4109,20882.52947851257,4225.834396698769,9.53,Macro,79869.21241168477
4110,81016.39422117593,6956.232094640367,162.93,Micro,128027.30724612904
4111,77001.0510399807,25281.35259975023,1901.75,Micro,252705.49199294316
4112,69238.24633500219,23055.26839149722,5042.35,Nano,225202.84402594352
4113,36687.361411304075,3626.624098090816,349.66,Micro,200507.9945925159
4114,18297.149522302232,9802.661009284566,1354.42,Mega,96286.63113587645
4115,50257.668313354654,29035.531477695986,3388.3,Mega,199634.93142984723
4116,3403.8813902360516,798.5491577394507,334.89,Mega,10160.777940682772
4117,27694.36652503474,23066.14309089526,4461.83,Nano,252444.16402730628
4118,52201.08540050827,18801.161675385316,1708.63,Nano,158845.85046936412
4119,34390.85032269124,8262.021060737514,1421.5,Mega,162516.52539421187
4120,52233.754997551005,25692.597343875135,4689.77,Micro,66359.33645816275
4121,44393.395642508876,14695.06174753294,6679.1,Nano,182139.33316972828
4122,87191.4928151441,27198.578113245254,3092.27,Nano,336408.5109945885
4123,72102.43817553953,21318.061071471053,4368.9,Nano,239533.91745468884
4124,871.5876081965553,14971.428846726452,228.26,Mega,76749.60233322976
4125,69997.21834181747,34098.28060412376,7304.24,Nano,271835.56386525894
4126,120052.1831954737,30377.655289533126,6714.96,Macro,386523.01026563207
4127,81492.30136410643,20096.346008155993,3136.78,Nano,200231.03086025914
4128,49485.96591434322,15073.863171164106,2861.87,Micro,202288.4636438385
4129,83452.30575155874,16839.454338475374,596.89,Macro,152175.5235999823
4130,58086.074124269224,16240.472478547392,4599.94,Nano,190404.7111723062
4131,47945.91671443776,7939.607447438841,4396.8,Macro,65198.36434979073
4132,32099.209055447158,20682.08299540153,1632.84,Micro,160339.72944379554
4133,20132.85462729008,17653.41430554315,1884.7,Mega,101178.82669647972
4134,87192.04074001891,31560.67219156929,5958.23,Nano,301161.1642484954
4135,72408.42707094202,12902.592458487112,2185.42,Micro,228587.0666489294
4136,67624.6752379053,35968.90232773534,4062.5,Mega,287679.2687962767
4137,38332.805472953005,21260.775789116662,156.16,Micro,168630.24783747937
4138,46973.03340259596,4010.7502575788467,104.0,Macro,110785.75458021535
4139,-20992.590414726703,6282.57801486399,198.57,Nano,128587.24605889985
4140,19946.418542807398,19394.718751111854,2019.92,Micro,194470.08636789295
4141,23599.151667036007,18468.934488013172,4726.14,Nano,75596.92932651732
4142,30455.866989094953,4887.532189805177,878.95,Micro,85699.19360605582
4143,64238.57759376234,28690.174830754044,4239.32,Micro,344220.15221924
4144,34776.772453459096,3278.0934409657866,129.39,Mega,124084.1319627736
4145,13076.892897134843,-1020.0638663568698,1408.31,Micro,121304.91528078838
4146,52290.98632571959,30431.09087795264,2553.72,Macro,187772.9603477216
4147,57249.91228231853,9317.89207934065,4790.84,Micro,147384.41825339844
4148,46575.75480225291,25344.60250533802,5139.32,Macro,220291.20448146938
4149,58730.91238018774,20957.670098635634,8226.68,Micro,261582.5141274762
4150,72920.26409197225,24339.531458513375,2783.3,Mega,323990.1156978985
4151,100799.77552211168,29502.702621375927,3861.6,Micro,341143.7230492518
4152,93714.08830509955,33138.00481712809,10297.64,Nano,336839.36452212045
4153,-12598.965332410366,65.79318312378473,592.36,Macro,141219.05629892123
4154,50358.703081356085,26919.617221532502,722.08,Nano,244741.29848593986
4155,30925.57217520794,6500.878090425447,2263.53,Mega,153446.07685347233
4156,26111.353944032,6163.175709925823,194.15,Micro,25872.2119927897
4157,87983.89907226007,19026.145622325268,4503.91,Micro,241677.14334313662
4158,104103.03849641418,24640.336939899476,3371.13,Nano,340021.24551320815
4159,29046.934619054937,7921.849757790806,5108.59,Mega,46220.01892212125
4160,61399.4918720783,19513.990359788288,4727.64,Mega,191656.2677981536
4161,41033.79081652263,15233.039391794196,1707.02,Micro,-63123.821392180864
4162,22932.738969102546,16080.192310380928,3286.73,Nano,134548.3471187659
4163,54427.84926261249,33378.44626364095,6749.79,Macro,341018.0580821984
4164,52259.93131997378,7851.771812888788,769.5,Mega,117804.03441394989
4165,27458.032180316335,8920.091290978033,2082.33,Micro,-300.6259455252148
4166,106655.99083404428,37585.534078081306,5326.76,Macro,369585.38029054814
4167,60242.71350816465,11278.86575319446,5599.31,Nano,217291.2932290748
4168,41695.91999443355,27596.442238313048,1144.77,Nano,173727.86544309204
4169,3378.4039926956066,11999.160487538198,2510.67,Nano,155135.34404161046
4170,22140.277978961723,23873.598591987542,249.82,Mega,60938.088696443025
4171,53328.569974655366,29671.886276997717,2612.16,Mega,266029.720870237
4172,30269.359123785252,9347.318241503895,1207.74,Nano,126372.344050102
4173,103196.69225891182,44518.21324899607,7520.48,Macro,344006.1031135719
4174,33476.86389585769,2830.011627436663,617.68,Nano,78828.8060076295
4175,41041.95559386808,5335.055538672303,1765.6,Mega,60795.676650325426
4176,58979.2950400788,15739.768376078664,4287.9,Macro,163351.505887877
4177,18219.24868289671,10896.513971408809,304.84,Mega,41063.13846583713
4178,56900.17470016376,21581.14906639526,3352.79,Micro,204763.79712076148
4179,85132.2684504877,20292.349605721487,2810.28,Nano,234818.29383790956
4180,28021.17454985597,5214.698168164745,3061.99,Mega,109549.32435999488
4181,30867.486729809374,24205.848812737764,464.67,Micro,130558.56317629557
4182,94691.01056204317,32537.39772135263,4893.95,Micro,319009.15643716435
4183,65362.37157806035,28695.39239783534,6158.39,Nano,331501.9289654398
4184,60979.317157713216,24403.858306711667,4324.44,Mega,344913.5538548277
4185,110769.74322848678,26265.8309528909,6854.29,Macro,282904.6826449273
4186,259.7741347931169,2843.1054578876738,2715.3,Nano,106377.94635363099
4187,63004.00428247104,25199.80455631329,4824.47,Macro,286886.1897320727
4188,44825.35303755461,11299.777283160312,2256.49,Nano,265470.6633064385
4189,15986.884658338739,9582.616536408672,4829.66,Mega,122147.37022124845
4190,78840.25602614692,27863.571758145463,5703.99,Micro,282907.6235350691
4191,84135.44483229995,33420.80645839193,2287.39,Micro,416501.01169823535
4192,24930.168750322093,13348.75252052684,3734.46,Macro,187752.48331770074
4193,56863.37780678386,2892.7429282717358,8357.13,Micro,130932.83153695376
4194,62284.21251182678,14863.847588518314,3657.84,Micro,228356.92190387897
4195,19439.370622253522,811.0253916833399,2294.25,Macro,104124.98856021492
4196,112929.9208573535,33819.54637309979,4878.63,Macro,286410.24329965643
4197,54499.96725482817,31946.325175229955,8363.87,Macro,253034.6954098868
4198,36097.67160528262,9276.13084549159,1363.47,Mega,66455.9422804036
4199,18122.543711337967,-5327.720336017689,1365.84,Mega,65278.47488376046
4200,69253.79858301792,13128.295418149944,1324.03,Micro,188035.8139452168
4201,45128.86029555862,6832.576173767915,6070.68,Mega,222408.44395167363
4202,86992.0202317561,21534.77531978492,4775.91,Micro,254363.86475392483
4203,75945.98155685404,28802.242341086636,2522.22,Nano,154671.86032522903
4204,77875.638724888,26817.94156925267,3115.44,Macro,166287.20462019145
4205,88693.68853337328,14071.521072864423,5234.69,Nano,226476.96805561314
4206,2324.0817523704136,1975.4522675337587,1007.81,Mega,37536.97396681513
4207,78758.25249689713,12632.342368520902,878.43,Nano,262477.62759306404
4208,26753.0221119343,3475.688205916762,3588.87,Mega,121195.39409951628
4209,10297.956281017,7856.613295473093,357.39,Nano,127687.55867874906
4210,81345.52696325921,27684.30822250696,2993.11,Mega,314540.88064560335
4211,16464.597905736577,15174.010481119078,4724.22,Mega,170273.38240779494
4212,55037.669387746864,13551.17711396435,975.29,Micro,91395.39596242316
4213,108648.19958628698,15077.805523179768,2778.44,Nano,316619.35329491046
4214,87180.69471889385,30712.31185492239,3964.58,Micro,290178.49887777923
4215,84023.59836365716,28079.456632317397,2934.11,Micro,222311.50053525035
4216,64796.92508696549,23321.10222593663,2524.9,Micro,256081.44333057912
4217,16374.863875259845,5736.286692754385,2303.2,Micro,160459.92223695022
4218,80611.48296103555,24674.870042802824,5130.86,Macro,289384.2142859947
4219,72779.52110973399,23759.12210738404,3094.83,Nano,348794.1143317061
4220,65604.79022409067,23956.571697392697,2541.68,Micro,291086.28084636567
4221,114242.6729974762,19901.43760156003,4887.5,Mega,392596.1098341572
4222,48495.71984687891,12100.467825231855,4093.51,Mega,175635.61061397032
4223,69955.68757503966,24435.409122040444,3774.87,Mega,243321.32544991604
4224,61231.65551481632,15026.012833620818,1468.35,Micro,235866.2670614537
4225,44750.65028137836,14961.188330412522,387.03,Micro,86854.3991059684
4226,80154.08471421694,24272.945653889365,7701.14,Mega,229455.83624497644
4227,107122.52069440139,32864.377454766174,449.69,Macro,193170.52645691158
4228,43694.77017151505,9421.832350043356,5489.13,Mega,248421.6855631363
4229,72933.97702981177,20159.445478509602,1645.05,Macro,285516.1183385753
4230,78267.61027524914,12587.530866315996,2457.72,Mega,303302.21660463774
4231,34323.58098430024,24092.73082625607,2001.04,Micro,167373.61010409813
4232,99876.63644394079,29639.42026530717,5130.23,Nano,316460.7655787694
4233,23753.716365588458,20913.95334022824,2498.88,Mega,204300.15375807046
4234,18328.025536458452,5350.11057541805,6088.67,Micro,54321.924322974184
4235,18517.66807103258,4258.596957137843,4942.44,Nano,87479.11386729815
4236,49172.21834736332,21648.957432762298,2388.73,Micro,256394.51488301627
4237,75349.01738634115,26745.73536592148,8153.0,Mega,212632.98820526822
4238,66232.46094998438,22800.555301565233,6853.97,Nano,146089.92480542418
4239,77132.37840392509,38078.2389221539,8177.0,Micro,245152.2143083657
4240,59870.83240554063,19799.823229311904,2820.51,Macro,305748.6117624938
4241,31572.31952087098,9202.535764403732,2858.01,Nano,71457.716373359
4242,15469.035515933223,15632.805121634326,1727.95,Nano,129151.74711963836
4243,63128.24161742832,10229.774186514194,1937.17,Macro,182153.79219739558
4244,48412.2102041084,19623.40109435758,5241.41,Micro,124734.7719064889
4245,65966.45293867501,23878.949806515346,4245.21,Mega,266583.55732005084
4246,22349.69426998071,4779.152596530764,936.02,Nano,196333.83107237017
4247,34508.21602277199,17304.681228904046,102.85,Nano,191187.72205414873
4248,86972.9019779001,32186.67844440433,1937.49,Mega,261648.66519976538
4249,73386.78272851756,11442.733380648371,1502.16,Mega,272142.03317392117
4250,93713.15134012565,12400.282663239528,811.84,Nano,261801.46469530553
4251,122058.20941960774,23319.619359379252,7600.78,Nano,229054.32127129703
4252,128675.64252076588,42190.19233851762,3772.53,Nano,327431.18463178794
4253,93231.00930785543,37213.077200951804,10455.11,Nano,289267.94415392
4254,17470.595722575414,426.9620135597404,1278.57,Nano,59163.06425648875
4255,81888.07200086425,19555.98942733092,4423.49,Macro,211654.56846981036
4256,14080.035452606553,10785.383065032229,1244.35,Nano,169550.19924701564
4257,48149.06184789688,16711.372745807963,3922.4,Nano,236003.50524424194
4258,40657.79818074798,8834.949929906721,43.31,Mega,95764.29730916154
4259,99343.60970062489,33404.6522574682,2264.97,Micro,360683.3337038281
4260,3329.2895669974623,8581.158997436138,2624.14,Mega,87799.18247224388
4261,47373.3198513821,17044.85219681639,3600.05,Nano,198260.3424024577
4262,53040.32203397447,1377.4978291532461,2023.88,Mega,97981.45884516588
4263,80400.1964359037,43098.09581309832,6516.58,Nano,391299.88598704134
4264,75541.75738753646,19283.427843057263,5120.85,Mega,240757.91975029017
4265,67043.9139602237,12964.560004624982,1363.03,Micro,185380.80669568773
4266,14678.35282147737,5271.860443697871,1786.78,Micro,81169.83676716531
4267,75210.77905501588,30165.391389296543,5905.91,Macro,314647.3981012489
4269,25616.358498818852,11311.448724675773,4198.92,Macro,106713.35958857326
4270,44944.056035225454,10292.498729643852,2064.48,Nano,18108.861665448727
4271,71931.08876658123,21695.689961798795,2039.52,Nano,251561.5242140865
4272,54138.41725728255,28057.912479014594,450.4,Mega,218426.2271116535
4273,118211.97221637427,31416.41785842746,3803.7,Nano,327906.75849288795
4274,55921.90908193663,12585.695611167264,4185.86,Mega,278915.6268084846
4275,91414.77418010408,28208.186218927596,5572.2,Mega,335075.2560279207
4276,50540.20063233294,14280.566428018828,4034.14,Nano,152617.854178096
4277,907.2024828383892,1458.6066883016306,38.17,Nano,63831.70600443737
4278,22193.690524903483,3397.6839925014165,1305.29,Nano,80699.36184582609
4279,38391.75168827503,12189.222760756993,3349.61,Mega,144168.82265757918
4280,31242.88718425284,14467.92070599494,1521.59,Macro,103231.625227973
4281,80438.78795899489,33688.49149839115,7820.15,Nano,331442.718534603
4282,24763.784351480812,8169.960547490504,1142.5,Mega,122156.49888269154
4283,69869.74652490052,28953.009351785673,5652.61,Macro,340613.7447859293
4284,38466.68043711916,22534.75950135692,3393.1,Nano,137636.24599211797
4285,41061.449178412186,5268.392912200958,143.31,Micro,167974.32424838463
4286,56863.81475088831,17167.58574803056,3656.99,Macro,202283.76307683188
4287,101924.40969443718,20094.6098708159,2513.64,Macro,303069.11646749114
4288,57290.218281350404,12639.225750225198,1979.58,Nano,92421.7770043358
4289,51334.76285153645,13326.707780507064,383.26,Macro,256899.00563117527
4290,58676.91086416089,13908.303774354374,7744.56,Macro,252950.93565237956
4291,100041.20127478954,27805.67399767037,5393.8,Macro,279512.73475813377
4292,90862.97983481426,23323.25036168551,2581.62,Micro,361782.9739883797
4293,52143.35439982946,7983.931905512483,2269.0,Mega,67036.0360401778
4294,91267.06126889467,32640.280236162434,3077.83,Micro,289637.12290998286
4295,48834.72852035909,22601.964870893593,3047.22,Mega,69454.160993386
4296,56630.153039827666,15944.161744719378,1808.08,Macro,149921.18349509034
4297,55219.84776041937,17574.68617034214,1122.94,Mega,162362.32307607244
4298,68209.6992265087,27729.31003051355,3579.35,Mega,297330.23495998385
4299,34194.51943882595,15828.320089288145,1731.19,Nano,110619.16045226995
4300,16383.199116336573,-6407.156738805379,1830.7,Micro,217571.561210797
4301,84276.828302135,29944.475206552397,2783.84,Mega,318259.24426546553
4302,49192.885602021845,20980.457334021532,0.98,Mega,227088.52219108038
4303,44369.07376420006,8169.258011519367,1243.23,Nano,202273.86508355325
4304,48276.08952280121,30414.79879353795,3229.39,Micro,257609.7095929927
4305,88021.00120037151,55244.65209511679,8292.21,Mega,373180.927652515
4306,113876.56165480653,23070.911170723335,8214.13,Macro,232420.52128014027
4307,6468.565360461928,7627.494076869287,318.3,Mega,158858.89911703952
4308,46495.838737520724,8747.308037844183,1463.56,Micro,192141.11802287752
4309,58771.90945482391,19915.63708109838,3068.51,Macro,194077.4797429813
4310,38964.73820177813,9678.517914303226,2900.92,Nano,127258.22541248861
4311,29857.3097368813,7299.166649562085,276.9,Macro,134304.48386750236
4312,52211.34162672116,6777.068709617898,151.51,Macro,91211.53662936392
4313,71503.19913535754,17407.720350891665,2465.56,Macro,283107.1413740827
4314,71048.79848554019,28222.723920710945,2580.1,Nano,319789.0842779704
4315,66032.76250082407,17530.27272623783,3653.05,Micro,226837.47044205642
4316,103787.34376205201,33985.37273314662,6737.15,Mega,359343.4882999406
4317,38193.37403911497,8492.305492040055,4087.39,Micro,43687.71665066205
4318,94315.85953960934,22088.842990063193,3619.41,Macro,289369.32320506865
4319,79608.3786484809,18496.880344270776,1426.91,Macro,274552.92488984496
4320,51124.916153836755,12842.99223861307,993.12,Micro,162669.48561421482
4321,26847.28375025861,7049.663457051991,1722.98,Mega,37485.351370862365
4322,55740.183895325965,24901.343219247152,2236.2,Mega,233516.66394020623
4323,6433.694427185685,12396.855697506748,739.07,Macro,116707.24675818675
4324,102026.95933855031,39581.36531822857,6364.72,Macro,389838.57100293646
4325,49877.57035428666,7700.470260206037,1987.02,Mega,234346.20365321933
4326,68706.29804794985,25160.441598868143,7812.13,Macro,221692.933602341
4327,100534.75448618009,24158.904636630596,3608.19,Macro,365207.32553112874
4328,60955.152003637966,8044.36538412158,4305.23,Macro,101447.39952462331
4329,41289.530284099936,10115.84046762389,4810.38,Nano,101975.18259250134
4330,88050.95858130055,31035.00042837239,7057.84,Mega,422925.3971142662
4331,130714.55516389543,30674.72984356225,7869.65,Nano,355996.899771156
4332,99967.67562159423,19603.666179081098,2471.42,Micro,359232.77727842337
4333,41137.934014593295,9822.757485222577,2739.68,Mega,251990.24283368143
4334,68220.26833927153,18630.689525733334,2588.69,Nano,183138.9553151783
4335,21742.093518212347,14576.477076301751,6166.02,Mega,158664.57201186742
4336,41750.77672304705,16960.17880775074,1984.36,Micro,143549.75502907182
4337,36238.24163419321,30846.775725212745,6194.42,Mega,183312.37998357462
4338,59017.812850021146,13686.674531529334,2471.37,Nano,199392.76717746106
4339,-3445.9964409840068,-961.4783304783018,504.87,Mega,99626.44628714392
4340,72929.910589216,38246.110624994486,6036.19,Micro,308307.34948707983
4341,56265.61879994488,1955.5885344627986,3454.08,Nano,76778.01286698764
4342,61169.01935215941,24723.676145826445,4384.6,Micro,179687.54090890498
4343,49800.22736456806,9792.3126071783,827.43,Nano,238742.602669061
4344,25917.062001095634,7015.414106683983,2536.89,Macro,55954.325468728566
4345,41845.24354425221,11002.59510035505,976.36,Mega,166714.7691343421
4346,35712.56893981385,23461.758458155407,1261.53,Micro,140086.74509956496
4347,59536.755329977255,22370.784199245063,1576.26,Macro,217870.29999163322
4348,32236.88710940652,17316.896940228136,3066.07,Nano,228058.58130856586
4349,80388.27964150376,35787.18848012609,10127.67,Mega,323406.87592897366
4350,56138.102326931534,9964.816409830928,939.0,Nano,176062.85828387528
4351,111466.2173323996,26299.77142167563,2839.12,Mega,318474.9330147426
4352,97156.82301805995,29740.14073194044,5525.46,Mega,329074.84474515007
4353,40478.61832154417,19792.63985626554,2183.08,Mega,257284.7804817228
4354,98724.42265791731,23117.20679675588,8143.66,Nano,248042.79921341426
4355,75974.32657098882,22348.44154985286,4851.29,Macro,280354.43850285443
4356,53713.81390035988,20122.17965942911,1832.81,Micro,298426.0271016034
4357,21634.33696482842,4326.405790829114,1239.99,Nano,66981.68749375736
4358,9529.328126080678,8085.346862791643,691.0,Macro,158222.0739154746
4359,55640.25089389579,7935.811441350475,263.53,Nano,154900.63571998448
4360,27498.57997864408,3513.372186590458,1059.99,Macro,161758.9211672834
4361,3776.378270294572,13281.608706401477,805.87,Micro,118310.9421124791
4362,71586.22540852566,8421.467435909923,2032.47,Micro,134618.51985663167
4363,52526.9379389466,8843.89956640463,5827.21,Macro,94867.82309688133
4364,47213.7451115439,13624.820465318558,2889.91,Macro,221141.9998059465
4365,17239.492759997294,15598.891882125306,1837.91,Nano,56400.329888708424
4366,88487.77660225732,22490.61317656609,398.39,Macro,281617.1497519458
4367,21776.6338702859,11844.334732040792,4665.98,Mega,69462.84497176003
4368,98720.39984906353,16793.866401532392,1791.7,Macro,291919.9806689529
4369,87377.96461115018,26140.247810226363,5664.41,Mega,288934.06051254284
4370,102423.38081532039,29577.46353455362,6035.83,Macro,232802.33594024894
4371,42147.86570397724,18634.1411576417,263.19,Macro,78321.13398909717
4372,93622.83924255622,17736.530365077386,6617.74,Macro,242430.18729647214
4373,19624.146032081444,11776.782983249122,30.71,Mega,72619.96130748805
4374,46542.82309562707,21441.202220963107,3796.16,Macro,332236.79374973173
4375,48444.99865319788,24922.09410088483,1262.54,Mega,207231.3810003508
4376,-4449.897675971319,15984.147956400962,3072.57,Macro,100537.52894983167
4377,28581.407522830694,7428.183657000065,4075.48,Mega,128641.81001561909
4378,75260.46298300952,29096.494602407343,6371.89,Micro,328199.89366205846
4379,14327.45923381381,5667.267417676529,572.92,Nano,92007.32615246352
4380,45534.713890831365,7260.160501297544,1454.8,Nano,68511.15290156526
4381,-20107.285261877503,6440.8219647615915,821.6,Macro,126314.0026684985
4382,71316.39372514936,28654.243222596222,3105.81,Nano,256087.53624706197
4383,12832.41476182655,10045.526048944916,5155.8,Macro,11042.822378615136
4384,31216.29240490734,18700.793841452283,3707.87,Micro,125020.55854380116
4385,46957.118419755454,13955.746166405317,2153.0,Mega,127363.2201915826
4386,23640.271735133334,8068.0605840855105,5185.13,Nano,135263.97136460536
4387,67458.33442546368,16595.51274279986,5023.51,Nano,301250.92932527605
4388,16049.285491832714,6303.741394933997,639.04,Mega,107551.97683650332
4389,47006.451356649704,16136.759478621727,5549.61,Macro,218459.38307812152
4390,43006.99458018604,10042.238818774173,503.68,Macro,109783.08790565528
4391,45044.89003892607,17098.156871046267,2496.33,Mega,173783.09894108432
4392,68729.71921987827,12049.525997922854,5385.11,Micro,249952.74756020142
4393,91291.6985778538,45951.39472410721,8104.64,Micro,352271.54249280883
4394,36898.60762683225,9278.83482248725,28.43,Macro,71772.15800916747
4395,99048.4504577386,13666.567675658658,4041.45,Macro,331601.01925655856
4396,77785.33475349117,29686.01776579802,7789.47,Macro,243165.5236416492
4397,61298.59335712488,9651.809863232662,1234.26,Nano,209145.31123983144
4398,41873.726776960146,13607.473714909185,1527.64,Macro,235072.04204856706
4399,45531.941941545854,11683.676886445519,4010.36,Nano,230910.22472611145
4400,45138.21668575257,15934.978584072443,1855.58,Micro,232083.04973517
4401,73988.58229868351,27033.00624781751,5503.5,Macro,233124.73613538052
4402,55860.93130959765,18983.261044266026,3847.0,Mega,195037.6308032715
4404,134782.96005703104,37120.934562900635,2933.49,Mega,217885.72140762128
4405,13663.948749539011,3485.369664624206,1304.03,Nano,88754.53567754405
4406,22218.743732115665,-4666.118780838099,1160.77,Nano,-22386.98677017168
4407,43194.21517747576,30803.13676162918,3794.12,Mega,136117.75942399068
4408,26174.428180874856,3951.641667588223,1622.91,Mega,152874.10622406463
4409,39928.872743535445,4654.592944605873,506.74,Macro,137961.36496965302
4410,76493.05619727891,27853.13443016291,1493.83,Nano,191542.73996284264
4411,31716.393521281036,10745.100111599932,2789.5,Micro,140352.5349795517
4412,2608.1771614555273,14302.516435258367,88.92,Macro,69869.12973195048
4413,18769.954260946353,10763.15703833544,6515.83,Micro,-25090.04892094501
4414,41046.35632413896,-7656.610738303704,3980.32,Mega,49935.79834718129
4415,117388.62713597993,37824.50280366341,7890.91,Micro,280513.19143283315
4416,61871.11926938198,23409.074497228343,349.62,Micro,209382.4590850637
4417,34871.37023233466,3143.5149176419354,1872.74,Nano,134321.24958205168
4418,36706.42806934383,11351.787909659593,830.75,Nano,142432.5183283406
4419,51563.53068362724,14669.644875182586,1258.51,Micro,186145.2474804147
4420,54881.43975399461,12963.079916267547,5212.86,Mega,84138.64557913155
4421,76043.19929407025,22333.826781392083,1232.42,Micro,286729.56964611885
4422,50463.207987177106,27253.83512180794,3213.07,Micro,238883.13650023553
4423,15121.315908703647,4199.522679320774,334.17,Mega,124091.3578366042
4424,76765.2729004968,23847.118632173388,8103.99,Nano,341287.9558661174
4425,4733.215325654572,6314.642816062531,2455.37,Nano,152251.03001033387
4426,12962.522435293165,9051.17291608798,3601.16,Nano,80031.68505437298
4427,46710.800062943774,17641.961215318366,3671.37,Nano,174574.67640406088
4428,95825.86593873003,35885.18262816261,4361.74,Nano,321452.39539663086
4429,98473.24856937995,14353.401146647673,1010.12,Macro,229536.41204352365
4430,63651.34525600351,29388.735379113932,3169.18,Mega,269455.4014342684
4431,74537.4706718079,26917.181105071813,8981.33,Macro,328857.4817985379
4432,-4926.2189267973845,2889.9349830533356,2969.85,Nano,-23213.49056483288
4433,74968.97133644216,17130.49495935495,5518.12,Nano,321955.9293990781
4434,84417.54524412371,27485.1492912247,3438.5,Nano,221265.10428595002
4435,58844.89542886071,13361.426077080307,201.44,Mega,252981.39352777274
4436,48376.95378922705,27641.045098536568,2363.47,Micro,128034.77030781818
4437,8919.32715281063,6514.736436940491,389.3,Mega,2402.1410192457406
4438,83964.13763971657,25255.00324591714,5625.05,Micro,297452.1791523132
4439,2714.133191507529,9669.972563997648,2078.0,Mega,50427.67213142538
4440,16693.44169260482,11305.479609004216,4655.72,Micro,62071.36389131092
4441,100216.73454400893,32438.950824437496,7594.13,Mega,365456.3596589088
4442,72606.40037210638,21027.49904770178,2070.45,Nano,211702.84580633143
4443,81921.54621982333,15779.156530293816,3249.88,Nano,330807.1197867553
4444,68858.77207092132,18204.107205830245,4595.57,Micro,181132.85257997378
4445,41675.97379959495,16607.64526923854,812.18,Mega,146792.59508449017
4446,61781.93328613863,16979.356727699957,6373.31,Micro,228289.83642831325
4447,79595.40486288597,13320.772307154873,391.38,Nano,126386.41319984166
4448,112513.22964078219,33920.28911407296,3778.66,Mega,293233.3268348724
4449,21630.671992737614,7491.912521392286,799.47,Mega,137322.93949918917
4450,43335.108149499196,20203.126602950782,7601.17,Mega,205623.0652024142
4451,53307.38035333554,20678.986670944538,2473.94,Macro,210007.1337002374
4452,43970.5716111079,6980.214761759908,2980.15,Micro,143586.8075980638
4453,-13119.767270707356,4051.549106627629,346.38,Nano,78172.55095447884
4454,14797.59570799601,9167.526128012352,4441.42,Mega,101128.3701552727
4455,16724.898767828934,13990.197061525438,2025.06,Nano,125434.68682198314
4456,85172.74920919011,15521.022285984327,3460.64,Mega,237270.13747690077
4457,45063.61611828266,27886.091113266764,1367.71,Mega,182574.50586952013
4458,87195.14609685494,23623.66503110518,5515.6,Mega,237843.3241425785
4459,36705.842199724386,20049.916549509653,3037.71,Mega,127255.20115539586
4460,65585.4448773333,32331.67636640963,2729.65,Macro,313583.2015929522
4461,48417.52710571347,32712.80144857461,3644.55,Micro,290672.3401581679
4462,20667.128512355583,10447.296825395724,2853.75,Mega,98602.54792400807
4463,68281.75555132118,27581.910472386855,6174.29,Mega,239474.9636732081
4464,19765.254517528614,6601.78404521743,1384.55,Mega,128420.98812943441
4465,51695.71240136248,6356.7047256258065,2079.44,Macro,93600.2094271951
4466,91021.84659828378,36097.37586814895,4995.09,Mega,330560.11214789783
4467,17176.677557742718,16755.550639524776,1258.41,Macro,121876.56696961762
4468,80030.80274819786,26612.82573972447,5328.29,Micro,297815.7169116146
4469,48754.26014282715,13370.12562848077,6555.53,Nano,246711.58795221825
4470,76769.39047164,24174.784518627344,2915.71,Nano,209860.6646728514
4471,54764.74926256764,8938.735847637892,1482.34,Mega,62394.786705554914
4472,69031.4136143142,24290.533220074398,8051.0,Mega,152200.10195216606
4473,43113.58505898723,14991.697177952807,5193.19,Mega,181825.83388207437
4474,27561.19424267215,21442.683580860627,3442.71,Micro,141581.24829151435
4475,109147.13159549501,23488.599005632248,4301.51,Nano,302442.9827299218
4476,47708.69333715441,14462.891261144428,14.59,Macro,174000.00549320475
4477,9936.2695883884,6745.468762493336,2035.3,Mega,-26014.168604266233
4478,42348.94276806372,6349.408794153683,455.4,Nano,45464.872281760996
4479,-506.02261577449826,-4019.263865925468,2679.15,Micro,51479.322996333285
4480,35316.003060681775,4395.642698686588,1512.7,Macro,150455.21090657974
4481,17162.97064254817,7574.9292131456505,802.28,Micro,70541.99870675044
4482,67297.35952190614,18951.09671574508,414.47,Micro,274779.2337040398
4483,54820.64600005875,22712.125630228347,2946.46,Macro,237254.18685210354
4484,37997.44104804768,19021.160232639748,4458.74,Macro,217467.19573763417
4485,54224.631220436415,6708.921270369101,2910.34,Mega,100404.647227386
4486,70797.28846914873,28309.547787823743,5778.26,Mega,282951.22735218535
4487,33762.49939888134,7715.410754241771,2298.75,Mega,179700.25224438048
4488,81494.72729430796,15247.96134740796,7643.73,Mega,142790.20568478742
4489,29449.77648606443,13817.101892324958,906.72,Micro,121493.69839267984
4490,77147.80220129795,25753.70472779796,2021.94,Nano,292524.53279676003
4491,58242.87732886746,28221.980215266405,3253.22,Macro,375664.688757414
4492,47270.252725612736,20172.419052372083,2215.64,Macro,267257.52308805194
4493,43690.807790471954,13138.284540333436,2977.33,Mega,179039.39857370345
4494,5709.591417175171,9555.222808585546,326.3,Macro,4566.734086766002
4495,55949.63064204053,11307.520285554185,1428.84,Nano,157106.32118492186
4496,1514.0984559116514,12944.53185082656,2807.3,Macro,58949.93665849887
4497,67409.74817746469,8284.890406524544,898.71,Micro,190700.53801949992
4498,15136.28055404709,3810.1291423750954,1174.83,Mega,164943.00064110203
4499,96969.9778994652,25694.723500782886,3370.6,Nano,319179.2916627215
4500,50675.798508185864,22684.464555721654,2482.62,Nano,178789.4605453406
4501,61897.25189454954,9934.691155701737,3635.76,Nano,79706.89092703187
4502,54058.796202445665,16820.22535162726,4819.28,Mega,137136.2188957418
4503,48719.97523706064,10113.861095786911,4060.54,Micro,127639.51606283679
4504,60106.2411592617,9597.618132504958,1864.17,Micro,313106.2896058965
4505,46990.08373030356,11284.031728678421,545.96,Micro,144567.13910217467
4506,59177.22167615575,19139.97137946037,4340.84,Mega,118716.75146014804
4507,34520.94969690021,2714.4038507363275,1313.16,Micro,31734.83010058835
4508,22150.81631837419,29070.27883669186,1209.02,Mega,113345.44116512779
4509,43415.73852759882,11586.967889263118,1986.84,Micro,134856.82888834446
4510,24075.96915258886,2936.8011402219663,1782.79,Nano,90618.95937703237
4511,36289.335320022044,21391.16258256449,1233.97,Mega,6681.117363070778
4512,79161.86375825944,24326.630631526506,4144.92,Macro,269253.4415290377
4513,27960.741171575904,15725.855089841925,4362.04,Mega,176143.3542472617
4514,68568.54977659142,31773.05964701515,3995.95,Mega,211731.14072968593
4515,60071.43572501297,9550.030508059832,2482.91,Nano,213092.6364870256
4516,67319.19156105968,6081.450087001603,830.31,Macro,213001.3666490275
4517,69196.85509168309,20377.58657679051,2173.28,Nano,295192.5675230037
4518,13661.078129394595,-1947.6260518027725,1314.76,Mega,37210.19118142644
4519,22456.292590036646,4269.884514479915,10.19,Micro,16323.66902844678
4520,54268.961588196194,17732.83264396918,4805.36,Mega,318241.94090704096
4521,35817.46870918354,22502.6718265757,169.47,Mega,246151.23371972435
4522,40428.58534181082,17754.068293114076,7556.93,Nano,75970.5917355739
4523,54256.814592503215,21859.719240504623,1153.59,Macro,98462.11169436765
4524,54290.06605305965,13273.550907558318,3124.23,Micro,94443.59791782002
4525,50246.56223757023,18389.025490874712,2410.22,Macro,267484.4056459088
4526,82095.34237481715,13370.989279725547,539.96,Macro,253054.07989713096
4527,4893.389502199672,12329.161114646951,3252.63,Mega,58690.827642851924
4528,58229.73762236824,16450.33002054859,3787.46,Micro,227348.44540250392
4529,100890.90073149279,32356.35659121626,7522.56,Macro,420716.8842879483
4530,78546.44878249982,25395.218948838716,2542.53,Mega,235070.14459964653
4531,52054.33612642304,30503.019497067125,4222.9,Mega,172865.20720744273
4533,15321.320211109885,5437.995693411553,2762.77,Nano,99570.87304616813
4534,16974.71930329393,-3416.937909801414,301.15,Micro,89317.890582479
4535,61566.632353051114,31096.36848298026,5092.53,Macro,243072.97156610657
4536,58688.97133657863,28558.438508632677,3808.18,Macro,241133.26760711605
4537,95844.95084561936,26695.163826154643,2805.84,Macro,382943.8957036918
4538,122755.91679905752,34092.27779874023,4288.75,Macro,388220.4527174554
4539,14398.229061307506,498.29451441928563,1485.68,Micro,121324.02986125255
4540,8504.61449994934,4757.669294677963,563.12,Mega,11091.381035509454
4541,80078.7076327549,-3756.4542328624184,717.09,Micro,86916.72399836424
4542,56660.97906535383,19476.86128885738,6545.57,Nano,282957.3192083627
4543,32388.70158758408,21167.232269672662,5096.19,Micro,147982.70295145566
4544,90502.55000281057,15654.171192674323,1940.87,Macro,266474.5738780792
4545,51076.567452822965,15874.615519738232,5046.55,Micro,126285.01873493817
